{"Records":[{"eventVersion":"1.09","userIdentity":{"type":"IAMUser","principalId":"AIDAZI2LCYXNLENAY2IQ3","arn":"arn:aws:iam::637423240666:user/dev","accountId":"637423240666","accessKeyId":"AKIAZI2LCYXNH4OISNEW","userName":"dev"},"eventTime":"2024-07-17T05:43:37Z","eventSource":"iam.amazonaws.com","eventName":"GetPolicy","awsRegion":"us-east-1","sourceIPAddress":"8.29.230.19","userAgent":"APN/1.0 HashiCorp/1.0 Terraform/1.3.7 (+https://www.terraform.io) terraform-provider-aws/5.57.0 (+https://registry.terraform.io/providers/hashicorp/aws) aws-sdk-go-v2/1.30.1 os/linux lang/go#1.22.4 md/GOOS#linux md/GOARCH#amd64 api/iam#1.34.1","requestParameters":{"policyArn":"arn:aws:iam::637423240666:policy/iam_policy_for_compiler_role"},"responseElements":null,"requestID":"cf8708d8-d67e-4c72-8d6a-c8e7629d8aa5","eventID":"be1b22be-db88-45e5-9ed1-2d3785d174ea","readOnly":true,"eventType":"AwsApiCall","managementEvent":true,"recipientAccountId":"637423240666","eventCategory":"Management","tlsDetails":{"tlsVersion":"TLSv1.3","cipherSuite":"TLS_AES_128_GCM_SHA256","clientProvidedHostHeader":"iam.amazonaws.com"}},{"eventVersion":"1.09","userIdentity":{"type":"IAMUser","principalId":"AIDAZI2LCYXNLENAY2IQ3","arn":"arn:aws:iam::637423240666:user/dev","accountId":"637423240666","accessKeyId":"AKIAZI2LCYXNH4OISNEW","userName":"dev"},"eventTime":"2024-07-17T05:43:37Z","eventSource":"iam.amazonaws.com","eventName":"GetRole","awsRegion":"us-east-1","sourceIPAddress":"8.29.230.19","userAgent":"APN/1.0 HashiCorp/1.0 Terraform/1.3.7 (+https://www.terraform.io) terraform-provider-aws/5.57.0 (+https://registry.terraform.io/providers/hashicorp/aws) aws-sdk-go-v2/1.30.1 os/linux lang/go#1.22.4 md/GOOS#linux md/GOARCH#amd64 api/iam#1.34.1","requestParameters":{"roleName":"mewonitoring-lambda-test"},"responseElements":null,"requestID":"e95950d0-2ad7-4a3b-ba33-c939e35f2227","eventID":"5b12c023-2795-4ca1-8173-0f4ac9a5f27a","readOnly":true,"eventType":"AwsApiCall","managementEvent":true,"recipientAccountId":"637423240666","eventCategory":"Management","tlsDetails":{"tlsVersion":"TLSv1.3","cipherSuite":"TLS_AES_128_GCM_SHA256","clientProvidedHostHeader":"iam.amazonaws.com"}},{"eventVersion":"1.09","userIdentity":{"type":"IAMUser","principalId":"AIDAZI2LCYXNLENAY2IQ3","arn":"arn:aws:iam::637423240666:user/dev","accountId":"637423240666","accessKeyId":"AKIAZI2LCYXNH4OISNEW","userName":"dev"},"eventTime":"2024-07-17T05:43:37Z","eventSource":"iam.amazonaws.com","eventName":"ListRolePolicies","awsRegion":"us-east-1","sourceIPAddress":"8.29.230.19","userAgent":"APN/1.0 HashiCorp/1.0 Terraform/1.3.7 (+https://www.terraform.io) terraform-provider-aws/5.57.0 (+https://registry.terraform.io/providers/hashicorp/aws) m/C aws-sdk-go-v2/1.30.1 os/linux lang/go#1.22.4 md/GOOS#linux md/GOARCH#amd64 api/iam#1.34.1","requestParameters":{"roleName":"cloudtrail_role"},"responseElements":null,"requestID":"b056bb49-61a0-4471-87d3-828ceab0d97b","eventID":"52604530-d3bc-4424-acda-6be99dba0c70","readOnly":true,"eventType":"AwsApiCall","managementEvent":true,"recipientAccountId":"637423240666","eventCategory":"Management","tlsDetails":{"tlsVersion":"TLSv1.3","cipherSuite":"TLS_AES_128_GCM_SHA256","clientProvidedHostHeader":"iam.amazonaws.com"}},{"eventVersion":"1.09","userIdentity":{"type":"IAMUser","principalId":"AIDAZI2LCYXNLENAY2IQ3","arn":"arn:aws:iam::637423240666:user/dev","accountId":"637423240666","accessKeyId":"AKIAZI2LCYXNH4OISNEW","userName":"dev"},"eventTime":"2024-07-17T05:43:37Z","eventSource":"iam.amazonaws.com","eventName":"GetRole","awsRegion":"us-east-1","sourceIPAddress":"8.29.230.19","userAgent":"APN/1.0 HashiCorp/1.0 Terraform/1.3.7 (+https://www.terraform.io) terraform-provider-aws/5.57.0 (+https://registry.terraform.io/providers/hashicorp/aws) aws-sdk-go-v2/1.30.1 os/linux lang/go#1.22.4 md/GOOS#linux md/GOARCH#amd64 api/iam#1.34.1","requestParameters":{"roleName":"processor_lambda_role"},"responseElements":null,"requestID":"a0d51b10-f990-4713-8b18-1c4d78b70843","eventID":"d8900f4f-44a8-4c22-b727-ba59a3ea1ed1","readOnly":true,"eventType":"AwsApiCall","managementEvent":true,"recipientAccountId":"637423240666","eventCategory":"Management","tlsDetails":{"tlsVersion":"TLSv1.3","cipherSuite":"TLS_AES_128_GCM_SHA256","clientProvidedHostHeader":"iam.amazonaws.com"}},{"eventVersion":"1.09","userIdentity":{"type":"IAMUser","principalId":"AIDAZI2LCYXNLENAY2IQ3","arn":"arn:aws:iam::637423240666:user/dev","accountId":"637423240666","accessKeyId":"AKIAZI2LCYXNH4OISNEW","userName":"dev"},"eventTime":"2024-07-17T05:43:37Z","eventSource":"iam.amazonaws.com","eventName":"GetPolicy","awsRegion":"us-east-1","sourceIPAddress":"8.29.230.19","userAgent":"APN/1.0 HashiCorp/1.0 Terraform/1.3.7 (+https://www.terraform.io) terraform-provider-aws/5.57.0 (+https://registry.terraform.io/providers/hashicorp/aws) aws-sdk-go-v2/1.30.1 os/linux lang/go#1.22.4 md/GOOS#linux md/GOARCH#amd64 api/iam#1.34.1","requestParameters":{"policyArn":"arn:aws:iam::637423240666:policy/iam-policy-for-meownitoring-role"},"responseElements":null,"requestID":"26dce73b-544c-45b3-b7e6-52abe7c6bb17","eventID":"da32808c-82bf-43c6-bee3-346692f14643","readOnly":true,"eventType":"AwsApiCall","managementEvent":true,"recipientAccountId":"637423240666","eventCategory":"Management","tlsDetails":{"tlsVersion":"TLSv1.3","cipherSuite":"TLS_AES_128_GCM_SHA256","clientProvidedHostHeader":"iam.amazonaws.com"}},{"eventVersion":"1.09","userIdentity":{"type":"IAMUser","principalId":"AIDAZI2LCYXNLENAY2IQ3","arn":"arn:aws:iam::637423240666:user/dev","accountId":"637423240666","accessKeyId":"AKIAZI2LCYXNH4OISNEW","userName":"dev"},"eventTime":"2024-07-17T05:43:37Z","eventSource":"iam.amazonaws.com","eventName":"GetRole","awsRegion":"us-east-1","sourceIPAddress":"8.29.230.19","userAgent":"APN/1.0 HashiCorp/1.0 Terraform/1.3.7 (+https://www.terraform.io) terraform-provider-aws/5.57.0 (+https://registry.terraform.io/providers/hashicorp/aws) aws-sdk-go-v2/1.30.1 os/linux lang/go#1.22.4 md/GOOS#linux md/GOARCH#amd64 api/iam#1.34.1","requestParameters":{"roleName":"cloudtrail_role"},"responseElements":null,"requestID":"06dcd025-3c1e-49ff-9d09-d99262acbc29","eventID":"427cca65-843f-4e8b-ba03-494922defe28","readOnly":true,"eventType":"AwsApiCall","managementEvent":true,"recipientAccountId":"637423240666","eventCategory":"Management","tlsDetails":{"tlsVersion":"TLSv1.3","cipherSuite":"TLS_AES_128_GCM_SHA256","clientProvidedHostHeader":"iam.amazonaws.com"}},{"eventVersion":"1.09","userIdentity":{"type":"IAMUser","principalId":"AIDAZI2LCYXNLENAY2IQ3","arn":"arn:aws:iam::637423240666:user/dev","accountId":"637423240666","accessKeyId":"AKIAZI2LCYXNH4OISNEW","userName":"dev"},"eventTime":"2024-07-17T05:43:37Z","eventSource":"iam.amazonaws.com","eventName":"GetRole","awsRegion":"us-east-1","sourceIPAddress":"8.29.230.19","userAgent":"APN/1.0 HashiCorp/1.0 Terraform/1.3.7 (+https://www.terraform.io) terraform-provider-aws/5.57.0 (+https://registry.terraform.io/providers/hashicorp/aws) aws-sdk-go-v2/1.30.1 os/linux lang/go#1.22.4 md/GOOS#linux md/GOARCH#amd64 api/iam#1.34.1","requestParameters":{"roleName":"meownitoring-lambda-role"},"responseElements":null,"requestID":"a7c8cd47-0e8c-442e-aa26-3d33867abaff","eventID":"eb275d63-c1bd-46fa-acea-e2a2ab52dcde","readOnly":true,"eventType":"AwsApiCall","managementEvent":true,"recipientAccountId":"637423240666","eventCategory":"Management","tlsDetails":{"tlsVersion":"TLSv1.3","cipherSuite":"TLS_AES_128_GCM_SHA256","clientProvidedHostHeader":"iam.amazonaws.com"}},{"eventVersion":"1.09","userIdentity":{"type":"IAMUser","principalId":"AIDAZI2LCYXNLENAY2IQ3","arn":"arn:aws:iam::637423240666:user/dev","accountId":"637423240666","accessKeyId":"AKIAZI2LCYXNH4OISNEW","userName":"dev"},"eventTime":"2024-07-17T05:43:38Z","eventSource":"iam.amazonaws.com","eventName":"ListRolePolicies","awsRegion":"us-east-1","sourceIPAddress":"8.29.230.19","userAgent":"APN/1.0 HashiCorp/1.0 Terraform/1.3.7 (+https://www.terraform.io) terraform-provider-aws/5.57.0 (+https://registry.terraform.io/providers/hashicorp/aws) m/C aws-sdk-go-v2/1.30.1 os/linux lang/go#1.22.4 md/GOOS#linux md/GOARCH#amd64 api/iam#1.34.1","requestParameters":{"roleName":"mewonitoring-lambda-test"},"responseElements":null,"requestID":"8cd51bf6-8552-45d1-9b6a-58f74646c1fe","eventID":"f74f5c35-ec30-4b3c-b205-3dedf5ad6377","readOnly":true,"eventType":"AwsApiCall","managementEvent":true,"recipientAccountId":"637423240666","eventCategory":"Management","tlsDetails":{"tlsVersion":"TLSv1.3","cipherSuite":"TLS_AES_128_GCM_SHA256","clientProvidedHostHeader":"iam.amazonaws.com"}},{"eventVersion":"1.09","userIdentity":{"type":"IAMUser","principalId":"AIDAZI2LCYXNLENAY2IQ3","arn":"arn:aws:iam::637423240666:user/dev","accountId":"637423240666","accessKeyId":"AKIAZI2LCYXNH4OISNEW","userName":"dev"},"eventTime":"2024-07-17T05:43:37Z","eventSource":"iam.amazonaws.com","eventName":"GetPolicy","awsRegion":"us-east-1","sourceIPAddress":"8.29.230.19","userAgent":"APN/1.0 HashiCorp/1.0 Terraform/1.3.7 (+https://www.terraform.io) terraform-provider-aws/5.57.0 (+https://registry.terraform.io/providers/hashicorp/aws) aws-sdk-go-v2/1.30.1 os/linux lang/go#1.22.4 md/GOOS#linux md/GOARCH#amd64 api/iam#1.34.1","requestParameters":{"policyArn":"arn:aws:iam::637423240666:policy/debug_policy"},"responseElements":null,"requestID":"7491c0b3-f792-4c1f-b3a9-86ef798943f3","eventID":"aeb92d41-121a-4b30-982c-4c654abc493b","readOnly":true,"eventType":"AwsApiCall","managementEvent":true,"recipientAccountId":"637423240666","eventCategory":"Management","tlsDetails":{"tlsVersion":"TLSv1.3","cipherSuite":"TLS_AES_128_GCM_SHA256","clientProvidedHostHeader":"iam.amazonaws.com"}},{"eventVersion":"1.09","userIdentity":{"type":"IAMUser","principalId":"AIDAZI2LCYXNLENAY2IQ3","arn":"arn:aws:iam::637423240666:user/dev","accountId":"637423240666","accessKeyId":"AKIAZI2LCYXNH4OISNEW","userName":"dev"},"eventTime":"2024-07-17T05:43:37Z","eventSource":"iam.amazonaws.com","eventName":"GetPolicyVersion","awsRegion":"us-east-1","sourceIPAddress":"8.29.230.19","userAgent":"APN/1.0 HashiCorp/1.0 Terraform/1.3.7 (+https://www.terraform.io) terraform-provider-aws/5.57.0 (+https://registry.terraform.io/providers/hashicorp/aws) aws-sdk-go-v2/1.30.1 os/linux lang/go#1.22.4 md/GOOS#linux md/GOARCH#amd64 api/iam#1.34.1","requestParameters":{"policyArn":"arn:aws:iam::637423240666:policy/debug_policy","versionId":"v1"},"responseElements":null,"requestID":"9b4e5c9e-2858-45a2-b41f-3ed6816bd272","eventID":"b180f58d-2392-425b-92c7-c34f48009678","readOnly":true,"eventType":"AwsApiCall","managementEvent":true,"recipientAccountId":"637423240666","eventCategory":"Management","tlsDetails":{"tlsVersion":"TLSv1.3","cipherSuite":"TLS_AES_128_GCM_SHA256","clientProvidedHostHeader":"iam.amazonaws.com"}},{"eventVersion":"1.09","userIdentity":{"type":"IAMUser","principalId":"AIDAZI2LCYXNLENAY2IQ3","arn":"arn:aws:iam::637423240666:user/dev","accountId":"637423240666","accessKeyId":"AKIAZI2LCYXNH4OISNEW","userName":"dev"},"eventTime":"2024-07-17T05:43:38Z","eventSource":"iam.amazonaws.com","eventName":"ListRolePolicies","awsRegion":"us-east-1","sourceIPAddress":"8.29.230.19","userAgent":"APN/1.0 HashiCorp/1.0 Terraform/1.3.7 (+https://www.terraform.io) terraform-provider-aws/5.57.0 (+https://registry.terraform.io/providers/hashicorp/aws) m/C aws-sdk-go-v2/1.30.1 os/linux lang/go#1.22.4 md/GOOS#linux md/GOARCH#amd64 api/iam#1.34.1","requestParameters":{"roleName":"compiler_lambda_role"},"responseElements":null,"requestID":"f20626fa-017e-48ae-b73c-97bd1de70d4d","eventID":"63ef4214-17ca-4117-a531-87eef8cef204","readOnly":true,"eventType":"AwsApiCall","managementEvent":true,"recipientAccountId":"637423240666","eventCategory":"Management","tlsDetails":{"tlsVersion":"TLSv1.3","cipherSuite":"TLS_AES_128_GCM_SHA256","clientProvidedHostHeader":"iam.amazonaws.com"}},{"eventVersion":"1.09","userIdentity":{"type":"IAMUser","principalId":"AIDAZI2LCYXNLENAY2IQ3","arn":"arn:aws:iam::637423240666:user/dev","accountId":"637423240666","accessKeyId":"AKIAZI2LCYXNH4OISNEW","userName":"dev"},"eventTime":"2024-07-17T05:43:38Z","eventSource":"iam.amazonaws.com","eventName":"ListAttachedRolePolicies","awsRegion":"us-east-1","sourceIPAddress":"8.29.230.19","userAgent":"APN/1.0 HashiCorp/1.0 Terraform/1.3.7 (+https://www.terraform.io) terraform-provider-aws/5.57.0 (+https://registry.terraform.io/providers/hashicorp/aws) m/C aws-sdk-go-v2/1.30.1 os/linux lang/go#1.22.4 md/GOOS#linux md/GOARCH#amd64 api/iam#1.34.1","requestParameters":{"roleName":"processor_lambda_role"},"responseElements":null,"requestID":"97a36b79-6eaf-4879-81ad-8a9c605ac431","eventID":"a4ec475b-1410-4f19-aab0-512d9f7fd6b8","readOnly":true,"eventType":"AwsApiCall","managementEvent":true,"recipientAccountId":"637423240666","eventCategory":"Management","tlsDetails":{"tlsVersion":"TLSv1.3","cipherSuite":"TLS_AES_128_GCM_SHA256","clientProvidedHostHeader":"iam.amazonaws.com"}},{"eventVersion":"1.09","userIdentity":{"type":"IAMUser","principalId":"AIDAZI2LCYXNLENAY2IQ3","arn":"arn:aws:iam::637423240666:user/dev","accountId":"637423240666","accessKeyId":"AKIAZI2LCYXNH4OISNEW","userName":"dev"},"eventTime":"2024-07-17T05:43:37Z","eventSource":"iam.amazonaws.com","eventName":"GetPolicy","awsRegion":"us-east-1","sourceIPAddress":"8.29.230.19","userAgent":"APN/1.0 HashiCorp/1.0 Terraform/1.3.7 (+https://www.terraform.io) terraform-provider-aws/5.57.0 (+https://registry.terraform.io/providers/hashicorp/aws) aws-sdk-go-v2/1.30.1 os/linux lang/go#1.22.4 md/GOOS#linux md/GOARCH#amd64 api/iam#1.34.1","requestParameters":{"policyArn":"arn:aws:iam::637423240666:policy/iam_policy_for_cloudtrail_role"},"responseElements":null,"requestID":"abbf7b76-712f-456b-95d6-7d2ab9c91cca","eventID":"360ff808-4713-4518-9350-7fc8d9b83540","readOnly":true,"eventType":"AwsApiCall","managementEvent":true,"recipientAccountId":"637423240666","eventCategory":"Management","tlsDetails":{"tlsVersion":"TLSv1.3","cipherSuite":"TLS_AES_128_GCM_SHA256","clientProvidedHostHeader":"iam.amazonaws.com"}},{"eventVersion":"1.09","userIdentity":{"type":"IAMUser","principalId":"AIDAZI2LCYXNLENAY2IQ3","arn":"arn:aws:iam::637423240666:user/dev","accountId":"637423240666","accessKeyId":"AKIAZI2LCYXNH4OISNEW","userName":"dev"},"eventTime":"2024-07-17T05:43:38Z","eventSource":"iam.amazonaws.com","eventName":"ListRolePolicies","awsRegion":"us-east-1","sourceIPAddress":"8.29.230.19","userAgent":"APN/1.0 HashiCorp/1.0 Terraform/1.3.7 (+https://www.terraform.io) terraform-provider-aws/5.57.0 (+https://registry.terraform.io/providers/hashicorp/aws) m/C aws-sdk-go-v2/1.30.1 os/linux lang/go#1.22.4 md/GOOS#linux md/GOARCH#amd64 api/iam#1.34.1","requestParameters":{"roleName":"meownitoring-lambda-role"},"responseElements":null,"requestID":"671bbabe-0967-4b94-9b03-2c97031cf3ba","eventID":"0aa6a201-0da2-413a-b7f9-235316f07f02","readOnly":true,"eventType":"AwsApiCall","managementEvent":true,"recipientAccountId":"637423240666","eventCategory":"Management","tlsDetails":{"tlsVersion":"TLSv1.3","cipherSuite":"TLS_AES_128_GCM_SHA256","clientProvidedHostHeader":"iam.amazonaws.com"}},{"eventVersion":"1.09","userIdentity":{"type":"IAMUser","principalId":"AIDAZI2LCYXNLENAY2IQ3","arn":"arn:aws:iam::637423240666:user/dev","accountId":"637423240666","accessKeyId":"AKIAZI2LCYXNH4OISNEW","userName":"dev"},"eventTime":"2024-07-17T05:43:37Z","eventSource":"iam.amazonaws.com","eventName":"GetUser","awsRegion":"us-east-1","sourceIPAddress":"8.29.230.19","userAgent":"APN/1.0 HashiCorp/1.0 Terraform/1.3.7 (+https://www.terraform.io) terraform-provider-aws/5.57.0 (+https://registry.terraform.io/providers/hashicorp/aws) aws-sdk-go-v2/1.30.1 os/linux lang/go#1.22.4 md/GOOS#linux md/GOARCH#amd64 api/iam#1.34.1","requestParameters":{"userName":"debug"},"responseElements":null,"requestID":"d900da66-d423-40ac-9f49-bce84e5fef6e","eventID":"02f7ccf1-4690-4435-b187-31cdbaa2cfa9","readOnly":true,"eventType":"AwsApiCall","managementEvent":true,"recipientAccountId":"637423240666","eventCategory":"Management","tlsDetails":{"tlsVersion":"TLSv1.3","cipherSuite":"TLS_AES_128_GCM_SHA256","clientProvidedHostHeader":"iam.amazonaws.com"}},{"eventVersion":"1.09","userIdentity":{"type":"IAMUser","principalId":"AIDAZI2LCYXNLENAY2IQ3","arn":"arn:aws:iam::637423240666:user/dev","accountId":"637423240666","accessKeyId":"AKIAZI2LCYXNH4OISNEW","userName":"dev"},"eventTime":"2024-07-17T05:43:38Z","eventSource":"iam.amazonaws.com","eventName":"GetPolicyVersion","awsRegion":"us-east-1","sourceIPAddress":"8.29.230.19","userAgent":"APN/1.0 HashiCorp/1.0 Terraform/1.3.7 (+https://www.terraform.io) terraform-provider-aws/5.57.0 (+https://registry.terraform.io/providers/hashicorp/aws) aws-sdk-go-v2/1.30.1 os/linux lang/go#1.22.4 md/GOOS#linux md/GOARCH#amd64 api/iam#1.34.1","requestParameters":{"policyArn":"arn:aws:iam::637423240666:policy/iam-policy-for-meownitoring-role","versionId":"v1"},"responseElements":null,"requestID":"bc5f710d-82cd-4317-b6cf-236345f4c731","eventID":"a80ede2b-52b0-4265-b6df-7c30297c2289","readOnly":true,"eventType":"AwsApiCall","managementEvent":true,"recipientAccountId":"637423240666","eventCategory":"Management","tlsDetails":{"tlsVersion":"TLSv1.3","cipherSuite":"TLS_AES_128_GCM_SHA256","clientProvidedHostHeader":"iam.amazonaws.com"}},{"eventVersion":"1.09","userIdentity":{"type":"IAMUser","principalId":"AIDAZI2LCYXNLENAY2IQ3","arn":"arn:aws:iam::637423240666:user/dev","accountId":"637423240666","accessKeyId":"AKIAZI2LCYXNH4OISNEW","userName":"dev"},"eventTime":"2024-07-17T05:43:38Z","eventSource":"iam.amazonaws.com","eventName":"ListAttachedRolePolicies","awsRegion":"us-east-1","sourceIPAddress":"8.29.230.19","userAgent":"APN/1.0 HashiCorp/1.0 Terraform/1.3.7 (+https://www.terraform.io) terraform-provider-aws/5.57.0 (+https://registry.terraform.io/providers/hashicorp/aws) m/C aws-sdk-go-v2/1.30.1 os/linux lang/go#1.22.4 md/GOOS#linux md/GOARCH#amd64 api/iam#1.34.1","requestParameters":{"roleName":"mewonitoring-lambda-test"},"responseElements":null,"requestID":"1af504d0-3201-473d-8393-726c57d875c5","eventID":"9d013682-658b-427a-a81e-82260443d65c","readOnly":true,"eventType":"AwsApiCall","managementEvent":true,"recipientAccountId":"637423240666","eventCategory":"Management","tlsDetails":{"tlsVersion":"TLSv1.3","cipherSuite":"TLS_AES_128_GCM_SHA256","clientProvidedHostHeader":"iam.amazonaws.com"}},{"eventVersion":"1.09","userIdentity":{"type":"IAMUser","principalId":"AIDAZI2LCYXNLENAY2IQ3","arn":"arn:aws:iam::637423240666:user/dev","accountId":"637423240666","accessKeyId":"AKIAZI2LCYXNH4OISNEW","userName":"dev"},"eventTime":"2024-07-17T05:43:38Z","eventSource":"iam.amazonaws.com","eventName":"ListAttachedRolePolicies","awsRegion":"us-east-1","sourceIPAddress":"8.29.230.19","userAgent":"APN/1.0 HashiCorp/1.0 Terraform/1.3.7 (+https://www.terraform.io) terraform-provider-aws/5.57.0 (+https://registry.terraform.io/providers/hashicorp/aws) m/C aws-sdk-go-v2/1.30.1 os/linux lang/go#1.22.4 md/GOOS#linux md/GOARCH#amd64 api/iam#1.34.1","requestParameters":{"roleName":"cloudtrail_role"},"responseElements":null,"requestID":"e147c3cf-723f-4427-b981-a29de597f086","eventID":"ce61b2c5-3a7f-4432-95ca-6939b93432b4","readOnly":true,"eventType":"AwsApiCall","managementEvent":true,"recipientAccountId":"637423240666","eventCategory":"Management","tlsDetails":{"tlsVersion":"TLSv1.3","cipherSuite":"TLS_AES_128_GCM_SHA256","clientProvidedHostHeader":"iam.amazonaws.com"}},{"eventVersion":"1.09","userIdentity":{"type":"IAMUser","principalId":"AIDAZI2LCYXNLENAY2IQ3","arn":"arn:aws:iam::637423240666:user/dev","accountId":"637423240666","accessKeyId":"AKIAZI2LCYXNH4OISNEW","userName":"dev"},"eventTime":"2024-07-17T05:43:37Z","eventSource":"iam.amazonaws.com","eventName":"GetRole","awsRegion":"us-east-1","sourceIPAddress":"8.29.230.19","userAgent":"APN/1.0 HashiCorp/1.0 Terraform/1.3.7 (+https://www.terraform.io) terraform-provider-aws/5.57.0 (+https://registry.terraform.io/providers/hashicorp/aws) aws-sdk-go-v2/1.30.1 os/linux lang/go#1.22.4 md/GOOS#linux md/GOARCH#amd64 api/iam#1.34.1","requestParameters":{"roleName":"compiler_lambda_role"},"responseElements":null,"requestID":"3b0a2367-f3ef-4749-8cd9-3fd373731ff5","eventID":"05289c19-3ffc-4f40-a3bd-6a8602b9a49e","readOnly":true,"eventType":"AwsApiCall","managementEvent":true,"recipientAccountId":"637423240666","eventCategory":"Management","tlsDetails":{"tlsVersion":"TLSv1.3","cipherSuite":"TLS_AES_128_GCM_SHA256","clientProvidedHostHeader":"iam.amazonaws.com"}},{"eventVersion":"1.09","userIdentity":{"type":"IAMUser","principalId":"AIDAZI2LCYXNLENAY2IQ3","arn":"arn:aws:iam::637423240666:user/dev","accountId":"637423240666","accessKeyId":"AKIAZI2LCYXNH4OISNEW","userName":"dev"},"eventTime":"2024-07-17T05:43:38Z","eventSource":"iam.amazonaws.com","eventName":"GetPolicyVersion","awsRegion":"us-east-1","sourceIPAddress":"8.29.230.19","userAgent":"APN/1.0 HashiCorp/1.0 Terraform/1.3.7 (+https://www.terraform.io) terraform-provider-aws/5.57.0 (+https://registry.terraform.io/providers/hashicorp/aws) aws-sdk-go-v2/1.30.1 os/linux lang/go#1.22.4 md/GOOS#linux md/GOARCH#amd64 api/iam#1.34.1","requestParameters":{"policyArn":"arn:aws:iam::637423240666:policy/iam_policy_for_compiler_role","versionId":"v1"},"responseElements":null,"requestID":"66d6df48-d858-44b5-8298-b20805f1d11f","eventID":"fbe18e62-74f9-4cb7-9d71-58e3fd3e13a6","readOnly":true,"eventType":"AwsApiCall","managementEvent":true,"recipientAccountId":"637423240666","eventCategory":"Management","tlsDetails":{"tlsVersion":"TLSv1.3","cipherSuite":"TLS_AES_128_GCM_SHA256","clientProvidedHostHeader":"iam.amazonaws.com"}},{"eventVersion":"1.09","userIdentity":{"type":"IAMUser","principalId":"AIDAZI2LCYXNLENAY2IQ3","arn":"arn:aws:iam::637423240666:user/dev","accountId":"637423240666","accessKeyId":"AKIAZI2LCYXNH4OISNEW","userName":"dev"},"eventTime":"2024-07-17T05:43:38Z","eventSource":"iam.amazonaws.com","eventName":"GetPolicy","awsRegion":"us-east-1","sourceIPAddress":"8.29.230.19","userAgent":"APN/1.0 HashiCorp/1.0 Terraform/1.3.7 (+https://www.terraform.io) terraform-provider-aws/5.57.0 (+https://registry.terraform.io/providers/hashicorp/aws) aws-sdk-go-v2/1.30.1 os/linux lang/go#1.22.4 md/GOOS#linux md/GOARCH#amd64 api/iam#1.34.1","requestParameters":{"policyArn":"arn:aws:iam::637423240666:policy/iam_policy_for_processor_role"},"responseElements":null,"requestID":"ae935c89-09f5-4646-84ab-334d6556ee28","eventID":"548f738b-8f13-4a2c-96ee-0ee1284b3e57","readOnly":true,"eventType":"AwsApiCall","managementEvent":true,"recipientAccountId":"637423240666","eventCategory":"Management","tlsDetails":{"tlsVersion":"TLSv1.3","cipherSuite":"TLS_AES_128_GCM_SHA256","clientProvidedHostHeader":"iam.amazonaws.com"}},{"eventVersion":"1.09","userIdentity":{"type":"IAMUser","principalId":"AIDAZI2LCYXNLENAY2IQ3","arn":"arn:aws:iam::637423240666:user/dev","accountId":"637423240666","accessKeyId":"AKIAZI2LCYXNH4OISNEW","userName":"dev"},"eventTime":"2024-07-17T05:43:38Z","eventSource":"iam.amazonaws.com","eventName":"ListRolePolicies","awsRegion":"us-east-1","sourceIPAddress":"8.29.230.19","userAgent":"APN/1.0 HashiCorp/1.0 Terraform/1.3.7 (+https://www.terraform.io) terraform-provider-aws/5.57.0 (+https://registry.terraform.io/providers/hashicorp/aws) m/C aws-sdk-go-v2/1.30.1 os/linux lang/go#1.22.4 md/GOOS#linux md/GOARCH#amd64 api/iam#1.34.1","requestParameters":{"roleName":"processor_lambda_role"},"responseElements":null,"requestID":"1a48d5ca-a48e-4704-bf9f-4d3b4559b25b","eventID":"8099be4e-b6d7-494f-a52b-a2abecda9e49","readOnly":true,"eventType":"AwsApiCall","managementEvent":true,"recipientAccountId":"637423240666","eventCategory":"Management","tlsDetails":{"tlsVersion":"TLSv1.3","cipherSuite":"TLS_AES_128_GCM_SHA256","clientProvidedHostHeader":"iam.amazonaws.com"}},{"eventVersion":"1.09","userIdentity":{"type":"IAMUser","principalId":"AIDAZI2LCYXNLENAY2IQ3","arn":"arn:aws:iam::637423240666:user/dev","accountId":"637423240666","accessKeyId":"AKIAZI2LCYXNH4OISNEW","userName":"dev"},"eventTime":"2024-07-17T05:43:38Z","eventSource":"iam.amazonaws.com","eventName":"GetPolicyVersion","awsRegion":"us-east-1","sourceIPAddress":"8.29.230.19","userAgent":"APN/1.0 HashiCorp/1.0 Terraform/1.3.7 (+https://www.terraform.io) terraform-provider-aws/5.57.0 (+https://registry.terraform.io/providers/hashicorp/aws) aws-sdk-go-v2/1.30.1 os/linux lang/go#1.22.4 md/GOOS#linux md/GOARCH#amd64 api/iam#1.34.1","requestParameters":{"policyArn":"arn:aws:iam::637423240666:policy/iam_policy_for_cloudtrail_role","versionId":"v1"},"responseElements":null,"requestID":"3d5a23b7-9eb9-48ca-9dd3-5608611923df","eventID":"50da3171-f032-465f-8034-23e847bcb44a","readOnly":true,"eventType":"AwsApiCall","managementEvent":true,"recipientAccountId":"637423240666","eventCategory":"Management","tlsDetails":{"tlsVersion":"TLSv1.3","cipherSuite":"TLS_AES_128_GCM_SHA256","clientProvidedHostHeader":"iam.amazonaws.com"}},{"eventVersion":"1.09","userIdentity":{"type":"IAMUser","principalId":"AIDAZI2LCYXNLENAY2IQ3","arn":"arn:aws:iam::637423240666:user/dev","accountId":"637423240666","accessKeyId":"AKIAZI2LCYXNH4OISNEW","userName":"dev"},"eventTime":"2024-07-17T05:43:39Z","eventSource":"iam.amazonaws.com","eventName":"GetPolicyVersion","awsRegion":"us-east-1","sourceIPAddress":"8.29.230.19","userAgent":"APN/1.0 HashiCorp/1.0 Terraform/1.3.7 (+https://www.terraform.io) terraform-provider-aws/5.57.0 (+https://registry.terraform.io/providers/hashicorp/aws) aws-sdk-go-v2/1.30.1 os/linux lang/go#1.22.4 md/GOOS#linux md/GOARCH#amd64 api/iam#1.34.1","requestParameters":{"policyArn":"arn:aws:iam::637423240666:policy/iam_policy_for_processor_role","versionId":"v1"},"responseElements":null,"requestID":"e51f8af7-bb98-402a-9756-b4e73ee5dc67","eventID":"6296965b-9a5c-4add-8b9d-f601356e4df2","readOnly":true,"eventType":"AwsApiCall","managementEvent":true,"recipientAccountId":"637423240666","eventCategory":"Management","tlsDetails":{"tlsVersion":"TLSv1.3","cipherSuite":"TLS_AES_128_GCM_SHA256","clientProvidedHostHeader":"iam.amazonaws.com"}},{"eventVersion":"1.09","userIdentity":{"type":"IAMUser","principalId":"AIDAZI2LCYXNLENAY2IQ3","arn":"arn:aws:iam::637423240666:user/dev","accountId":"637423240666","accessKeyId":"AKIAZI2LCYXNH4OISNEW","userName":"dev"},"eventTime":"2024-07-17T05:43:39Z","eventSource":"iam.amazonaws.com","eventName":"ListAttachedRolePolicies","awsRegion":"us-east-1","sourceIPAddress":"8.29.230.19","userAgent":"APN/1.0 HashiCorp/1.0 Terraform/1.3.7 (+https://www.terraform.io) terraform-provider-aws/5.57.0 (+https://registry.terraform.io/providers/hashicorp/aws) m/C aws-sdk-go-v2/1.30.1 os/linux lang/go#1.22.4 md/GOOS#linux md/GOARCH#amd64 api/iam#1.34.1","requestParameters":{"roleName":"mewonitoring-lambda-test"},"responseElements":null,"requestID":"30f8be22-bc0b-474a-b7ed-5b9943f3c163","eventID":"429759e7-5031-430c-8a06-225245d904f4","readOnly":true,"eventType":"AwsApiCall","managementEvent":true,"recipientAccountId":"637423240666","eventCategory":"Management","tlsDetails":{"tlsVersion":"TLSv1.3","cipherSuite":"TLS_AES_128_GCM_SHA256","clientProvidedHostHeader":"iam.amazonaws.com"}},{"eventVersion":"1.09","userIdentity":{"type":"IAMUser","principalId":"AIDAZI2LCYXNLENAY2IQ3","arn":"arn:aws:iam::637423240666:user/dev","accountId":"637423240666","accessKeyId":"AKIAZI2LCYXNH4OISNEW","userName":"dev"},"eventTime":"2024-07-17T05:43:39Z","eventSource":"iam.amazonaws.com","eventName":"ListAttachedRolePolicies","awsRegion":"us-east-1","sourceIPAddress":"8.29.230.19","userAgent":"APN/1.0 HashiCorp/1.0 Terraform/1.3.7 (+https://www.terraform.io) terraform-provider-aws/5.57.0 (+https://registry.terraform.io/providers/hashicorp/aws) m/C aws-sdk-go-v2/1.30.1 os/linux lang/go#1.22.4 md/GOOS#linux md/GOARCH#amd64 api/iam#1.34.1","requestParameters":{"roleName":"mewonitoring-lambda-test"},"responseElements":null,"requestID":"d54a0831-8b1d-48dc-a430-e04213f5aa9a","eventID":"40c73183-9f9f-4486-9dcf-f9fea65ae685","readOnly":true,"eventType":"AwsApiCall","managementEvent":true,"recipientAccountId":"637423240666","eventCategory":"Management","tlsDetails":{"tlsVersion":"TLSv1.3","cipherSuite":"TLS_AES_128_GCM_SHA256","clientProvidedHostHeader":"iam.amazonaws.com"}},{"eventVersion":"1.09","userIdentity":{"type":"IAMUser","principalId":"AIDAZI2LCYXNLENAY2IQ3","arn":"arn:aws:iam::637423240666:user/dev","accountId":"637423240666","accessKeyId":"AKIAZI2LCYXNH4OISNEW","userName":"dev"},"eventTime":"2024-07-17T05:43:38Z","eventSource":"iam.amazonaws.com","eventName":"ListAttachedRolePolicies","awsRegion":"us-east-1","sourceIPAddress":"8.29.230.19","userAgent":"APN/1.0 HashiCorp/1.0 Terraform/1.3.7 (+https://www.terraform.io) terraform-provider-aws/5.57.0 (+https://registry.terraform.io/providers/hashicorp/aws) m/C aws-sdk-go-v2/1.30.1 os/linux lang/go#1.22.4 md/GOOS#linux md/GOARCH#amd64 api/iam#1.34.1","requestParameters":{"roleName":"meownitoring-lambda-role"},"responseElements":null,"requestID":"3f20f598-d6ff-4498-b18b-3669c809f45b","eventID":"ef1fdd86-6c08-4d7f-9ff8-56983a6ddbb1","readOnly":true,"eventType":"AwsApiCall","managementEvent":true,"recipientAccountId":"637423240666","eventCategory":"Management","tlsDetails":{"tlsVersion":"TLSv1.3","cipherSuite":"TLS_AES_128_GCM_SHA256","clientProvidedHostHeader":"iam.amazonaws.com"}},{"eventVersion":"1.09","userIdentity":{"type":"IAMUser","principalId":"AIDAZI2LCYXNLENAY2IQ3","arn":"arn:aws:iam::637423240666:user/dev","accountId":"637423240666","accessKeyId":"AKIAZI2LCYXNH4OISNEW","userName":"dev"},"eventTime":"2024-07-17T05:43:38Z","eventSource":"iam.amazonaws.com","eventName":"ListAttachedRolePolicies","awsRegion":"us-east-1","sourceIPAddress":"8.29.230.19","userAgent":"APN/1.0 HashiCorp/1.0 Terraform/1.3.7 (+https://www.terraform.io) terraform-provider-aws/5.57.0 (+https://registry.terraform.io/providers/hashicorp/aws) m/C aws-sdk-go-v2/1.30.1 os/linux lang/go#1.22.4 md/GOOS#linux md/GOARCH#amd64 api/iam#1.34.1","requestParameters":{"roleName":"compiler_lambda_role"},"responseElements":null,"requestID":"a1cdd759-bd19-4192-b0b8-78fd194aee97","eventID":"2d8b5a21-4abf-424e-88d0-8d6f2ee3b065","readOnly":true,"eventType":"AwsApiCall","managementEvent":true,"recipientAccountId":"637423240666","eventCategory":"Management","tlsDetails":{"tlsVersion":"TLSv1.3","cipherSuite":"TLS_AES_128_GCM_SHA256","clientProvidedHostHeader":"iam.amazonaws.com"}},{"eventVersion":"1.09","userIdentity":{"type":"IAMUser","principalId":"AIDAZI2LCYXNLENAY2IQ3","arn":"arn:aws:iam::637423240666:user/dev","accountId":"637423240666","accessKeyId":"AKIAZI2LCYXNH4OISNEW","userName":"dev"},"eventTime":"2024-07-17T05:43:39Z","eventSource":"iam.amazonaws.com","eventName":"ListAttachedRolePolicies","awsRegion":"us-east-1","sourceIPAddress":"8.29.230.19","userAgent":"APN/1.0 HashiCorp/1.0 Terraform/1.3.7 (+https://www.terraform.io) terraform-provider-aws/5.57.0 (+https://registry.terraform.io/providers/hashicorp/aws) m/C aws-sdk-go-v2/1.30.1 os/linux lang/go#1.22.4 md/GOOS#linux md/GOARCH#amd64 api/iam#1.34.1","requestParameters":{"roleName":"cloudtrail_role"},"responseElements":null,"requestID":"c5bc4cd9-d664-430f-bb4f-ff00a719dec2","eventID":"12653b72-9401-41cf-837f-2d9606198bf1","readOnly":true,"eventType":"AwsApiCall","managementEvent":true,"recipientAccountId":"637423240666","eventCategory":"Management","tlsDetails":{"tlsVersion":"TLSv1.3","cipherSuite":"TLS_AES_128_GCM_SHA256","clientProvidedHostHeader":"iam.amazonaws.com"}},{"eventVersion":"1.09","userIdentity":{"type":"IAMUser","principalId":"AIDAZI2LCYXNLENAY2IQ3","arn":"arn:aws:iam::637423240666:user/dev","accountId":"637423240666","accessKeyId":"AKIAZI2LCYXNH4OISNEW","userName":"dev"},"eventTime":"2024-07-17T05:43:39Z","eventSource":"iam.amazonaws.com","eventName":"ListAttachedRolePolicies","awsRegion":"us-east-1","sourceIPAddress":"8.29.230.19","userAgent":"APN/1.0 HashiCorp/1.0 Terraform/1.3.7 (+https://www.terraform.io) terraform-provider-aws/5.57.0 (+https://registry.terraform.io/providers/hashicorp/aws) m/C aws-sdk-go-v2/1.30.1 os/linux lang/go#1.22.4 md/GOOS#linux md/GOARCH#amd64 api/iam#1.34.1","requestParameters":{"roleName":"meownitoring-lambda-role"},"responseElements":null,"requestID":"8ab74dd6-fd1b-4760-982b-5099488ba943","eventID":"69a38bbb-964c-4a9e-b227-8799a30a7871","readOnly":true,"eventType":"AwsApiCall","managementEvent":true,"recipientAccountId":"637423240666","eventCategory":"Management","tlsDetails":{"tlsVersion":"TLSv1.3","cipherSuite":"TLS_AES_128_GCM_SHA256","clientProvidedHostHeader":"iam.amazonaws.com"}},{"eventVersion":"1.09","userIdentity":{"type":"IAMUser","principalId":"AIDAZI2LCYXNLENAY2IQ3","arn":"arn:aws:iam::637423240666:user/dev","accountId":"637423240666","accessKeyId":"AKIAZI2LCYXNH4OISNEW","userName":"dev"},"eventTime":"2024-07-17T05:43:39Z","eventSource":"iam.amazonaws.com","eventName":"ListAttachedRolePolicies","awsRegion":"us-east-1","sourceIPAddress":"8.29.230.19","userAgent":"APN/1.0 HashiCorp/1.0 Terraform/1.3.7 (+https://www.terraform.io) terraform-provider-aws/5.57.0 (+https://registry.terraform.io/providers/hashicorp/aws) m/C aws-sdk-go-v2/1.30.1 os/linux lang/go#1.22.4 md/GOOS#linux md/GOARCH#amd64 api/iam#1.34.1","requestParameters":{"roleName":"compiler_lambda_role"},"responseElements":null,"requestID":"910571df-a136-4410-85be-409bbabff680","eventID":"fee2518e-0f46-40b5-9106-d81ccbf02950","readOnly":true,"eventType":"AwsApiCall","managementEvent":true,"recipientAccountId":"637423240666","eventCategory":"Management","tlsDetails":{"tlsVersion":"TLSv1.3","cipherSuite":"TLS_AES_128_GCM_SHA256","clientProvidedHostHeader":"iam.amazonaws.com"}},{"eventVersion":"1.09","userIdentity":{"type":"IAMUser","principalId":"AIDAZI2LCYXNLENAY2IQ3","arn":"arn:aws:iam::637423240666:user/dev","accountId":"637423240666","accessKeyId":"AKIAZI2LCYXNH4OISNEW","userName":"dev"},"eventTime":"2024-07-17T05:43:39Z","eventSource":"iam.amazonaws.com","eventName":"GetPolicyVersion","awsRegion":"us-east-1","sourceIPAddress":"8.29.230.19","userAgent":"APN/1.0 HashiCorp/1.0 Terraform/1.3.7 (+https://www.terraform.io) terraform-provider-aws/5.57.0 (+https://registry.terraform.io/providers/hashicorp/aws) aws-sdk-go-v2/1.30.1 os/linux lang/go#1.22.4 md/GOOS#linux md/GOARCH#amd64 api/iam#1.34.1","requestParameters":{"policyArn":"arn:aws:iam::637423240666:policy/iam-policy-for-meownitoring-role-test","versionId":"v1"},"responseElements":null,"requestID":"ab20942f-0a62-48cd-9016-4bb89c02e0a9","eventID":"7a0e62fc-cd91-4291-843e-3a076baf3218","readOnly":true,"eventType":"AwsApiCall","managementEvent":true,"recipientAccountId":"637423240666","eventCategory":"Management","tlsDetails":{"tlsVersion":"TLSv1.3","cipherSuite":"TLS_AES_128_GCM_SHA256","clientProvidedHostHeader":"iam.amazonaws.com"}},{"eventVersion":"1.09","userIdentity":{"type":"IAMUser","principalId":"AIDAZI2LCYXNLENAY2IQ3","arn":"arn:aws:iam::637423240666:user/dev","accountId":"637423240666","accessKeyId":"AKIAZI2LCYXNH4OISNEW","userName":"dev"},"eventTime":"2024-07-17T05:43:39Z","eventSource":"iam.amazonaws.com","eventName":"ListAttachedRolePolicies","awsRegion":"us-east-1","sourceIPAddress":"8.29.230.19","userAgent":"APN/1.0 HashiCorp/1.0 Terraform/1.3.7 (+https://www.terraform.io) terraform-provider-aws/5.57.0 (+https://registry.terraform.io/providers/hashicorp/aws) m/C aws-sdk-go-v2/1.30.1 os/linux lang/go#1.22.4 md/GOOS#linux md/GOARCH#amd64 api/iam#1.34.1","requestParameters":{"roleName":"processor_lambda_role"},"responseElements":null,"requestID":"e9a6b986-0180-4d6a-aa91-c37974ca6116","eventID":"d3e6cfc4-806d-4378-a975-e8707b246b07","readOnly":true,"eventType":"AwsApiCall","managementEvent":true,"recipientAccountId":"637423240666","eventCategory":"Management","tlsDetails":{"tlsVersion":"TLSv1.3","cipherSuite":"TLS_AES_128_GCM_SHA256","clientProvidedHostHeader":"iam.amazonaws.com"}},{"eventVersion":"1.09","userIdentity":{"type":"IAMUser","principalId":"AIDAZI2LCYXNLENAY2IQ3","arn":"arn:aws:iam::637423240666:user/dev","accountId":"637423240666","accessKeyId":"AKIAZI2LCYXNH4OISNEW","userName":"dev"},"eventTime":"2024-07-17T05:43:39Z","eventSource":"iam.amazonaws.com","eventName":"ListAccessKeys","awsRegion":"us-east-1","sourceIPAddress":"8.29.230.19","userAgent":"APN/1.0 HashiCorp/1.0 Terraform/1.3.7 (+https://www.terraform.io) terraform-provider-aws/5.57.0 (+https://registry.terraform.io/providers/hashicorp/aws) m/C aws-sdk-go-v2/1.30.1 os/linux lang/go#1.22.4 md/GOOS#linux md/GOARCH#amd64 api/iam#1.34.1","requestParameters":{"userName":"debug"},"responseElements":null,"requestID":"1cd9374c-4082-460c-b11c-8d9e4e2e39c3","eventID":"c29e936d-86fd-4e85-b13f-f62cb8bb2180","readOnly":true,"eventType":"AwsApiCall","managementEvent":true,"recipientAccountId":"637423240666","eventCategory":"Management","tlsDetails":{"tlsVersion":"TLSv1.3","cipherSuite":"TLS_AES_128_GCM_SHA256","clientProvidedHostHeader":"iam.amazonaws.com"}},{"eventVersion":"1.09","userIdentity":{"type":"IAMUser","principalId":"AIDAZI2LCYXNLENAY2IQ3","arn":"arn:aws:iam::637423240666:user/dev","accountId":"637423240666","accessKeyId":"AKIAZI2LCYXNH4OISNEW","userName":"dev"},"eventTime":"2024-07-17T05:43:39Z","eventSource":"iam.amazonaws.com","eventName":"ListAttachedUserPolicies","awsRegion":"us-east-1","sourceIPAddress":"8.29.230.19","userAgent":"APN/1.0 HashiCorp/1.0 Terraform/1.3.7 (+https://www.terraform.io) terraform-provider-aws/5.57.0 (+https://registry.terraform.io/providers/hashicorp/aws) m/C aws-sdk-go-v2/1.30.1 os/linux lang/go#1.22.4 md/GOOS#linux md/GOARCH#amd64 api/iam#1.34.1","requestParameters":{"userName":"debug"},"responseElements":null,"requestID":"689a7020-4fef-4529-a30e-53297ffc3a66","eventID":"b70a461b-857f-4994-825d-5835246e9183","readOnly":true,"eventType":"AwsApiCall","managementEvent":true,"recipientAccountId":"637423240666","eventCategory":"Management","tlsDetails":{"tlsVersion":"TLSv1.3","cipherSuite":"TLS_AES_128_GCM_SHA256","clientProvidedHostHeader":"iam.amazonaws.com"}},{"eventVersion":"1.09","userIdentity":{"type":"IAMUser","principalId":"AIDAZI2LCYXNLENAY2IQ3","arn":"arn:aws:iam::637423240666:user/dev","accountId":"637423240666","accessKeyId":"AKIAZI2LCYXNH4OISNEW","userName":"dev"},"eventTime":"2024-07-17T05:43:38Z","eventSource":"iam.amazonaws.com","eventName":"GetPolicy","awsRegion":"us-east-1","sourceIPAddress":"8.29.230.19","userAgent":"APN/1.0 HashiCorp/1.0 Terraform/1.3.7 (+https://www.terraform.io) terraform-provider-aws/5.57.0 (+https://registry.terraform.io/providers/hashicorp/aws) aws-sdk-go-v2/1.30.1 os/linux lang/go#1.22.4 md/GOOS#linux md/GOARCH#amd64 api/iam#1.34.1","requestParameters":{"policyArn":"arn:aws:iam::637423240666:policy/iam-policy-for-meownitoring-role-test"},"responseElements":null,"requestID":"4c6a82da-1280-4d97-9f17-118526299be8","eventID":"399b4752-db3c-436c-9b26-add3b8d8d0e2","readOnly":true,"eventType":"AwsApiCall","managementEvent":true,"recipientAccountId":"637423240666","eventCategory":"Management","tlsDetails":{"tlsVersion":"TLSv1.3","cipherSuite":"TLS_AES_128_GCM_SHA256","clientProvidedHostHeader":"iam.amazonaws.com"}},{"eventVersion":"1.09","userIdentity":{"type":"IAMUser","principalId":"AIDAZI2LCYXNLENAY2IQ3","arn":"arn:aws:iam::637423240666:user/dev","accountId":"637423240666","accessKeyId":"ASIAZI2LCYXNHNCBVZ6X","userName":"dev","sessionContext":{"attributes":{"creationDate":"2024-07-17T05:43:39Z","mfaAuthenticated":"false"}},"invokedBy":"apigateway.amazonaws.com"},"eventTime":"2024-07-17T05:43:48Z","eventSource":"iam.amazonaws.com","eventName":"CreateServiceLinkedRole","awsRegion":"us-east-1","sourceIPAddress":"apigateway.amazonaws.com","userAgent":"apigateway.amazonaws.com","errorCode":"InvalidInputException","errorMessage":"Service role name AWSServiceRoleForAPIGateway has been taken in this account, please try a different suffix.","requestParameters":{"aWSServiceName":"ops.apigateway.amazonaws.com","description":"The Service Linked Role is used by Amazon API Gateway."},"responseElements":null,"requestID":"fec8a2c0-afb8-4a70-afd4-e5f86649aa43","eventID":"f12fde76-258f-4342-bc68-c52aac087dcd","readOnly":false,"eventType":"AwsApiCall","managementEvent":true,"recipientAccountId":"637423240666","eventCategory":"Management"},{"eventVersion":"1.09","userIdentity":{"type":"IAMUser","principalId":"AIDAZI2LCYXNLENAY2IQ3","arn":"arn:aws:iam::637423240666:user/dev","accountId":"637423240666","accessKeyId":"AKIAZI2LCYXNH4OISNEW","userName":"dev"},"eventTime":"2024-07-17T05:44:27Z","eventSource":"iam.amazonaws.com","eventName":"GetUser","awsRegion":"us-east-1","sourceIPAddress":"8.29.230.19","userAgent":"APN/1.0 HashiCorp/1.0 Terraform/1.3.7 (+https://www.terraform.io) terraform-provider-aws/5.57.0 (+https://registry.terraform.io/providers/hashicorp/aws) aws-sdk-go-v2/1.30.1 os/linux lang/go#1.22.4 md/GOOS#linux md/GOARCH#amd64 api/iam#1.34.1","requestParameters":{"userName":"debug"},"responseElements":null,"requestID":"f8525f99-99ca-4976-8989-7b3eef68b080","eventID":"6f887ed0-44c2-4420-b8d1-925f92770d51","readOnly":true,"eventType":"AwsApiCall","managementEvent":true,"recipientAccountId":"637423240666","eventCategory":"Management","tlsDetails":{"tlsVersion":"TLSv1.3","cipherSuite":"TLS_AES_128_GCM_SHA256","clientProvidedHostHeader":"iam.amazonaws.com"}},{"eventVersion":"1.09","userIdentity":{"type":"IAMUser","principalId":"AIDAZI2LCYXNLENAY2IQ3","arn":"arn:aws:iam::637423240666:user/dev","accountId":"637423240666","accessKeyId":"AKIAZI2LCYXNH4OISNEW","userName":"dev"},"eventTime":"2024-07-17T05:44:27Z","eventSource":"iam.amazonaws.com","eventName":"GetRole","awsRegion":"us-east-1","sourceIPAddress":"8.29.230.19","userAgent":"APN/1.0 HashiCorp/1.0 Terraform/1.3.7 (+https://www.terraform.io) terraform-provider-aws/5.57.0 (+https://registry.terraform.io/providers/hashicorp/aws) aws-sdk-go-v2/1.30.1 os/linux lang/go#1.22.4 md/GOOS#linux md/GOARCH#amd64 api/iam#1.34.1","requestParameters":{"roleName":"cloudtrail_role"},"responseElements":null,"requestID":"7f2ec37d-245c-4412-8c7e-6318ce170dd2","eventID":"bb62e419-85f3-4396-a11e-67df0f8d8699","readOnly":true,"eventType":"AwsApiCall","managementEvent":true,"recipientAccountId":"637423240666","eventCategory":"Management","tlsDetails":{"tlsVersion":"TLSv1.3","cipherSuite":"TLS_AES_128_GCM_SHA256","clientProvidedHostHeader":"iam.amazonaws.com"}},{"eventVersion":"1.09","userIdentity":{"type":"IAMUser","principalId":"AIDAZI2LCYXNLENAY2IQ3","arn":"arn:aws:iam::637423240666:user/dev","accountId":"637423240666","accessKeyId":"AKIAZI2LCYXNH4OISNEW","userName":"dev"},"eventTime":"2024-07-17T05:44:27Z","eventSource":"iam.amazonaws.com","eventName":"GetPolicy","awsRegion":"us-east-1","sourceIPAddress":"8.29.230.19","userAgent":"APN/1.0 HashiCorp/1.0 Terraform/1.3.7 (+https://www.terraform.io) terraform-provider-aws/5.57.0 (+https://registry.terraform.io/providers/hashicorp/aws) aws-sdk-go-v2/1.30.1 os/linux lang/go#1.22.4 md/GOOS#linux md/GOARCH#amd64 api/iam#1.34.1","requestParameters":{"policyArn":"arn:aws:iam::637423240666:policy/debug_policy"},"responseElements":null,"requestID":"fa50de5d-c9d8-405e-9c9e-f359aa769ebb","eventID":"df722885-f577-48f6-ad27-bd6b0d8278df","readOnly":true,"eventType":"AwsApiCall","managementEvent":true,"recipientAccountId":"637423240666","eventCategory":"Management","tlsDetails":{"tlsVersion":"TLSv1.3","cipherSuite":"TLS_AES_128_GCM_SHA256","clientProvidedHostHeader":"iam.amazonaws.com"}},{"eventVersion":"1.09","userIdentity":{"type":"IAMUser","principalId":"AIDAZI2LCYXNLENAY2IQ3","arn":"arn:aws:iam::637423240666:user/dev","accountId":"637423240666","accessKeyId":"AKIAZI2LCYXNH4OISNEW","userName":"dev"},"eventTime":"2024-07-17T05:44:28Z","eventSource":"iam.amazonaws.com","eventName":"ListRolePolicies","awsRegion":"us-east-1","sourceIPAddress":"8.29.230.19","userAgent":"APN/1.0 HashiCorp/1.0 Terraform/1.3.7 (+https://www.terraform.io) terraform-provider-aws/5.57.0 (+https://registry.terraform.io/providers/hashicorp/aws) m/C aws-sdk-go-v2/1.30.1 os/linux lang/go#1.22.4 md/GOOS#linux md/GOARCH#amd64 api/iam#1.34.1","requestParameters":{"roleName":"mewonitoring-lambda-test"},"responseElements":null,"requestID":"533924fa-466c-45b0-a32c-e7191442b4a3","eventID":"73a15433-824a-418f-93f4-08aadd1c2515","readOnly":true,"eventType":"AwsApiCall","managementEvent":true,"recipientAccountId":"637423240666","eventCategory":"Management","tlsDetails":{"tlsVersion":"TLSv1.3","cipherSuite":"TLS_AES_128_GCM_SHA256","clientProvidedHostHeader":"iam.amazonaws.com"}},{"eventVersion":"1.09","userIdentity":{"type":"IAMUser","principalId":"AIDAZI2LCYXNLENAY2IQ3","arn":"arn:aws:iam::637423240666:user/dev","accountId":"637423240666","accessKeyId":"AKIAZI2LCYXNH4OISNEW","userName":"dev"},"eventTime":"2024-07-17T05:44:28Z","eventSource":"iam.amazonaws.com","eventName":"GetPolicyVersion","awsRegion":"us-east-1","sourceIPAddress":"8.29.230.19","userAgent":"APN/1.0 HashiCorp/1.0 Terraform/1.3.7 (+https://www.terraform.io) terraform-provider-aws/5.57.0 (+https://registry.terraform.io/providers/hashicorp/aws) aws-sdk-go-v2/1.30.1 os/linux lang/go#1.22.4 md/GOOS#linux md/GOARCH#amd64 api/iam#1.34.1","requestParameters":{"policyArn":"arn:aws:iam::637423240666:policy/debug_policy","versionId":"v1"},"responseElements":null,"requestID":"208d0ff0-c10a-4346-84c0-412f6015bd51","eventID":"c278b565-cc06-466e-878e-43afba70f77d","readOnly":true,"eventType":"AwsApiCall","managementEvent":true,"recipientAccountId":"637423240666","eventCategory":"Management","tlsDetails":{"tlsVersion":"TLSv1.3","cipherSuite":"TLS_AES_128_GCM_SHA256","clientProvidedHostHeader":"iam.amazonaws.com"}},{"eventVersion":"1.09","userIdentity":{"type":"IAMUser","principalId":"AIDAZI2LCYXNLENAY2IQ3","arn":"arn:aws:iam::637423240666:user/dev","accountId":"637423240666","accessKeyId":"AKIAZI2LCYXNH4OISNEW","userName":"dev"},"eventTime":"2024-07-17T05:44:27Z","eventSource":"iam.amazonaws.com","eventName":"GetRole","awsRegion":"us-east-1","sourceIPAddress":"8.29.230.19","userAgent":"APN/1.0 HashiCorp/1.0 Terraform/1.3.7 (+https://www.terraform.io) terraform-provider-aws/5.57.0 (+https://registry.terraform.io/providers/hashicorp/aws) aws-sdk-go-v2/1.30.1 os/linux lang/go#1.22.4 md/GOOS#linux md/GOARCH#amd64 api/iam#1.34.1","requestParameters":{"roleName":"processor_lambda_role"},"responseElements":null,"requestID":"f58e4647-9f85-4f7e-84a3-8cd0b34dcfd1","eventID":"9759cbb1-f557-4d11-9d61-33c2cee2f5b0","readOnly":true,"eventType":"AwsApiCall","managementEvent":true,"recipientAccountId":"637423240666","eventCategory":"Management","tlsDetails":{"tlsVersion":"TLSv1.3","cipherSuite":"TLS_AES_128_GCM_SHA256","clientProvidedHostHeader":"iam.amazonaws.com"}},{"eventVersion":"1.09","userIdentity":{"type":"IAMUser","principalId":"AIDAZI2LCYXNLENAY2IQ3","arn":"arn:aws:iam::637423240666:user/dev","accountId":"637423240666","accessKeyId":"AKIAZI2LCYXNH4OISNEW","userName":"dev"},"eventTime":"2024-07-17T05:44:27Z","eventSource":"iam.amazonaws.com","eventName":"GetPolicy","awsRegion":"us-east-1","sourceIPAddress":"8.29.230.19","userAgent":"APN/1.0 HashiCorp/1.0 Terraform/1.3.7 (+https://www.terraform.io) terraform-provider-aws/5.57.0 (+https://registry.terraform.io/providers/hashicorp/aws) aws-sdk-go-v2/1.30.1 os/linux lang/go#1.22.4 md/GOOS#linux md/GOARCH#amd64 api/iam#1.34.1","requestParameters":{"policyArn":"arn:aws:iam::637423240666:policy/iam_policy_for_cloudtrail_role"},"responseElements":null,"requestID":"6afaa412-8846-4132-b4a3-89980b6abe57","eventID":"541e8592-d146-4122-ab5c-f4c877ce5f5c","readOnly":true,"eventType":"AwsApiCall","managementEvent":true,"recipientAccountId":"637423240666","eventCategory":"Management","tlsDetails":{"tlsVersion":"TLSv1.3","cipherSuite":"TLS_AES_128_GCM_SHA256","clientProvidedHostHeader":"iam.amazonaws.com"}},{"eventVersion":"1.09","userIdentity":{"type":"IAMUser","principalId":"AIDAZI2LCYXNLENAY2IQ3","arn":"arn:aws:iam::637423240666:user/dev","accountId":"637423240666","accessKeyId":"AKIAZI2LCYXNH4OISNEW","userName":"dev"},"eventTime":"2024-07-17T05:44:28Z","eventSource":"iam.amazonaws.com","eventName":"GetPolicy","awsRegion":"us-east-1","sourceIPAddress":"8.29.230.19","userAgent":"APN/1.0 HashiCorp/1.0 Terraform/1.3.7 (+https://www.terraform.io) terraform-provider-aws/5.57.0 (+https://registry.terraform.io/providers/hashicorp/aws) aws-sdk-go-v2/1.30.1 os/linux lang/go#1.22.4 md/GOOS#linux md/GOARCH#amd64 api/iam#1.34.1","requestParameters":{"policyArn":"arn:aws:iam::637423240666:policy/iam_policy_for_compiler_role"},"responseElements":null,"requestID":"6a6a5896-901e-4377-aa60-61d452252ad6","eventID":"8a62d7fe-6205-4c1d-bc20-df676ac24c5f","readOnly":true,"eventType":"AwsApiCall","managementEvent":true,"recipientAccountId":"637423240666","eventCategory":"Management","tlsDetails":{"tlsVersion":"TLSv1.3","cipherSuite":"TLS_AES_128_GCM_SHA256","clientProvidedHostHeader":"iam.amazonaws.com"}},{"eventVersion":"1.09","userIdentity":{"type":"IAMUser","principalId":"AIDAZI2LCYXNLENAY2IQ3","arn":"arn:aws:iam::637423240666:user/dev","accountId":"637423240666","accessKeyId":"AKIAZI2LCYXNH4OISNEW","userName":"dev"},"eventTime":"2024-07-17T05:44:28Z","eventSource":"iam.amazonaws.com","eventName":"ListRolePolicies","awsRegion":"us-east-1","sourceIPAddress":"8.29.230.19","userAgent":"APN/1.0 HashiCorp/1.0 Terraform/1.3.7 (+https://www.terraform.io) terraform-provider-aws/5.57.0 (+https://registry.terraform.io/providers/hashicorp/aws) m/C aws-sdk-go-v2/1.30.1 os/linux lang/go#1.22.4 md/GOOS#linux md/GOARCH#amd64 api/iam#1.34.1","requestParameters":{"roleName":"compiler_lambda_role"},"responseElements":null,"requestID":"0b48f5b3-c588-4012-8651-c0a05b63e7d2","eventID":"3d43d59e-2938-42e4-9b6a-05fd42496165","readOnly":true,"eventType":"AwsApiCall","managementEvent":true,"recipientAccountId":"637423240666","eventCategory":"Management","tlsDetails":{"tlsVersion":"TLSv1.3","cipherSuite":"TLS_AES_128_GCM_SHA256","clientProvidedHostHeader":"iam.amazonaws.com"}},{"eventVersion":"1.09","userIdentity":{"type":"IAMUser","principalId":"AIDAZI2LCYXNLENAY2IQ3","arn":"arn:aws:iam::637423240666:user/dev","accountId":"637423240666","accessKeyId":"AKIAZI2LCYXNH4OISNEW","userName":"dev"},"eventTime":"2024-07-17T05:44:28Z","eventSource":"iam.amazonaws.com","eventName":"GetPolicy","awsRegion":"us-east-1","sourceIPAddress":"8.29.230.19","userAgent":"APN/1.0 HashiCorp/1.0 Terraform/1.3.7 (+https://www.terraform.io) terraform-provider-aws/5.57.0 (+https://registry.terraform.io/providers/hashicorp/aws) aws-sdk-go-v2/1.30.1 os/linux lang/go#1.22.4 md/GOOS#linux md/GOARCH#amd64 api/iam#1.34.1","requestParameters":{"policyArn":"arn:aws:iam::637423240666:policy/iam-policy-for-meownitoring-role"},"responseElements":null,"requestID":"71754954-5859-41d0-91fa-d8038982552e","eventID":"dea1259b-fa3f-4607-8467-b7ec74c0325a","readOnly":true,"eventType":"AwsApiCall","managementEvent":true,"recipientAccountId":"637423240666","eventCategory":"Management","tlsDetails":{"tlsVersion":"TLSv1.3","cipherSuite":"TLS_AES_128_GCM_SHA256","clientProvidedHostHeader":"iam.amazonaws.com"}},{"eventVersion":"1.09","userIdentity":{"type":"IAMUser","principalId":"AIDAZI2LCYXNLENAY2IQ3","arn":"arn:aws:iam::637423240666:user/dev","accountId":"637423240666","accessKeyId":"AKIAZI2LCYXNH4OISNEW","userName":"dev"},"eventTime":"2024-07-17T05:44:29Z","eventSource":"iam.amazonaws.com","eventName":"ListAttachedRolePolicies","awsRegion":"us-east-1","sourceIPAddress":"8.29.230.19","userAgent":"APN/1.0 HashiCorp/1.0 Terraform/1.3.7 (+https://www.terraform.io) terraform-provider-aws/5.57.0 (+https://registry.terraform.io/providers/hashicorp/aws) m/C aws-sdk-go-v2/1.30.1 os/linux lang/go#1.22.4 md/GOOS#linux md/GOARCH#amd64 api/iam#1.34.1","requestParameters":{"roleName":"compiler_lambda_role"},"responseElements":null,"requestID":"0af723d5-e5c7-4ae3-9898-7bef4ec51451","eventID":"1b0df74d-a01c-485b-9056-a39d60c1dc19","readOnly":true,"eventType":"AwsApiCall","managementEvent":true,"recipientAccountId":"637423240666","eventCategory":"Management","tlsDetails":{"tlsVersion":"TLSv1.3","cipherSuite":"TLS_AES_128_GCM_SHA256","clientProvidedHostHeader":"iam.amazonaws.com"}},{"eventVersion":"1.09","userIdentity":{"type":"IAMUser","principalId":"AIDAZI2LCYXNLENAY2IQ3","arn":"arn:aws:iam::637423240666:user/dev","accountId":"637423240666","accessKeyId":"AKIAZI2LCYXNH4OISNEW","userName":"dev"},"eventTime":"2024-07-17T05:44:28Z","eventSource":"iam.amazonaws.com","eventName":"ListRolePolicies","awsRegion":"us-east-1","sourceIPAddress":"8.29.230.19","userAgent":"APN/1.0 HashiCorp/1.0 Terraform/1.3.7 (+https://www.terraform.io) terraform-provider-aws/5.57.0 (+https://registry.terraform.io/providers/hashicorp/aws) m/C aws-sdk-go-v2/1.30.1 os/linux lang/go#1.22.4 md/GOOS#linux md/GOARCH#amd64 api/iam#1.34.1","requestParameters":{"roleName":"processor_lambda_role"},"responseElements":null,"requestID":"497e1902-708b-4e40-a0e0-d1f38fa8ce66","eventID":"7a858a7c-5efb-43e7-b955-03282cd94663","readOnly":true,"eventType":"AwsApiCall","managementEvent":true,"recipientAccountId":"637423240666","eventCategory":"Management","tlsDetails":{"tlsVersion":"TLSv1.3","cipherSuite":"TLS_AES_128_GCM_SHA256","clientProvidedHostHeader":"iam.amazonaws.com"}},{"eventVersion":"1.09","userIdentity":{"type":"IAMUser","principalId":"AIDAZI2LCYXNLENAY2IQ3","arn":"arn:aws:iam::637423240666:user/dev","accountId":"637423240666","accessKeyId":"AKIAZI2LCYXNH4OISNEW","userName":"dev"},"eventTime":"2024-07-17T05:44:28Z","eventSource":"iam.amazonaws.com","eventName":"ListRolePolicies","awsRegion":"us-east-1","sourceIPAddress":"8.29.230.19","userAgent":"APN/1.0 HashiCorp/1.0 Terraform/1.3.7 (+https://www.terraform.io) terraform-provider-aws/5.57.0 (+https://registry.terraform.io/providers/hashicorp/aws) m/C aws-sdk-go-v2/1.30.1 os/linux lang/go#1.22.4 md/GOOS#linux md/GOARCH#amd64 api/iam#1.34.1","requestParameters":{"roleName":"cloudtrail_role"},"responseElements":null,"requestID":"414bb999-c9a5-43ff-9f0e-b13766a1812e","eventID":"9384caa6-b216-4f7a-b17f-dc2d6dba09e8","readOnly":true,"eventType":"AwsApiCall","managementEvent":true,"recipientAccountId":"637423240666","eventCategory":"Management","tlsDetails":{"tlsVersion":"TLSv1.3","cipherSuite":"TLS_AES_128_GCM_SHA256","clientProvidedHostHeader":"iam.amazonaws.com"}},{"eventVersion":"1.09","userIdentity":{"type":"IAMUser","principalId":"AIDAZI2LCYXNLENAY2IQ3","arn":"arn:aws:iam::637423240666:user/dev","accountId":"637423240666","accessKeyId":"AKIAZI2LCYXNH4OISNEW","userName":"dev"},"eventTime":"2024-07-17T05:44:27Z","eventSource":"iam.amazonaws.com","eventName":"GetRole","awsRegion":"us-east-1","sourceIPAddress":"8.29.230.19","userAgent":"APN/1.0 HashiCorp/1.0 Terraform/1.3.7 (+https://www.terraform.io) terraform-provider-aws/5.57.0 (+https://registry.terraform.io/providers/hashicorp/aws) aws-sdk-go-v2/1.30.1 os/linux lang/go#1.22.4 md/GOOS#linux md/GOARCH#amd64 api/iam#1.34.1","requestParameters":{"roleName":"mewonitoring-lambda-test"},"responseElements":null,"requestID":"ecaae93d-d237-4bae-af53-65a95dc1e132","eventID":"8eec2259-ff37-42f0-89d8-02adedf532bd","readOnly":true,"eventType":"AwsApiCall","managementEvent":true,"recipientAccountId":"637423240666","eventCategory":"Management","tlsDetails":{"tlsVersion":"TLSv1.3","cipherSuite":"TLS_AES_128_GCM_SHA256","clientProvidedHostHeader":"iam.amazonaws.com"}},{"eventVersion":"1.09","userIdentity":{"type":"IAMUser","principalId":"AIDAZI2LCYXNLENAY2IQ3","arn":"arn:aws:iam::637423240666:user/dev","accountId":"637423240666","accessKeyId":"AKIAZI2LCYXNH4OISNEW","userName":"dev"},"eventTime":"2024-07-17T05:44:28Z","eventSource":"iam.amazonaws.com","eventName":"ListAttachedRolePolicies","awsRegion":"us-east-1","sourceIPAddress":"8.29.230.19","userAgent":"APN/1.0 HashiCorp/1.0 Terraform/1.3.7 (+https://www.terraform.io) terraform-provider-aws/5.57.0 (+https://registry.terraform.io/providers/hashicorp/aws) m/C aws-sdk-go-v2/1.30.1 os/linux lang/go#1.22.4 md/GOOS#linux md/GOARCH#amd64 api/iam#1.34.1","requestParameters":{"roleName":"cloudtrail_role"},"responseElements":null,"requestID":"c18021c2-c773-40b6-aa12-f03724cae689","eventID":"14a8a6d3-d53d-4605-a52c-8cc80d1e28b9","readOnly":true,"eventType":"AwsApiCall","managementEvent":true,"recipientAccountId":"637423240666","eventCategory":"Management","tlsDetails":{"tlsVersion":"TLSv1.3","cipherSuite":"TLS_AES_128_GCM_SHA256","clientProvidedHostHeader":"iam.amazonaws.com"}},{"eventVersion":"1.09","userIdentity":{"type":"IAMUser","principalId":"AIDAZI2LCYXNLENAY2IQ3","arn":"arn:aws:iam::637423240666:user/dev","accountId":"637423240666","accessKeyId":"AKIAZI2LCYXNH4OISNEW","userName":"dev"},"eventTime":"2024-07-17T05:44:29Z","eventSource":"iam.amazonaws.com","eventName":"GetPolicyVersion","awsRegion":"us-east-1","sourceIPAddress":"8.29.230.19","userAgent":"APN/1.0 HashiCorp/1.0 Terraform/1.3.7 (+https://www.terraform.io) terraform-provider-aws/5.57.0 (+https://registry.terraform.io/providers/hashicorp/aws) aws-sdk-go-v2/1.30.1 os/linux lang/go#1.22.4 md/GOOS#linux md/GOARCH#amd64 api/iam#1.34.1","requestParameters":{"policyArn":"arn:aws:iam::637423240666:policy/iam_policy_for_processor_role","versionId":"v1"},"responseElements":null,"requestID":"ec995407-4270-4237-b385-17b8482b7658","eventID":"3536e67e-7813-481c-8975-c02c902ca00e","readOnly":true,"eventType":"AwsApiCall","managementEvent":true,"recipientAccountId":"637423240666","eventCategory":"Management","tlsDetails":{"tlsVersion":"TLSv1.3","cipherSuite":"TLS_AES_128_GCM_SHA256","clientProvidedHostHeader":"iam.amazonaws.com"}},{"eventVersion":"1.09","userIdentity":{"type":"IAMUser","principalId":"AIDAZI2LCYXNLENAY2IQ3","arn":"arn:aws:iam::637423240666:user/dev","accountId":"637423240666","accessKeyId":"AKIAZI2LCYXNH4OISNEW","userName":"dev"},"eventTime":"2024-07-17T05:44:29Z","eventSource":"iam.amazonaws.com","eventName":"GetPolicyVersion","awsRegion":"us-east-1","sourceIPAddress":"8.29.230.19","userAgent":"APN/1.0 HashiCorp/1.0 Terraform/1.3.7 (+https://www.terraform.io) terraform-provider-aws/5.57.0 (+https://registry.terraform.io/providers/hashicorp/aws) aws-sdk-go-v2/1.30.1 os/linux lang/go#1.22.4 md/GOOS#linux md/GOARCH#amd64 api/iam#1.34.1","requestParameters":{"policyArn":"arn:aws:iam::637423240666:policy/iam_policy_for_compiler_role","versionId":"v1"},"responseElements":null,"requestID":"47efab7b-2a37-4c59-af38-9c91e00b9873","eventID":"a3088747-0036-4c61-91ae-2219ce455d50","readOnly":true,"eventType":"AwsApiCall","managementEvent":true,"recipientAccountId":"637423240666","eventCategory":"Management","tlsDetails":{"tlsVersion":"TLSv1.3","cipherSuite":"TLS_AES_128_GCM_SHA256","clientProvidedHostHeader":"iam.amazonaws.com"}},{"eventVersion":"1.09","userIdentity":{"type":"IAMUser","principalId":"AIDAZI2LCYXNLENAY2IQ3","arn":"arn:aws:iam::637423240666:user/dev","accountId":"637423240666","accessKeyId":"AKIAZI2LCYXNH4OISNEW","userName":"dev"},"eventTime":"2024-07-17T05:44:29Z","eventSource":"iam.amazonaws.com","eventName":"GetPolicyVersion","awsRegion":"us-east-1","sourceIPAddress":"8.29.230.19","userAgent":"APN/1.0 HashiCorp/1.0 Terraform/1.3.7 (+https://www.terraform.io) terraform-provider-aws/5.57.0 (+https://registry.terraform.io/providers/hashicorp/aws) aws-sdk-go-v2/1.30.1 os/linux lang/go#1.22.4 md/GOOS#linux md/GOARCH#amd64 api/iam#1.34.1","requestParameters":{"policyArn":"arn:aws:iam::637423240666:policy/iam-policy-for-meownitoring-role","versionId":"v1"},"responseElements":null,"requestID":"ef90774a-0233-44aa-9e6a-b840480c8d17","eventID":"83134c25-a52f-4b61-9f79-142182cc9a3f","readOnly":true,"eventType":"AwsApiCall","managementEvent":true,"recipientAccountId":"637423240666","eventCategory":"Management","tlsDetails":{"tlsVersion":"TLSv1.3","cipherSuite":"TLS_AES_128_GCM_SHA256","clientProvidedHostHeader":"iam.amazonaws.com"}},{"eventVersion":"1.09","userIdentity":{"type":"IAMUser","principalId":"AIDAZI2LCYXNLENAY2IQ3","arn":"arn:aws:iam::637423240666:user/dev","accountId":"637423240666","accessKeyId":"AKIAZI2LCYXNH4OISNEW","userName":"dev"},"eventTime":"2024-07-17T05:44:28Z","eventSource":"iam.amazonaws.com","eventName":"GetPolicy","awsRegion":"us-east-1","sourceIPAddress":"8.29.230.19","userAgent":"APN/1.0 HashiCorp/1.0 Terraform/1.3.7 (+https://www.terraform.io) terraform-provider-aws/5.57.0 (+https://registry.terraform.io/providers/hashicorp/aws) aws-sdk-go-v2/1.30.1 os/linux lang/go#1.22.4 md/GOOS#linux md/GOARCH#amd64 api/iam#1.34.1","requestParameters":{"policyArn":"arn:aws:iam::637423240666:policy/iam_policy_for_processor_role"},"responseElements":null,"requestID":"7494f41f-3645-47b0-a68d-fab89cc121e6","eventID":"bbaa0ff9-3217-48df-b310-574cf59e9f99","readOnly":true,"eventType":"AwsApiCall","managementEvent":true,"recipientAccountId":"637423240666","eventCategory":"Management","tlsDetails":{"tlsVersion":"TLSv1.3","cipherSuite":"TLS_AES_128_GCM_SHA256","clientProvidedHostHeader":"iam.amazonaws.com"}},{"eventVersion":"1.09","userIdentity":{"type":"IAMUser","principalId":"AIDAZI2LCYXNLENAY2IQ3","arn":"arn:aws:iam::637423240666:user/dev","accountId":"637423240666","accessKeyId":"AKIAZI2LCYXNH4OISNEW","userName":"dev"},"eventTime":"2024-07-17T05:44:28Z","eventSource":"iam.amazonaws.com","eventName":"ListRolePolicies","awsRegion":"us-east-1","sourceIPAddress":"8.29.230.19","userAgent":"APN/1.0 HashiCorp/1.0 Terraform/1.3.7 (+https://www.terraform.io) terraform-provider-aws/5.57.0 (+https://registry.terraform.io/providers/hashicorp/aws) m/C aws-sdk-go-v2/1.30.1 os/linux lang/go#1.22.4 md/GOOS#linux md/GOARCH#amd64 api/iam#1.34.1","requestParameters":{"roleName":"meownitoring-lambda-role"},"responseElements":null,"requestID":"43c24d9b-5e13-4660-9b8f-d2deefd5ab44","eventID":"a2a3e9bb-5211-4ced-894e-56d70c059f39","readOnly":true,"eventType":"AwsApiCall","managementEvent":true,"recipientAccountId":"637423240666","eventCategory":"Management","tlsDetails":{"tlsVersion":"TLSv1.3","cipherSuite":"TLS_AES_128_GCM_SHA256","clientProvidedHostHeader":"iam.amazonaws.com"}},{"eventVersion":"1.09","userIdentity":{"type":"IAMUser","principalId":"AIDAZI2LCYXNLENAY2IQ3","arn":"arn:aws:iam::637423240666:user/dev","accountId":"637423240666","accessKeyId":"AKIAZI2LCYXNH4OISNEW","userName":"dev"},"eventTime":"2024-07-17T05:44:28Z","eventSource":"iam.amazonaws.com","eventName":"ListAttachedRolePolicies","awsRegion":"us-east-1","sourceIPAddress":"8.29.230.19","userAgent":"APN/1.0 HashiCorp/1.0 Terraform/1.3.7 (+https://www.terraform.io) terraform-provider-aws/5.57.0 (+https://registry.terraform.io/providers/hashicorp/aws) m/C aws-sdk-go-v2/1.30.1 os/linux lang/go#1.22.4 md/GOOS#linux md/GOARCH#amd64 api/iam#1.34.1","requestParameters":{"roleName":"meownitoring-lambda-role"},"responseElements":null,"requestID":"d232a675-d7ee-4665-ab18-8b0b0e86bae7","eventID":"9ea55fae-6886-4cdb-a1b3-60b8ab381de3","readOnly":true,"eventType":"AwsApiCall","managementEvent":true,"recipientAccountId":"637423240666","eventCategory":"Management","tlsDetails":{"tlsVersion":"TLSv1.3","cipherSuite":"TLS_AES_128_GCM_SHA256","clientProvidedHostHeader":"iam.amazonaws.com"}},{"eventVersion":"1.09","userIdentity":{"type":"IAMUser","principalId":"AIDAZI2LCYXNLENAY2IQ3","arn":"arn:aws:iam::637423240666:user/dev","accountId":"637423240666","accessKeyId":"AKIAZI2LCYXNH4OISNEW","userName":"dev"},"eventTime":"2024-07-17T05:44:29Z","eventSource":"iam.amazonaws.com","eventName":"ListAttachedRolePolicies","awsRegion":"us-east-1","sourceIPAddress":"8.29.230.19","userAgent":"APN/1.0 HashiCorp/1.0 Terraform/1.3.7 (+https://www.terraform.io) terraform-provider-aws/5.57.0 (+https://registry.terraform.io/providers/hashicorp/aws) m/C aws-sdk-go-v2/1.30.1 os/linux lang/go#1.22.4 md/GOOS#linux md/GOARCH#amd64 api/iam#1.34.1","requestParameters":{"roleName":"mewonitoring-lambda-test"},"responseElements":null,"requestID":"b45dca02-06e9-44f4-a2bd-ce74e061bf6e","eventID":"6a6e24a9-5cc1-4085-9872-0b98da625d58","readOnly":true,"eventType":"AwsApiCall","managementEvent":true,"recipientAccountId":"637423240666","eventCategory":"Management","tlsDetails":{"tlsVersion":"TLSv1.3","cipherSuite":"TLS_AES_128_GCM_SHA256","clientProvidedHostHeader":"iam.amazonaws.com"}},{"eventVersion":"1.09","userIdentity":{"type":"IAMUser","principalId":"AIDAZI2LCYXNLENAY2IQ3","arn":"arn:aws:iam::637423240666:user/dev","accountId":"637423240666","accessKeyId":"AKIAZI2LCYXNH4OISNEW","userName":"dev"},"eventTime":"2024-07-17T05:44:29Z","eventSource":"iam.amazonaws.com","eventName":"ListAttachedRolePolicies","awsRegion":"us-east-1","sourceIPAddress":"8.29.230.19","userAgent":"APN/1.0 HashiCorp/1.0 Terraform/1.3.7 (+https://www.terraform.io) terraform-provider-aws/5.57.0 (+https://registry.terraform.io/providers/hashicorp/aws) m/C aws-sdk-go-v2/1.30.1 os/linux lang/go#1.22.4 md/GOOS#linux md/GOARCH#amd64 api/iam#1.34.1","requestParameters":{"roleName":"processor_lambda_role"},"responseElements":null,"requestID":"3a8c1342-b7fc-4c67-8c6b-2369aa5363df","eventID":"890a7fca-ecc7-43c2-bcf0-5e61680e917a","readOnly":true,"eventType":"AwsApiCall","managementEvent":true,"recipientAccountId":"637423240666","eventCategory":"Management","tlsDetails":{"tlsVersion":"TLSv1.3","cipherSuite":"TLS_AES_128_GCM_SHA256","clientProvidedHostHeader":"iam.amazonaws.com"}},{"eventVersion":"1.09","userIdentity":{"type":"IAMUser","principalId":"AIDAZI2LCYXNLENAY2IQ3","arn":"arn:aws:iam::637423240666:user/dev","accountId":"637423240666","accessKeyId":"AKIAZI2LCYXNH4OISNEW","userName":"dev"},"eventTime":"2024-07-17T05:44:29Z","eventSource":"iam.amazonaws.com","eventName":"GetPolicyVersion","awsRegion":"us-east-1","sourceIPAddress":"8.29.230.19","userAgent":"APN/1.0 HashiCorp/1.0 Terraform/1.3.7 (+https://www.terraform.io) terraform-provider-aws/5.57.0 (+https://registry.terraform.io/providers/hashicorp/aws) aws-sdk-go-v2/1.30.1 os/linux lang/go#1.22.4 md/GOOS#linux md/GOARCH#amd64 api/iam#1.34.1","requestParameters":{"policyArn":"arn:aws:iam::637423240666:policy/iam-policy-for-meownitoring-role-test","versionId":"v1"},"responseElements":null,"requestID":"5273dba7-b98e-49dc-b109-768aa0847a3b","eventID":"23143019-d339-4dc7-acb8-4b659b951473","readOnly":true,"eventType":"AwsApiCall","managementEvent":true,"recipientAccountId":"637423240666","eventCategory":"Management","tlsDetails":{"tlsVersion":"TLSv1.3","cipherSuite":"TLS_AES_128_GCM_SHA256","clientProvidedHostHeader":"iam.amazonaws.com"}},{"eventVersion":"1.09","userIdentity":{"type":"IAMUser","principalId":"AIDAZI2LCYXNLENAY2IQ3","arn":"arn:aws:iam::637423240666:user/dev","accountId":"637423240666","accessKeyId":"AKIAZI2LCYXNH4OISNEW","userName":"dev"},"eventTime":"2024-07-17T05:44:28Z","eventSource":"iam.amazonaws.com","eventName":"ListAttachedRolePolicies","awsRegion":"us-east-1","sourceIPAddress":"8.29.230.19","userAgent":"APN/1.0 HashiCorp/1.0 Terraform/1.3.7 (+https://www.terraform.io) terraform-provider-aws/5.57.0 (+https://registry.terraform.io/providers/hashicorp/aws) m/C aws-sdk-go-v2/1.30.1 os/linux lang/go#1.22.4 md/GOOS#linux md/GOARCH#amd64 api/iam#1.34.1","requestParameters":{"roleName":"processor_lambda_role"},"responseElements":null,"requestID":"8c811619-a0e4-4c2e-934e-8e96393a3cf1","eventID":"2769eb76-7c77-4f09-a272-ef2a2afae618","readOnly":true,"eventType":"AwsApiCall","managementEvent":true,"recipientAccountId":"637423240666","eventCategory":"Management","tlsDetails":{"tlsVersion":"TLSv1.3","cipherSuite":"TLS_AES_128_GCM_SHA256","clientProvidedHostHeader":"iam.amazonaws.com"}},{"eventVersion":"1.09","userIdentity":{"type":"IAMUser","principalId":"AIDAZI2LCYXNLENAY2IQ3","arn":"arn:aws:iam::637423240666:user/dev","accountId":"637423240666","accessKeyId":"AKIAZI2LCYXNH4OISNEW","userName":"dev"},"eventTime":"2024-07-17T05:44:29Z","eventSource":"iam.amazonaws.com","eventName":"ListAttachedRolePolicies","awsRegion":"us-east-1","sourceIPAddress":"8.29.230.19","userAgent":"APN/1.0 HashiCorp/1.0 Terraform/1.3.7 (+https://www.terraform.io) terraform-provider-aws/5.57.0 (+https://registry.terraform.io/providers/hashicorp/aws) m/C aws-sdk-go-v2/1.30.1 os/linux lang/go#1.22.4 md/GOOS#linux md/GOARCH#amd64 api/iam#1.34.1","requestParameters":{"roleName":"compiler_lambda_role"},"responseElements":null,"requestID":"5f10831f-f7cd-41ba-9831-5daeb8b1f158","eventID":"af08fab5-6564-4d40-a383-7d8e34188cc2","readOnly":true,"eventType":"AwsApiCall","managementEvent":true,"recipientAccountId":"637423240666","eventCategory":"Management","tlsDetails":{"tlsVersion":"TLSv1.3","cipherSuite":"TLS_AES_128_GCM_SHA256","clientProvidedHostHeader":"iam.amazonaws.com"}},{"eventVersion":"1.09","userIdentity":{"type":"IAMUser","principalId":"AIDAZI2LCYXNLENAY2IQ3","arn":"arn:aws:iam::637423240666:user/dev","accountId":"637423240666","accessKeyId":"AKIAZI2LCYXNH4OISNEW","userName":"dev"},"eventTime":"2024-07-17T05:44:29Z","eventSource":"iam.amazonaws.com","eventName":"ListAttachedUserPolicies","awsRegion":"us-east-1","sourceIPAddress":"8.29.230.19","userAgent":"APN/1.0 HashiCorp/1.0 Terraform/1.3.7 (+https://www.terraform.io) terraform-provider-aws/5.57.0 (+https://registry.terraform.io/providers/hashicorp/aws) m/C aws-sdk-go-v2/1.30.1 os/linux lang/go#1.22.4 md/GOOS#linux md/GOARCH#amd64 api/iam#1.34.1","requestParameters":{"userName":"debug"},"responseElements":null,"requestID":"8b1826a8-df78-436d-92b8-e7a6dd9aa67b","eventID":"bcb372e8-92a5-4322-9cb2-6debfbc80c6c","readOnly":true,"eventType":"AwsApiCall","managementEvent":true,"recipientAccountId":"637423240666","eventCategory":"Management","tlsDetails":{"tlsVersion":"TLSv1.3","cipherSuite":"TLS_AES_128_GCM_SHA256","clientProvidedHostHeader":"iam.amazonaws.com"}},{"eventVersion":"1.09","userIdentity":{"type":"IAMUser","principalId":"AIDAZI2LCYXNLENAY2IQ3","arn":"arn:aws:iam::637423240666:user/dev","accountId":"637423240666","accessKeyId":"AKIAZI2LCYXNH4OISNEW","userName":"dev"},"eventTime":"2024-07-17T05:44:29Z","eventSource":"iam.amazonaws.com","eventName":"ListAccessKeys","awsRegion":"us-east-1","sourceIPAddress":"8.29.230.19","userAgent":"APN/1.0 HashiCorp/1.0 Terraform/1.3.7 (+https://www.terraform.io) terraform-provider-aws/5.57.0 (+https://registry.terraform.io/providers/hashicorp/aws) m/C aws-sdk-go-v2/1.30.1 os/linux lang/go#1.22.4 md/GOOS#linux md/GOARCH#amd64 api/iam#1.34.1","requestParameters":{"userName":"debug"},"responseElements":null,"requestID":"a8d444b4-b012-4621-b79b-031d6491a777","eventID":"7f1710e2-0eb3-4b4a-a1fd-06e229a9a493","readOnly":true,"eventType":"AwsApiCall","managementEvent":true,"recipientAccountId":"637423240666","eventCategory":"Management","tlsDetails":{"tlsVersion":"TLSv1.3","cipherSuite":"TLS_AES_128_GCM_SHA256","clientProvidedHostHeader":"iam.amazonaws.com"}},{"eventVersion":"1.09","userIdentity":{"type":"IAMUser","principalId":"AIDAZI2LCYXNLENAY2IQ3","arn":"arn:aws:iam::637423240666:user/dev","accountId":"637423240666","accessKeyId":"AKIAZI2LCYXNH4OISNEW","userName":"dev"},"eventTime":"2024-07-17T05:44:29Z","eventSource":"iam.amazonaws.com","eventName":"ListAttachedRolePolicies","awsRegion":"us-east-1","sourceIPAddress":"8.29.230.19","userAgent":"APN/1.0 HashiCorp/1.0 Terraform/1.3.7 (+https://www.terraform.io) terraform-provider-aws/5.57.0 (+https://registry.terraform.io/providers/hashicorp/aws) m/C aws-sdk-go-v2/1.30.1 os/linux lang/go#1.22.4 md/GOOS#linux md/GOARCH#amd64 api/iam#1.34.1","requestParameters":{"roleName":"meownitoring-lambda-role"},"responseElements":null,"requestID":"e33e275a-7bd2-486e-84a3-6e2efb82a4f4","eventID":"bc5340fc-eda4-48b0-b8c4-f1bcc91633a9","readOnly":true,"eventType":"AwsApiCall","managementEvent":true,"recipientAccountId":"637423240666","eventCategory":"Management","tlsDetails":{"tlsVersion":"TLSv1.3","cipherSuite":"TLS_AES_128_GCM_SHA256","clientProvidedHostHeader":"iam.amazonaws.com"}},{"eventVersion":"1.09","userIdentity":{"type":"IAMUser","principalId":"AIDAZI2LCYXNLENAY2IQ3","arn":"arn:aws:iam::637423240666:user/dev","accountId":"637423240666","accessKeyId":"AKIAZI2LCYXNH4OISNEW","userName":"dev"},"eventTime":"2024-07-17T05:44:29Z","eventSource":"iam.amazonaws.com","eventName":"ListAttachedRolePolicies","awsRegion":"us-east-1","sourceIPAddress":"8.29.230.19","userAgent":"APN/1.0 HashiCorp/1.0 Terraform/1.3.7 (+https://www.terraform.io) terraform-provider-aws/5.57.0 (+https://registry.terraform.io/providers/hashicorp/aws) m/C aws-sdk-go-v2/1.30.1 os/linux lang/go#1.22.4 md/GOOS#linux md/GOARCH#amd64 api/iam#1.34.1","requestParameters":{"roleName":"cloudtrail_role"},"responseElements":null,"requestID":"43915579-89c1-4da9-80b3-8c2ad65133db","eventID":"0b98cb6c-5612-42cc-ab05-0bcf0746dcc9","readOnly":true,"eventType":"AwsApiCall","managementEvent":true,"recipientAccountId":"637423240666","eventCategory":"Management","tlsDetails":{"tlsVersion":"TLSv1.3","cipherSuite":"TLS_AES_128_GCM_SHA256","clientProvidedHostHeader":"iam.amazonaws.com"}},{"eventVersion":"1.09","userIdentity":{"type":"IAMUser","principalId":"AIDAZI2LCYXNLENAY2IQ3","arn":"arn:aws:iam::637423240666:user/dev","accountId":"637423240666","accessKeyId":"AKIAZI2LCYXNH4OISNEW","userName":"dev"},"eventTime":"2024-07-17T05:44:29Z","eventSource":"iam.amazonaws.com","eventName":"ListAttachedRolePolicies","awsRegion":"us-east-1","sourceIPAddress":"8.29.230.19","userAgent":"APN/1.0 HashiCorp/1.0 Terraform/1.3.7 (+https://www.terraform.io) terraform-provider-aws/5.57.0 (+https://registry.terraform.io/providers/hashicorp/aws) m/C aws-sdk-go-v2/1.30.1 os/linux lang/go#1.22.4 md/GOOS#linux md/GOARCH#amd64 api/iam#1.34.1","requestParameters":{"roleName":"mewonitoring-lambda-test"},"responseElements":null,"requestID":"e1c67683-5303-4d40-bc16-b639d4bf6082","eventID":"af90c970-0d89-43d3-8df5-afed8a633806","readOnly":true,"eventType":"AwsApiCall","managementEvent":true,"recipientAccountId":"637423240666","eventCategory":"Management","tlsDetails":{"tlsVersion":"TLSv1.3","cipherSuite":"TLS_AES_128_GCM_SHA256","clientProvidedHostHeader":"iam.amazonaws.com"}},{"eventVersion":"1.09","userIdentity":{"type":"IAMUser","principalId":"AIDAZI2LCYXNLENAY2IQ3","arn":"arn:aws:iam::637423240666:user/dev","accountId":"637423240666","accessKeyId":"AKIAZI2LCYXNH4OISNEW","userName":"dev"},"eventTime":"2024-07-17T05:44:30Z","eventSource":"iam.amazonaws.com","eventName":"ListAttachedRolePolicies","awsRegion":"us-east-1","sourceIPAddress":"8.29.230.19","userAgent":"APN/1.0 HashiCorp/1.0 Terraform/1.3.7 (+https://www.terraform.io) terraform-provider-aws/5.57.0 (+https://registry.terraform.io/providers/hashicorp/aws) m/C aws-sdk-go-v2/1.30.1 os/linux lang/go#1.22.4 md/GOOS#linux md/GOARCH#amd64 api/iam#1.34.1","requestParameters":{"roleName":"mewonitoring-lambda-test"},"responseElements":null,"requestID":"70febed2-83f4-46dd-935d-86d0021b3a8e","eventID":"823ed0c4-bd97-4615-89de-58d9c37a8627","readOnly":true,"eventType":"AwsApiCall","managementEvent":true,"recipientAccountId":"637423240666","eventCategory":"Management","tlsDetails":{"tlsVersion":"TLSv1.3","cipherSuite":"TLS_AES_128_GCM_SHA256","clientProvidedHostHeader":"iam.amazonaws.com"}},{"eventVersion":"1.09","userIdentity":{"type":"IAMUser","principalId":"AIDAZI2LCYXNLENAY2IQ3","arn":"arn:aws:iam::637423240666:user/dev","accountId":"637423240666","accessKeyId":"AKIAZI2LCYXNH4OISNEW","userName":"dev"},"eventTime":"2024-07-17T05:44:27Z","eventSource":"iam.amazonaws.com","eventName":"GetRole","awsRegion":"us-east-1","sourceIPAddress":"8.29.230.19","userAgent":"APN/1.0 HashiCorp/1.0 Terraform/1.3.7 (+https://www.terraform.io) terraform-provider-aws/5.57.0 (+https://registry.terraform.io/providers/hashicorp/aws) aws-sdk-go-v2/1.30.1 os/linux lang/go#1.22.4 md/GOOS#linux md/GOARCH#amd64 api/iam#1.34.1","requestParameters":{"roleName":"meownitoring-lambda-role"},"responseElements":null,"requestID":"337432e9-9d7d-44fc-b00a-c7d7eec65822","eventID":"e2105c56-65f3-4c18-ac12-fc342bf16539","readOnly":true,"eventType":"AwsApiCall","managementEvent":true,"recipientAccountId":"637423240666","eventCategory":"Management","tlsDetails":{"tlsVersion":"TLSv1.3","cipherSuite":"TLS_AES_128_GCM_SHA256","clientProvidedHostHeader":"iam.amazonaws.com"}},{"eventVersion":"1.09","userIdentity":{"type":"IAMUser","principalId":"AIDAZI2LCYXNLENAY2IQ3","arn":"arn:aws:iam::637423240666:user/dev","accountId":"637423240666","accessKeyId":"AKIAZI2LCYXNH4OISNEW","userName":"dev"},"eventTime":"2024-07-17T05:44:27Z","eventSource":"iam.amazonaws.com","eventName":"GetRole","awsRegion":"us-east-1","sourceIPAddress":"8.29.230.19","userAgent":"APN/1.0 HashiCorp/1.0 Terraform/1.3.7 (+https://www.terraform.io) terraform-provider-aws/5.57.0 (+https://registry.terraform.io/providers/hashicorp/aws) aws-sdk-go-v2/1.30.1 os/linux lang/go#1.22.4 md/GOOS#linux md/GOARCH#amd64 api/iam#1.34.1","requestParameters":{"roleName":"compiler_lambda_role"},"responseElements":null,"requestID":"41832e97-bbad-4afc-a7ec-6e0fadbf3048","eventID":"071a84a2-aa22-4120-9394-0ca329853d2c","readOnly":true,"eventType":"AwsApiCall","managementEvent":true,"recipientAccountId":"637423240666","eventCategory":"Management","tlsDetails":{"tlsVersion":"TLSv1.3","cipherSuite":"TLS_AES_128_GCM_SHA256","clientProvidedHostHeader":"iam.amazonaws.com"}},{"eventVersion":"1.09","userIdentity":{"type":"IAMUser","principalId":"AIDAZI2LCYXNLENAY2IQ3","arn":"arn:aws:iam::637423240666:user/dev","accountId":"637423240666","accessKeyId":"AKIAZI2LCYXNH4OISNEW","userName":"dev"},"eventTime":"2024-07-17T05:44:28Z","eventSource":"iam.amazonaws.com","eventName":"GetPolicyVersion","awsRegion":"us-east-1","sourceIPAddress":"8.29.230.19","userAgent":"APN/1.0 HashiCorp/1.0 Terraform/1.3.7 (+https://www.terraform.io) terraform-provider-aws/5.57.0 (+https://registry.terraform.io/providers/hashicorp/aws) aws-sdk-go-v2/1.30.1 os/linux lang/go#1.22.4 md/GOOS#linux md/GOARCH#amd64 api/iam#1.34.1","requestParameters":{"policyArn":"arn:aws:iam::637423240666:policy/iam_policy_for_cloudtrail_role","versionId":"v1"},"responseElements":null,"requestID":"2016887e-09ee-4629-8446-628ff28f5975","eventID":"f2bd4fd7-e80e-48be-8c61-951c6bcdd577","readOnly":true,"eventType":"AwsApiCall","managementEvent":true,"recipientAccountId":"637423240666","eventCategory":"Management","tlsDetails":{"tlsVersion":"TLSv1.3","cipherSuite":"TLS_AES_128_GCM_SHA256","clientProvidedHostHeader":"iam.amazonaws.com"}},{"eventVersion":"1.09","userIdentity":{"type":"IAMUser","principalId":"AIDAZI2LCYXNLENAY2IQ3","arn":"arn:aws:iam::637423240666:user/dev","accountId":"637423240666","accessKeyId":"AKIAZI2LCYXNH4OISNEW","userName":"dev"},"eventTime":"2024-07-17T05:44:28Z","eventSource":"iam.amazonaws.com","eventName":"GetPolicy","awsRegion":"us-east-1","sourceIPAddress":"8.29.230.19","userAgent":"APN/1.0 HashiCorp/1.0 Terraform/1.3.7 (+https://www.terraform.io) terraform-provider-aws/5.57.0 (+https://registry.terraform.io/providers/hashicorp/aws) aws-sdk-go-v2/1.30.1 os/linux lang/go#1.22.4 md/GOOS#linux md/GOARCH#amd64 api/iam#1.34.1","requestParameters":{"policyArn":"arn:aws:iam::637423240666:policy/iam-policy-for-meownitoring-role-test"},"responseElements":null,"requestID":"33b52705-0e4f-4339-be41-fa3a815f18db","eventID":"e6726726-58c0-44cf-a8f3-4c5297bfb122","readOnly":true,"eventType":"AwsApiCall","managementEvent":true,"recipientAccountId":"637423240666","eventCategory":"Management","tlsDetails":{"tlsVersion":"TLSv1.3","cipherSuite":"TLS_AES_128_GCM_SHA256","clientProvidedHostHeader":"iam.amazonaws.com"}}]}