{"Records":[{"eventVersion":"1.08","userIdentity":{"type":"IAMUser","principalId":"AIDAZI2LCYXNLENAY2IQ3","arn":"arn:aws:iam::637423240666:user/dev","accountId":"637423240666","accessKeyId":"AKIAZI2LCYXNH4OISNEW","userName":"dev"},"eventTime":"2024-07-16T07:43:03Z","eventSource":"dynamodb.amazonaws.com","eventName":"CreateTable","awsRegion":"ap-southeast-1","sourceIPAddress":"129.126.57.197","userAgent":"APN/1.0 HashiCorp/1.0 Terraform/1.3.7 (+https://www.terraform.io) terraform-provider-aws/5.57.0 (+https://registry.terraform.io/providers/hashicorp/aws) aws-sdk-go-v2/1.30.1 os/linux lang/go#1.22.4 md/GOOS#linux md/GOARCH#amd64 api/dynamodb#1.34.1","requestParameters":{"attributeDefinitions":[{"attributeName":"uuid","attributeType":"S"}],"tableName":"accounts","keySchema":[{"attributeName":"uuid","keyType":"HASH"}],"billingMode":"PROVISIONED","provisionedThroughput":{"readCapacityUnits":20,"writeCapacityUnits":20},"tags":[{"key":"Name","value":"accounts"},{"key":"Environment","value":"dev"}]},"responseElements":{"tableDescription":{"attributeDefinitions":[{"attributeName":"uuid","attributeType":"S"}],"tableName":"accounts","keySchema":[{"attributeName":"uuid","keyType":"HASH"}],"tableStatus":"CREATING","creationDateTime":"Jul 16, 2024, 7:43:03 AM","provisionedThroughput":{"numberOfDecreasesToday":0,"readCapacityUnits":20,"writeCapacityUnits":20},"tableSizeBytes":0,"itemCount":0,"tableArn":"arn:aws:dynamodb:ap-southeast-1:637423240666:table/accounts","tableId":"d5e98d50-4bcf-4ae5-b826-f32a65638540","deletionProtectionEnabled":false}},"requestID":"24LNJ8PTO4ADF20DVNKE436HF7VV4KQNSO5AEMVJF66Q9ASUAAJG","eventID":"9d98fc5e-ef41-42d1-b7d9-17f0b3459e36","readOnly":false,"resources":[{"accountId":"637423240666","type":"AWS::DynamoDB::Table","ARN":"arn:aws:dynamodb:ap-southeast-1:637423240666:table/accounts"}],"eventType":"AwsApiCall","apiVersion":"2012-08-10","managementEvent":true,"recipientAccountId":"637423240666","eventCategory":"Management","tlsDetails":{"tlsVersion":"TLSv1.3","cipherSuite":"TLS_AES_128_GCM_SHA256","clientProvidedHostHeader":"dynamodb.ap-southeast-1.amazonaws.com"}},{"eventVersion":"1.08","userIdentity":{"type":"IAMUser","principalId":"AIDAZI2LCYXNLENAY2IQ3","arn":"arn:aws:iam::637423240666:user/dev","accountId":"637423240666","accessKeyId":"AKIAZI2LCYXNH4OISNEW","userName":"dev"},"eventTime":"2024-07-16T07:43:03Z","eventSource":"dynamodb.amazonaws.com","eventName":"DescribeTable","awsRegion":"ap-southeast-1","sourceIPAddress":"129.126.57.197","userAgent":"APN/1.0 HashiCorp/1.0 Terraform/1.3.7 (+https://www.terraform.io) terraform-provider-aws/5.57.0 (+https://registry.terraform.io/providers/hashicorp/aws) aws-sdk-go-v2/1.30.1 os/linux lang/go#1.22.4 md/GOOS#linux md/GOARCH#amd64 api/dynamodb#1.34.1","requestParameters":{"tableName":"accounts"},"responseElements":null,"requestID":"M32N25JG62JGKFRH103NGMM7PJVV4KQNSO5AEMVJF66Q9ASUAAJG","eventID":"4d230f46-5156-4544-82bf-819682819934","readOnly":true,"resources":[{"accountId":"637423240666","type":"AWS::DynamoDB::Table","ARN":"arn:aws:dynamodb:ap-southeast-1:637423240666:table/accounts"}],"eventType":"AwsApiCall","apiVersion":"2012-08-10","managementEvent":true,"recipientAccountId":"637423240666","eventCategory":"Management","tlsDetails":{"tlsVersion":"TLSv1.3","cipherSuite":"TLS_AES_128_GCM_SHA256","clientProvidedHostHeader":"dynamodb.ap-southeast-1.amazonaws.com"}},{"eventVersion":"1.08","userIdentity":{"type":"IAMUser","principalId":"AIDAZI2LCYXNLENAY2IQ3","arn":"arn:aws:iam::637423240666:user/dev","accountId":"637423240666","accessKeyId":"AKIAZI2LCYXNH4OISNEW","userName":"dev"},"eventTime":"2024-07-16T07:43:03Z","eventSource":"dynamodb.amazonaws.com","eventName":"DescribeTable","awsRegion":"ap-southeast-1","sourceIPAddress":"129.126.57.197","userAgent":"APN/1.0 HashiCorp/1.0 Terraform/1.3.7 (+https://www.terraform.io) terraform-provider-aws/5.57.0 (+https://registry.terraform.io/providers/hashicorp/aws) aws-sdk-go-v2/1.30.1 os/linux lang/go#1.22.4 md/GOOS#linux md/GOARCH#amd64 api/dynamodb#1.34.1","requestParameters":{"tableName":"accounts"},"responseElements":null,"requestID":"CEDS6TCPU0R3CL8S9GTDPV6RIRVV4KQNSO5AEMVJF66Q9ASUAAJG","eventID":"ec266015-4e99-4989-9863-94df0f4dec33","readOnly":true,"resources":[{"accountId":"637423240666","type":"AWS::DynamoDB::Table","ARN":"arn:aws:dynamodb:ap-southeast-1:637423240666:table/accounts"}],"eventType":"AwsApiCall","apiVersion":"2012-08-10","managementEvent":true,"recipientAccountId":"637423240666","eventCategory":"Management","tlsDetails":{"tlsVersion":"TLSv1.3","cipherSuite":"TLS_AES_128_GCM_SHA256","clientProvidedHostHeader":"dynamodb.ap-southeast-1.amazonaws.com"}},{"eventVersion":"1.08","userIdentity":{"type":"IAMUser","principalId":"AIDAZI2LCYXNLENAY2IQ3","arn":"arn:aws:iam::637423240666:user/dev","accountId":"637423240666","accessKeyId":"AKIAZI2LCYXNH4OISNEW","userName":"dev"},"eventTime":"2024-07-16T07:43:04Z","eventSource":"dynamodb.amazonaws.com","eventName":"DescribeTable","awsRegion":"ap-southeast-1","sourceIPAddress":"129.126.57.197","userAgent":"APN/1.0 HashiCorp/1.0 Terraform/1.3.7 (+https://www.terraform.io) terraform-provider-aws/5.57.0 (+https://registry.terraform.io/providers/hashicorp/aws) aws-sdk-go-v2/1.30.1 os/linux lang/go#1.22.4 md/GOOS#linux md/GOARCH#amd64 api/dynamodb#1.34.1","requestParameters":{"tableName":"accounts"},"responseElements":null,"requestID":"Q3TA6KMKLQEAN4K4FAHP47K7FVVV4KQNSO5AEMVJF66Q9ASUAAJG","eventID":"be2aa274-cb5d-4216-932e-8b6a6991edc8","readOnly":true,"resources":[{"accountId":"637423240666","type":"AWS::DynamoDB::Table","ARN":"arn:aws:dynamodb:ap-southeast-1:637423240666:table/accounts"}],"eventType":"AwsApiCall","apiVersion":"2012-08-10","managementEvent":true,"recipientAccountId":"637423240666","eventCategory":"Management","tlsDetails":{"tlsVersion":"TLSv1.3","cipherSuite":"TLS_AES_128_GCM_SHA256","clientProvidedHostHeader":"dynamodb.ap-southeast-1.amazonaws.com"}},{"eventVersion":"1.08","userIdentity":{"type":"IAMUser","principalId":"AIDAZI2LCYXNLENAY2IQ3","arn":"arn:aws:iam::637423240666:user/dev","accountId":"637423240666","accessKeyId":"AKIAZI2LCYXNH4OISNEW","userName":"dev"},"eventTime":"2024-07-16T07:43:05Z","eventSource":"dynamodb.amazonaws.com","eventName":"DescribeTable","awsRegion":"ap-southeast-1","sourceIPAddress":"129.126.57.197","userAgent":"APN/1.0 HashiCorp/1.0 Terraform/1.3.7 (+https://www.terraform.io) terraform-provider-aws/5.57.0 (+https://registry.terraform.io/providers/hashicorp/aws) aws-sdk-go-v2/1.30.1 os/linux lang/go#1.22.4 md/GOOS#linux md/GOARCH#amd64 api/dynamodb#1.34.1","requestParameters":{"tableName":"accounts"},"responseElements":null,"requestID":"CD1D9EB1JHA5RP133IVP50TKDNVV4KQNSO5AEMVJF66Q9ASUAAJG","eventID":"42101753-ad28-4daf-a491-852e67fd36eb","readOnly":true,"resources":[{"accountId":"637423240666","type":"AWS::DynamoDB::Table","ARN":"arn:aws:dynamodb:ap-southeast-1:637423240666:table/accounts"}],"eventType":"AwsApiCall","apiVersion":"2012-08-10","managementEvent":true,"recipientAccountId":"637423240666","eventCategory":"Management","tlsDetails":{"tlsVersion":"TLSv1.3","cipherSuite":"TLS_AES_128_GCM_SHA256","clientProvidedHostHeader":"dynamodb.ap-southeast-1.amazonaws.com"}},{"eventVersion":"1.08","userIdentity":{"type":"IAMUser","principalId":"AIDAZI2LCYXNLENAY2IQ3","arn":"arn:aws:iam::637423240666:user/dev","accountId":"637423240666","accessKeyId":"AKIAZI2LCYXNH4OISNEW","userName":"dev"},"eventTime":"2024-07-16T07:43:06Z","eventSource":"dynamodb.amazonaws.com","eventName":"DescribeTable","awsRegion":"ap-southeast-1","sourceIPAddress":"129.126.57.197","userAgent":"APN/1.0 HashiCorp/1.0 Terraform/1.3.7 (+https://www.terraform.io) terraform-provider-aws/5.57.0 (+https://registry.terraform.io/providers/hashicorp/aws) aws-sdk-go-v2/1.30.1 os/linux lang/go#1.22.4 md/GOOS#linux md/GOARCH#amd64 api/dynamodb#1.34.1","requestParameters":{"tableName":"accounts"},"responseElements":null,"requestID":"O1ESDS1H98EGRU6B1UBS9RJGGVVV4KQNSO5AEMVJF66Q9ASUAAJG","eventID":"f37655bb-d116-4fa7-800f-627504485b2f","readOnly":true,"resources":[{"accountId":"637423240666","type":"AWS::DynamoDB::Table","ARN":"arn:aws:dynamodb:ap-southeast-1:637423240666:table/accounts"}],"eventType":"AwsApiCall","apiVersion":"2012-08-10","managementEvent":true,"recipientAccountId":"637423240666","eventCategory":"Management","tlsDetails":{"tlsVersion":"TLSv1.3","cipherSuite":"TLS_AES_128_GCM_SHA256","clientProvidedHostHeader":"dynamodb.ap-southeast-1.amazonaws.com"}},{"eventVersion":"1.08","userIdentity":{"type":"IAMUser","principalId":"AIDAZI2LCYXNLENAY2IQ3","arn":"arn:aws:iam::637423240666:user/dev","accountId":"637423240666","accessKeyId":"AKIAZI2LCYXNH4OISNEW","userName":"dev"},"eventTime":"2024-07-16T07:43:10Z","eventSource":"dynamodb.amazonaws.com","eventName":"DescribeTable","awsRegion":"ap-southeast-1","sourceIPAddress":"129.126.57.197","userAgent":"APN/1.0 HashiCorp/1.0 Terraform/1.3.7 (+https://www.terraform.io) terraform-provider-aws/5.57.0 (+https://registry.terraform.io/providers/hashicorp/aws) aws-sdk-go-v2/1.30.1 os/linux lang/go#1.22.4 md/GOOS#linux md/GOARCH#amd64 api/dynamodb#1.34.1","requestParameters":{"tableName":"accounts"},"responseElements":null,"requestID":"587BLV61MS5D2T9DDUVSOJC8GJVV4KQNSO5AEMVJF66Q9ASUAAJG","eventID":"3a4a7be7-41bb-4072-8f80-ffef897ce2d6","readOnly":true,"resources":[{"accountId":"637423240666","type":"AWS::DynamoDB::Table","ARN":"arn:aws:dynamodb:ap-southeast-1:637423240666:table/accounts"}],"eventType":"AwsApiCall","apiVersion":"2012-08-10","managementEvent":true,"recipientAccountId":"637423240666","eventCategory":"Management","tlsDetails":{"tlsVersion":"TLSv1.3","cipherSuite":"TLS_AES_128_GCM_SHA256","clientProvidedHostHeader":"dynamodb.ap-southeast-1.amazonaws.com"}},{"eventVersion":"1.08","userIdentity":{"type":"IAMUser","principalId":"AIDAZI2LCYXNLENAY2IQ3","arn":"arn:aws:iam::637423240666:user/dev","accountId":"637423240666","accessKeyId":"AKIAZI2LCYXNH4OISNEW","userName":"dev"},"eventTime":"2024-07-16T07:43:10Z","eventSource":"dynamodb.amazonaws.com","eventName":"UpdateTimeToLive","awsRegion":"ap-southeast-1","sourceIPAddress":"129.126.57.197","userAgent":"APN/1.0 HashiCorp/1.0 Terraform/1.3.7 (+https://www.terraform.io) terraform-provider-aws/5.57.0 (+https://registry.terraform.io/providers/hashicorp/aws) aws-sdk-go-v2/1.30.1 os/linux lang/go#1.22.4 md/GOOS#linux md/GOARCH#amd64 api/dynamodb#1.34.1","requestParameters":{"tableName":"accounts","timeToLiveSpecification":{"enabled":true,"attributeName":"TimeToExist"}},"responseElements":{"timeToLiveSpecification":{"enabled":true,"attributeName":"TimeToExist"}},"requestID":"FUDEPENT5I3B80H0KPTPV1D4SVVV4KQNSO5AEMVJF66Q9ASUAAJG","eventID":"ef1a837b-9fd4-4086-b044-5645ba7c9f08","readOnly":false,"resources":[{"accountId":"637423240666","type":"AWS::DynamoDB::Table","ARN":"arn:aws:dynamodb:ap-southeast-1:637423240666:table/accounts"}],"eventType":"AwsApiCall","apiVersion":"2012-08-10","managementEvent":true,"recipientAccountId":"637423240666","eventCategory":"Management","tlsDetails":{"tlsVersion":"TLSv1.3","cipherSuite":"TLS_AES_128_GCM_SHA256","clientProvidedHostHeader":"dynamodb.ap-southeast-1.amazonaws.com"}},{"eventVersion":"1.08","userIdentity":{"type":"IAMUser","principalId":"AIDAZI2LCYXNLENAY2IQ3","arn":"arn:aws:iam::637423240666:user/dev","accountId":"637423240666","accessKeyId":"AKIAZI2LCYXNH4OISNEW","userName":"dev"},"eventTime":"2024-07-16T07:43:10Z","eventSource":"dynamodb.amazonaws.com","eventName":"DescribeTimeToLive","awsRegion":"ap-southeast-1","sourceIPAddress":"129.126.57.197","userAgent":"APN/1.0 HashiCorp/1.0 Terraform/1.3.7 (+https://www.terraform.io) terraform-provider-aws/5.57.0 (+https://registry.terraform.io/providers/hashicorp/aws) aws-sdk-go-v2/1.30.1 os/linux lang/go#1.22.4 md/GOOS#linux md/GOARCH#amd64 api/dynamodb#1.34.1","requestParameters":{"tableName":"accounts"},"responseElements":null,"requestID":"5F1LQ25VJEMVE67O9EEABJG5SRVV4KQNSO5AEMVJF66Q9ASUAAJG","eventID":"6b6c7ab7-cc67-42ab-8876-012331499814","readOnly":true,"resources":[{"accountId":"637423240666","type":"AWS::DynamoDB::Table","ARN":"arn:aws:dynamodb:ap-southeast-1:637423240666:table/accounts"}],"eventType":"AwsApiCall","apiVersion":"2012-08-10","managementEvent":true,"recipientAccountId":"637423240666","eventCategory":"Management","tlsDetails":{"tlsVersion":"TLSv1.3","cipherSuite":"TLS_AES_128_GCM_SHA256","clientProvidedHostHeader":"dynamodb.ap-southeast-1.amazonaws.com"}},{"eventVersion":"1.08","userIdentity":{"type":"IAMUser","principalId":"AIDAZI2LCYXNLENAY2IQ3","arn":"arn:aws:iam::637423240666:user/dev","accountId":"637423240666","accessKeyId":"AKIAZI2LCYXNH4OISNEW","userName":"dev"},"eventTime":"2024-07-16T07:43:10Z","eventSource":"dynamodb.amazonaws.com","eventName":"DescribeTable","awsRegion":"ap-southeast-1","sourceIPAddress":"129.126.57.197","userAgent":"APN/1.0 HashiCorp/1.0 Terraform/1.3.7 (+https://www.terraform.io) terraform-provider-aws/5.57.0 (+https://registry.terraform.io/providers/hashicorp/aws) aws-sdk-go-v2/1.30.1 os/linux lang/go#1.22.4 md/GOOS#linux md/GOARCH#amd64 api/dynamodb#1.34.1","requestParameters":{"tableName":"accounts"},"responseElements":null,"requestID":"BA3V5I3VKR4D22C3EBVPBGQ72BVV4KQNSO5AEMVJF66Q9ASUAAJG","eventID":"dd60400f-f1bf-4996-859c-d192213a8175","readOnly":true,"resources":[{"accountId":"637423240666","type":"AWS::DynamoDB::Table","ARN":"arn:aws:dynamodb:ap-southeast-1:637423240666:table/accounts"}],"eventType":"AwsApiCall","apiVersion":"2012-08-10","managementEvent":true,"recipientAccountId":"637423240666","eventCategory":"Management","tlsDetails":{"tlsVersion":"TLSv1.3","cipherSuite":"TLS_AES_128_GCM_SHA256","clientProvidedHostHeader":"dynamodb.ap-southeast-1.amazonaws.com"}},{"eventVersion":"1.08","userIdentity":{"type":"IAMUser","principalId":"AIDAZI2LCYXNLENAY2IQ3","arn":"arn:aws:iam::637423240666:user/dev","accountId":"637423240666","accessKeyId":"AKIAZI2LCYXNH4OISNEW","userName":"dev"},"eventTime":"2024-07-16T07:43:10Z","eventSource":"dynamodb.amazonaws.com","eventName":"DescribeContinuousBackups","awsRegion":"ap-southeast-1","sourceIPAddress":"129.126.57.197","userAgent":"APN/1.0 HashiCorp/1.0 Terraform/1.3.7 (+https://www.terraform.io) terraform-provider-aws/5.57.0 (+https://registry.terraform.io/providers/hashicorp/aws) aws-sdk-go-v2/1.30.1 os/linux lang/go#1.22.4 md/GOOS#linux md/GOARCH#amd64 api/dynamodb#1.34.1","requestParameters":{"tableName":"accounts"},"responseElements":null,"requestID":"J98191I5JGI1M0QC7AU3JAJ5DNVV4KQNSO5AEMVJF66Q9ASUAAJG","eventID":"4a6c1431-2f0b-4ad9-afc2-6f791f70a7f5","readOnly":true,"resources":[{"accountId":"637423240666","type":"AWS::DynamoDB::Table","ARN":"arn:aws:dynamodb:ap-southeast-1:637423240666:table/accounts"}],"eventType":"AwsApiCall","apiVersion":"2012-08-10","managementEvent":true,"recipientAccountId":"637423240666","eventCategory":"Management","tlsDetails":{"tlsVersion":"TLSv1.3","cipherSuite":"TLS_AES_128_GCM_SHA256","clientProvidedHostHeader":"dynamodb.ap-southeast-1.amazonaws.com"}},{"eventVersion":"1.08","userIdentity":{"type":"IAMUser","principalId":"AIDAZI2LCYXNLENAY2IQ3","arn":"arn:aws:iam::637423240666:user/dev","accountId":"637423240666","accessKeyId":"AKIAZI2LCYXNH4OISNEW","userName":"dev"},"eventTime":"2024-07-16T07:43:10Z","eventSource":"dynamodb.amazonaws.com","eventName":"DescribeTimeToLive","awsRegion":"ap-southeast-1","sourceIPAddress":"129.126.57.197","userAgent":"APN/1.0 HashiCorp/1.0 Terraform/1.3.7 (+https://www.terraform.io) terraform-provider-aws/5.57.0 (+https://registry.terraform.io/providers/hashicorp/aws) aws-sdk-go-v2/1.30.1 os/linux lang/go#1.22.4 md/GOOS#linux md/GOARCH#amd64 api/dynamodb#1.34.1","requestParameters":{"tableName":"accounts"},"responseElements":null,"requestID":"QD6HBT653M29AKP2KL378GPPJNVV4KQNSO5AEMVJF66Q9ASUAAJG","eventID":"247d5198-a6ca-4951-ac47-41c15a6f35d9","readOnly":true,"resources":[{"accountId":"637423240666","type":"AWS::DynamoDB::Table","ARN":"arn:aws:dynamodb:ap-southeast-1:637423240666:table/accounts"}],"eventType":"AwsApiCall","apiVersion":"2012-08-10","managementEvent":true,"recipientAccountId":"637423240666","eventCategory":"Management","tlsDetails":{"tlsVersion":"TLSv1.3","cipherSuite":"TLS_AES_128_GCM_SHA256","clientProvidedHostHeader":"dynamodb.ap-southeast-1.amazonaws.com"}},{"eventVersion":"1.08","userIdentity":{"type":"IAMUser","principalId":"AIDAZI2LCYXNLENAY2IQ3","arn":"arn:aws:iam::637423240666:user/dev","accountId":"637423240666","accessKeyId":"AKIAZI2LCYXNH4OISNEW","userName":"dev"},"eventTime":"2024-07-16T07:43:10Z","eventSource":"dynamodb.amazonaws.com","eventName":"ListTagsOfResource","awsRegion":"ap-southeast-1","sourceIPAddress":"129.126.57.197","userAgent":"APN/1.0 HashiCorp/1.0 Terraform/1.3.7 (+https://www.terraform.io) terraform-provider-aws/5.57.0 (+https://registry.terraform.io/providers/hashicorp/aws) aws-sdk-go-v2/1.30.1 os/linux lang/go#1.22.4 md/GOOS#linux md/GOARCH#amd64 api/dynamodb#1.34.1","requestParameters":{"resourceArn":"arn:aws:dynamodb:ap-southeast-1:637423240666:table/accounts"},"responseElements":null,"requestID":"4OJQQVV5RJM22KM400K9NJN2HVVV4KQNSO5AEMVJF66Q9ASUAAJG","eventID":"3ef136c8-71b4-41e9-9388-f4e6f39f3148","readOnly":true,"resources":[{"accountId":"637423240666","type":"AWS::DynamoDB::Table","ARN":"arn:aws:dynamodb:ap-southeast-1:637423240666:table/accounts"}],"eventType":"AwsApiCall","apiVersion":"2012-08-10","managementEvent":true,"recipientAccountId":"637423240666","eventCategory":"Management","tlsDetails":{"tlsVersion":"TLSv1.3","cipherSuite":"TLS_AES_128_GCM_SHA256","clientProvidedHostHeader":"dynamodb.ap-southeast-1.amazonaws.com"}}]}