{"Records":[{"eventVersion":"1.10","userIdentity":{"type":"IAMUser","principalId":"AIDAZI2LCYXNLENAY2IQ3","arn":"arn:aws:iam::637423240666:user/dev","accountId":"637423240666","accessKeyId":"AKIAZI2LCYXNH4OISNEW","userName":"dev"},"eventTime":"2024-07-16T07:22:56Z","eventSource":"cloudtrail.amazonaws.com","eventName":"DescribeTrails","awsRegion":"ap-southeast-1","sourceIPAddress":"129.126.57.197","userAgent":"APN/1.0 HashiCorp/1.0 Terraform/1.3.7 (+https://www.terraform.io) terraform-provider-aws/5.57.0 (+https://registry.terraform.io/providers/hashicorp/aws) aws-sdk-go-v2/1.30.1 os/linux lang/go#1.22.4 md/GOOS#linux md/GOARCH#amd64 api/cloudtrail#1.42.1","requestParameters":{"trailNameList":["arn:aws:cloudtrail:ap-southeast-1:637423240666:trail/accountlogs"]},"responseElements":null,"requestID":"a338d00c-d750-4bbb-a733-09ea7c7a936d","eventID":"5ed776c5-5d3c-4cc5-a075-a2f9e362afc2","readOnly":true,"eventType":"AwsApiCall","managementEvent":true,"recipientAccountId":"637423240666","eventCategory":"Management","tlsDetails":{"tlsVersion":"TLSv1.3","cipherSuite":"TLS_AES_128_GCM_SHA256","clientProvidedHostHeader":"cloudtrail.ap-southeast-1.amazonaws.com"}},{"eventVersion":"1.10","userIdentity":{"type":"IAMUser","principalId":"AIDAZI2LCYXNLENAY2IQ3","arn":"arn:aws:iam::637423240666:user/dev","accountId":"637423240666","accessKeyId":"AKIAZI2LCYXNH4OISNEW","userName":"dev"},"eventTime":"2024-07-16T07:22:56Z","eventSource":"cloudtrail.amazonaws.com","eventName":"GetTrailStatus","awsRegion":"ap-southeast-1","sourceIPAddress":"129.126.57.197","userAgent":"APN/1.0 HashiCorp/1.0 Terraform/1.3.7 (+https://www.terraform.io) terraform-provider-aws/5.57.0 (+https://registry.terraform.io/providers/hashicorp/aws) aws-sdk-go-v2/1.30.1 os/linux lang/go#1.22.4 md/GOOS#linux md/GOARCH#amd64 api/cloudtrail#1.42.1","requestParameters":{"name":"arn:aws:cloudtrail:ap-southeast-1:637423240666:trail/accountlogs"},"responseElements":null,"requestID":"8f5f708b-cfff-4d61-8efb-30bdb0579a26","eventID":"f5556890-b930-4dba-ac34-2181298cd2e8","readOnly":true,"eventType":"AwsApiCall","managementEvent":true,"recipientAccountId":"637423240666","eventCategory":"Management","tlsDetails":{"tlsVersion":"TLSv1.3","cipherSuite":"TLS_AES_128_GCM_SHA256","clientProvidedHostHeader":"cloudtrail.ap-southeast-1.amazonaws.com"}},{"eventVersion":"1.10","userIdentity":{"type":"IAMUser","principalId":"AIDAZI2LCYXNLENAY2IQ3","arn":"arn:aws:iam::637423240666:user/dev","accountId":"637423240666","accessKeyId":"AKIAZI2LCYXNH4OISNEW","userName":"dev"},"eventTime":"2024-07-16T07:22:57Z","eventSource":"cloudtrail.amazonaws.com","eventName":"ListTags","awsRegion":"ap-southeast-1","sourceIPAddress":"129.126.57.197","userAgent":"APN/1.0 HashiCorp/1.0 Terraform/1.3.7 (+https://www.terraform.io) terraform-provider-aws/5.57.0 (+https://registry.terraform.io/providers/hashicorp/aws) m/C aws-sdk-go-v2/1.30.1 os/linux lang/go#1.22.4 md/GOOS#linux md/GOARCH#amd64 api/cloudtrail#1.42.1","requestParameters":{"resourceIdList":["arn:aws:cloudtrail:ap-southeast-1:637423240666:trail/accountlogs"]},"responseElements":null,"requestID":"397a1f27-4319-4935-9d3e-fa5228b296b5","eventID":"4c87df4a-60ad-48ab-9b57-7971e35ed3ec","readOnly":true,"eventType":"AwsApiCall","managementEvent":true,"recipientAccountId":"637423240666","eventCategory":"Management","tlsDetails":{"tlsVersion":"TLSv1.3","cipherSuite":"TLS_AES_128_GCM_SHA256","clientProvidedHostHeader":"cloudtrail.ap-southeast-1.amazonaws.com"}},{"eventVersion":"1.09","userIdentity":{"type":"IAMUser","principalId":"AIDAZI2LCYXNLENAY2IQ3","arn":"arn:aws:iam::637423240666:user/dev","accountId":"637423240666","accessKeyId":"AKIAZI2LCYXNH4OISNEW","userName":"dev"},"eventTime":"2024-07-16T07:22:56Z","eventSource":"s3.amazonaws.com","eventName":"GetBucketAcl","awsRegion":"ap-southeast-1","sourceIPAddress":"129.126.57.197","userAgent":"[APN/1.0 HashiCorp/1.0 Terraform/1.3.7 (+https://www.terraform.io) terraform-provider-aws/5.57.0 (+https://registry.terraform.io/providers/hashicorp/aws) aws-sdk-go-v2/1.30.1 os/linux lang/go#1.22.4 md/GOOS#linux md/GOARCH#amd64 api/s3#1.58.0]","requestParameters":{"bucketName":"meownitoring2024trailbucket","Host":"meownitoring2024trailbucket.s3.ap-southeast-1.amazonaws.com","acl":""},"responseElements":null,"additionalEventData":{"SignatureVersion":"SigV4","CipherSuite":"ECDHE-RSA-AES128-GCM-SHA256","bytesTransferredIn":0,"AuthenticationMethod":"AuthHeader","x-amz-id-2":"Iy4fgSmAN0vFmjiEmTFHzHLoowKIEf9hOqCyU9yvtnzCP2EadgrTWMVC5oTXXxMhrQGUEgqeHtZt4D+H/VAqpQ==","bytesTransferredOut":584},"requestID":"PGZDZNV7V75KBFG0","eventID":"e57841a2-5e03-4a4c-af5e-583ce2cf102c","readOnly":true,"resources":[{"accountId":"637423240666","type":"AWS::S3::Bucket","ARN":"arn:aws:s3:::meownitoring2024trailbucket"}],"eventType":"AwsApiCall","managementEvent":true,"recipientAccountId":"637423240666","eventCategory":"Management","tlsDetails":{"tlsVersion":"TLSv1.2","cipherSuite":"ECDHE-RSA-AES128-GCM-SHA256","clientProvidedHostHeader":"meownitoring2024trailbucket.s3.ap-southeast-1.amazonaws.com"}},{"eventVersion":"1.09","userIdentity":{"type":"IAMUser","principalId":"AIDAZI2LCYXNLENAY2IQ3","arn":"arn:aws:iam::637423240666:user/dev","accountId":"637423240666","accessKeyId":"AKIAZI2LCYXNH4OISNEW","userName":"dev"},"eventTime":"2024-07-16T07:22:56Z","eventSource":"s3.amazonaws.com","eventName":"GetBucketWebsite","awsRegion":"ap-southeast-1","sourceIPAddress":"129.126.57.197","userAgent":"[APN/1.0 HashiCorp/1.0 Terraform/1.3.7 (+https://www.terraform.io) terraform-provider-aws/5.57.0 (+https://registry.terraform.io/providers/hashicorp/aws) aws-sdk-go-v2/1.30.1 os/linux lang/go#1.22.4 md/GOOS#linux md/GOARCH#amd64 api/s3#1.58.0]","errorCode":"NoSuchWebsiteConfiguration","errorMessage":"The specified bucket does not have a website configuration","requestParameters":{"bucketName":"meownitoring2024trailbucket","website":"","Host":"meownitoring2024trailbucket.s3.ap-southeast-1.amazonaws.com"},"responseElements":null,"additionalEventData":{"SignatureVersion":"SigV4","CipherSuite":"ECDHE-RSA-AES128-GCM-SHA256","bytesTransferredIn":0,"AuthenticationMethod":"AuthHeader","x-amz-id-2":"iv0VeR+qjOy5WjLCZB99Ie0LIKSTfP2nZlaR+LAVz1PWuKnzE8cWg5fEh8byEKgt8+iR3JJmenVpuO7O17sPBw==","bytesTransferredOut":366},"requestID":"PGZA8E0BZ9JWMZSJ","eventID":"d6ccd59e-a144-45a7-b299-714ee53e6761","readOnly":true,"resources":[{"accountId":"637423240666","type":"AWS::S3::Bucket","ARN":"arn:aws:s3:::meownitoring2024trailbucket"}],"eventType":"AwsApiCall","managementEvent":true,"recipientAccountId":"637423240666","eventCategory":"Management","tlsDetails":{"tlsVersion":"TLSv1.2","cipherSuite":"ECDHE-RSA-AES128-GCM-SHA256","clientProvidedHostHeader":"meownitoring2024trailbucket.s3.ap-southeast-1.amazonaws.com"}},{"eventVersion":"1.09","userIdentity":{"type":"IAMUser","principalId":"AIDAZI2LCYXNLENAY2IQ3","arn":"arn:aws:iam::637423240666:user/dev","accountId":"637423240666","accessKeyId":"AKIAZI2LCYXNH4OISNEW","userName":"dev"},"eventTime":"2024-07-16T07:22:56Z","eventSource":"s3.amazonaws.com","eventName":"GetBucketPolicy","awsRegion":"ap-southeast-1","sourceIPAddress":"129.126.57.197","userAgent":"[APN/1.0 HashiCorp/1.0 Terraform/1.3.7 (+https://www.terraform.io) terraform-provider-aws/5.57.0 (+https://registry.terraform.io/providers/hashicorp/aws) aws-sdk-go-v2/1.30.1 os/linux lang/go#1.22.4 md/GOOS#linux md/GOARCH#amd64 api/s3#1.58.0]","requestParameters":{"bucketName":"meownitoring2024trailbucket","Host":"meownitoring2024trailbucket.s3.ap-southeast-1.amazonaws.com","policy":""},"responseElements":null,"additionalEventData":{"SignatureVersion":"SigV4","CipherSuite":"ECDHE-RSA-AES128-GCM-SHA256","bytesTransferredIn":0,"AuthenticationMethod":"AuthHeader","x-amz-id-2":"G1vAE6OrHqX2R4KXWGdOze/FFDxQJ0eX8xatun20iWIdkmE0klytzRgKBx7J7YRWnq/MB5+ZxnYBUgIPl9epmA==","bytesTransferredOut":695},"requestID":"PGZCN3RMMT4RGZ7H","eventID":"f1296741-5bad-4be9-acef-f7ced1ea4d00","readOnly":true,"resources":[{"accountId":"637423240666","type":"AWS::S3::Bucket","ARN":"arn:aws:s3:::meownitoring2024trailbucket"}],"eventType":"AwsApiCall","managementEvent":true,"recipientAccountId":"637423240666","eventCategory":"Management","tlsDetails":{"tlsVersion":"TLSv1.2","cipherSuite":"ECDHE-RSA-AES128-GCM-SHA256","clientProvidedHostHeader":"meownitoring2024trailbucket.s3.ap-southeast-1.amazonaws.com"}},{"eventVersion":"1.09","userIdentity":{"type":"IAMUser","principalId":"AIDAZI2LCYXNLENAY2IQ3","arn":"arn:aws:iam::637423240666:user/dev","accountId":"637423240666","accessKeyId":"AKIAZI2LCYXNH4OISNEW","userName":"dev"},"eventTime":"2024-07-16T07:22:56Z","eventSource":"s3.amazonaws.com","eventName":"GetBucketCors","awsRegion":"ap-southeast-1","sourceIPAddress":"129.126.57.197","userAgent":"[APN/1.0 HashiCorp/1.0 Terraform/1.3.7 (+https://www.terraform.io) terraform-provider-aws/5.57.0 (+https://registry.terraform.io/providers/hashicorp/aws) aws-sdk-go-v2/1.30.1 os/linux lang/go#1.22.4 md/GOOS#linux md/GOARCH#amd64 api/s3#1.58.0]","errorCode":"NoSuchCORSConfiguration","errorMessage":"The CORS configuration does not exist","requestParameters":{"bucketName":"meownitoring2024trailbucket","Host":"meownitoring2024trailbucket.s3.ap-southeast-1.amazonaws.com","cors":""},"responseElements":null,"additionalEventData":{"SignatureVersion":"SigV4","CipherSuite":"ECDHE-RSA-AES128-GCM-SHA256","bytesTransferredIn":0,"AuthenticationMethod":"AuthHeader","x-amz-id-2":"nzZvqulAJw3MstdDjySjCCMVIyDuUXy5M7lba52n5VAMc8P5Os47x7/vibN/iv+kcjX3cqtYGHmayAvdq8ugCA==","bytesTransferredOut":342},"requestID":"PGZ80DVSMZDA6AF2","eventID":"faa3001a-ddd1-4f04-8d48-07d70bde9906","readOnly":true,"resources":[{"accountId":"637423240666","type":"AWS::S3::Bucket","ARN":"arn:aws:s3:::meownitoring2024trailbucket"}],"eventType":"AwsApiCall","managementEvent":true,"recipientAccountId":"637423240666","eventCategory":"Management","tlsDetails":{"tlsVersion":"TLSv1.2","cipherSuite":"ECDHE-RSA-AES128-GCM-SHA256","clientProvidedHostHeader":"meownitoring2024trailbucket.s3.ap-southeast-1.amazonaws.com"}},{"eventVersion":"1.09","userIdentity":{"type":"IAMUser","principalId":"AIDAZI2LCYXNLENAY2IQ3","arn":"arn:aws:iam::637423240666:user/dev","accountId":"637423240666","accessKeyId":"AKIAZI2LCYXNH4OISNEW","userName":"dev"},"eventTime":"2024-07-16T07:22:56Z","eventSource":"s3.amazonaws.com","eventName":"GetBucketLifecycle","awsRegion":"ap-southeast-1","sourceIPAddress":"129.126.57.197","userAgent":"[APN/1.0 HashiCorp/1.0 Terraform/1.3.7 (+https://www.terraform.io) terraform-provider-aws/5.57.0 (+https://registry.terraform.io/providers/hashicorp/aws) aws-sdk-go-v2/1.30.1 os/linux lang/go#1.22.4 md/GOOS#linux md/GOARCH#amd64 api/s3#1.58.0]","errorCode":"NoSuchLifecycleConfiguration","errorMessage":"The lifecycle configuration does not exist","requestParameters":{"lifecycle":"","bucketName":"meownitoring2024trailbucket","Host":"meownitoring2024trailbucket.s3.ap-southeast-1.amazonaws.com"},"responseElements":null,"additionalEventData":{"SignatureVersion":"SigV4","CipherSuite":"ECDHE-RSA-AES128-GCM-SHA256","bytesTransferredIn":0,"AuthenticationMethod":"AuthHeader","x-amz-id-2":"gnfjNrBLKBcEeZNDI0LlFfSBdNc3vfUPlac/DmrRHUtk/OqX2uIpDeTjQkOKSxg1BCov5CW+cBxWz3NX+D+GlA==","bytesTransferredOut":313},"requestID":"PGZ6WWTS99KVTWE2","eventID":"aa77d37c-7df3-42c4-ab6d-5724a804dcf9","readOnly":true,"resources":[{"accountId":"637423240666","type":"AWS::S3::Bucket","ARN":"arn:aws:s3:::meownitoring2024trailbucket"}],"eventType":"AwsApiCall","managementEvent":true,"recipientAccountId":"637423240666","eventCategory":"Management","tlsDetails":{"tlsVersion":"TLSv1.2","cipherSuite":"ECDHE-RSA-AES128-GCM-SHA256","clientProvidedHostHeader":"meownitoring2024trailbucket.s3.ap-southeast-1.amazonaws.com"}},{"eventVersion":"1.09","userIdentity":{"type":"IAMUser","principalId":"AIDAZI2LCYXNLENAY2IQ3","arn":"arn:aws:iam::637423240666:user/dev","accountId":"637423240666","accessKeyId":"AKIAZI2LCYXNH4OISNEW","userName":"dev"},"eventTime":"2024-07-16T07:22:56Z","eventSource":"s3.amazonaws.com","eventName":"GetBucketReplication","awsRegion":"ap-southeast-1","sourceIPAddress":"129.126.57.197","userAgent":"[APN/1.0 HashiCorp/1.0 Terraform/1.3.7 (+https://www.terraform.io) terraform-provider-aws/5.57.0 (+https://registry.terraform.io/providers/hashicorp/aws) aws-sdk-go-v2/1.30.1 os/linux lang/go#1.22.4 md/GOOS#linux md/GOARCH#amd64 api/s3#1.58.0]","errorCode":"ReplicationConfigurationNotFoundError","errorMessage":"The replication configuration was not found","requestParameters":{"replication":"","bucketName":"meownitoring2024trailbucket","Host":"meownitoring2024trailbucket.s3.ap-southeast-1.amazonaws.com"},"responseElements":null,"additionalEventData":{"SignatureVersion":"SigV4","CipherSuite":"ECDHE-RSA-AES128-GCM-SHA256","bytesTransferredIn":0,"AuthenticationMethod":"AuthHeader","x-amz-id-2":"NcPmDgwyP/tp2LKUtplmWm1HrmUrXFppHA2F8MwH52ycuif/19Wb0Q6dRNoqEzqR0Jp0uexv3/PboDvshq+iaQ==","bytesTransferredOut":362},"requestID":"PGZ8F3335Z50QDPV","eventID":"8bb33b86-9f2f-4a20-a8d1-a5996280bc35","readOnly":true,"resources":[{"accountId":"637423240666","type":"AWS::S3::Bucket","ARN":"arn:aws:s3:::meownitoring2024trailbucket"}],"eventType":"AwsApiCall","managementEvent":true,"recipientAccountId":"637423240666","eventCategory":"Management","tlsDetails":{"tlsVersion":"TLSv1.2","cipherSuite":"ECDHE-RSA-AES128-GCM-SHA256","clientProvidedHostHeader":"meownitoring2024trailbucket.s3.ap-southeast-1.amazonaws.com"}},{"eventVersion":"1.09","userIdentity":{"type":"IAMUser","principalId":"AIDAZI2LCYXNLENAY2IQ3","arn":"arn:aws:iam::637423240666:user/dev","accountId":"637423240666","accessKeyId":"AKIAZI2LCYXNH4OISNEW","userName":"dev"},"eventTime":"2024-07-16T07:22:56Z","eventSource":"s3.amazonaws.com","eventName":"GetBucketVersioning","awsRegion":"ap-southeast-1","sourceIPAddress":"129.126.57.197","userAgent":"[APN/1.0 HashiCorp/1.0 Terraform/1.3.7 (+https://www.terraform.io) terraform-provider-aws/5.57.0 (+https://registry.terraform.io/providers/hashicorp/aws) aws-sdk-go-v2/1.30.1 os/linux lang/go#1.22.4 md/GOOS#linux md/GOARCH#amd64 api/s3#1.58.0]","requestParameters":{"bucketName":"meownitoring2024trailbucket","Host":"meownitoring2024trailbucket.s3.ap-southeast-1.amazonaws.com","versioning":""},"responseElements":null,"additionalEventData":{"SignatureVersion":"SigV4","CipherSuite":"ECDHE-RSA-AES128-GCM-SHA256","bytesTransferredIn":0,"AuthenticationMethod":"AuthHeader","x-amz-id-2":"BcmhaKf6aB6IFi8rLuFfcOEMU1F32nLJXPi9DEOzDuVhLfQW2MGNtEbwf0/Cr3+YAM0m5piplH7uYb+yoUU62w==","bytesTransferredOut":113},"requestID":"PGZ8DSP1GE6EACE5","eventID":"f9116241-7982-489f-890c-1326d068f188","readOnly":true,"resources":[{"accountId":"637423240666","type":"AWS::S3::Bucket","ARN":"arn:aws:s3:::meownitoring2024trailbucket"}],"eventType":"AwsApiCall","managementEvent":true,"recipientAccountId":"637423240666","eventCategory":"Management","tlsDetails":{"tlsVersion":"TLSv1.2","cipherSuite":"ECDHE-RSA-AES128-GCM-SHA256","clientProvidedHostHeader":"meownitoring2024trailbucket.s3.ap-southeast-1.amazonaws.com"}},{"eventVersion":"1.09","userIdentity":{"type":"IAMUser","principalId":"AIDAZI2LCYXNLENAY2IQ3","arn":"arn:aws:iam::637423240666:user/dev","accountId":"637423240666","accessKeyId":"AKIAZI2LCYXNH4OISNEW","userName":"dev"},"eventTime":"2024-07-16T07:22:56Z","eventSource":"s3.amazonaws.com","eventName":"GetBucketRequestPayment","awsRegion":"ap-southeast-1","sourceIPAddress":"129.126.57.197","userAgent":"[APN/1.0 HashiCorp/1.0 Terraform/1.3.7 (+https://www.terraform.io) terraform-provider-aws/5.57.0 (+https://registry.terraform.io/providers/hashicorp/aws) aws-sdk-go-v2/1.30.1 os/linux lang/go#1.22.4 md/GOOS#linux md/GOARCH#amd64 api/s3#1.58.0]","requestParameters":{"bucketName":"meownitoring2024trailbucket","Host":"meownitoring2024trailbucket.s3.ap-southeast-1.amazonaws.com","requestPayment":""},"responseElements":null,"additionalEventData":{"SignatureVersion":"SigV4","CipherSuite":"ECDHE-RSA-AES128-GCM-SHA256","bytesTransferredIn":0,"AuthenticationMethod":"AuthHeader","x-amz-id-2":"bbTI3Fmkqxv4Qc7yxNEDdbsRU+SNj4xJNIUgVa6ml3dI/gBI7X3iRTWAcA/5ppjsRi5eLLtUItZjsJXWkppr+Q==","bytesTransferredOut":172},"requestID":"PGZBHWVYDNVC8VD2","eventID":"2b1e38a6-1f6a-4af4-9cfd-ba7c00c70306","readOnly":true,"resources":[{"accountId":"637423240666","type":"AWS::S3::Bucket","ARN":"arn:aws:s3:::meownitoring2024trailbucket"}],"eventType":"AwsApiCall","managementEvent":true,"recipientAccountId":"637423240666","eventCategory":"Management","tlsDetails":{"tlsVersion":"TLSv1.2","cipherSuite":"ECDHE-RSA-AES128-GCM-SHA256","clientProvidedHostHeader":"meownitoring2024trailbucket.s3.ap-southeast-1.amazonaws.com"}},{"eventVersion":"1.09","userIdentity":{"type":"IAMUser","principalId":"AIDAZI2LCYXNLENAY2IQ3","arn":"arn:aws:iam::637423240666:user/dev","accountId":"637423240666","accessKeyId":"AKIAZI2LCYXNH4OISNEW","userName":"dev"},"eventTime":"2024-07-16T07:22:56Z","eventSource":"s3.amazonaws.com","eventName":"GetAccelerateConfiguration","awsRegion":"ap-southeast-1","sourceIPAddress":"129.126.57.197","userAgent":"[APN/1.0 HashiCorp/1.0 Terraform/1.3.7 (+https://www.terraform.io) terraform-provider-aws/5.57.0 (+https://registry.terraform.io/providers/hashicorp/aws) aws-sdk-go-v2/1.30.1 os/linux lang/go#1.22.4 md/GOOS#linux md/GOARCH#amd64 api/s3#1.58.0]","requestParameters":{"accelerate":"","bucketName":"meownitoring2024trailbucket","Host":"meownitoring2024trailbucket.s3.ap-southeast-1.amazonaws.com"},"responseElements":null,"additionalEventData":{"SignatureVersion":"SigV4","CipherSuite":"ECDHE-RSA-AES128-GCM-SHA256","bytesTransferredIn":0,"AuthenticationMethod":"AuthHeader","x-amz-id-2":"w922Ol++tZkYASyWwckadLPsPXUKmB3rvEUlPzs4t1GjHOtrAHOkZxe/KBP7Q1l+LbSWVGMyPk6HfpOQ13u01w==","bytesTransferredOut":113},"requestID":"PGZ1CYFGPSZGBFXX","eventID":"0df3bf48-2c5f-424f-9847-4e5eae9a7380","readOnly":true,"resources":[{"accountId":"637423240666","type":"AWS::S3::Bucket","ARN":"arn:aws:s3:::meownitoring2024trailbucket"}],"eventType":"AwsApiCall","managementEvent":true,"recipientAccountId":"637423240666","eventCategory":"Management","tlsDetails":{"tlsVersion":"TLSv1.2","cipherSuite":"ECDHE-RSA-AES128-GCM-SHA256","clientProvidedHostHeader":"meownitoring2024trailbucket.s3.ap-southeast-1.amazonaws.com"}},{"eventVersion":"1.09","userIdentity":{"type":"IAMUser","principalId":"AIDAZI2LCYXNLENAY2IQ3","arn":"arn:aws:iam::637423240666:user/dev","accountId":"637423240666","accessKeyId":"AKIAZI2LCYXNH4OISNEW","userName":"dev"},"eventTime":"2024-07-16T07:22:56Z","eventSource":"s3.amazonaws.com","eventName":"GetBucketLogging","awsRegion":"ap-southeast-1","sourceIPAddress":"129.126.57.197","userAgent":"[APN/1.0 HashiCorp/1.0 Terraform/1.3.7 (+https://www.terraform.io) terraform-provider-aws/5.57.0 (+https://registry.terraform.io/providers/hashicorp/aws) aws-sdk-go-v2/1.30.1 os/linux lang/go#1.22.4 md/GOOS#linux md/GOARCH#amd64 api/s3#1.58.0]","requestParameters":{"logging":"","bucketName":"meownitoring2024trailbucket","Host":"meownitoring2024trailbucket.s3.ap-southeast-1.amazonaws.com"},"responseElements":null,"additionalEventData":{"SignatureVersion":"SigV4","CipherSuite":"ECDHE-RSA-AES128-GCM-SHA256","bytesTransferredIn":0,"AuthenticationMethod":"AuthHeader","x-amz-id-2":"Xj+u9kjskH2ZyLNVEiaU9pyfGxGURatknY8Zbd7/T5DOWWSXhgF+BCS5kVn96X39N2sJXF+sPSRH3eODhk5YOg==","bytesTransferredOut":289},"requestID":"PGZ4565P1MVAP202","eventID":"e87ae0ce-4aa7-4af9-a050-ddb483bbb363","readOnly":true,"resources":[{"accountId":"637423240666","type":"AWS::S3::Bucket","ARN":"arn:aws:s3:::meownitoring2024trailbucket"}],"eventType":"AwsApiCall","managementEvent":true,"recipientAccountId":"637423240666","eventCategory":"Management","tlsDetails":{"tlsVersion":"TLSv1.2","cipherSuite":"ECDHE-RSA-AES128-GCM-SHA256","clientProvidedHostHeader":"meownitoring2024trailbucket.s3.ap-southeast-1.amazonaws.com"}},{"eventVersion":"1.09","userIdentity":{"type":"IAMUser","principalId":"AIDAZI2LCYXNLENAY2IQ3","arn":"arn:aws:iam::637423240666:user/dev","accountId":"637423240666","accessKeyId":"AKIAZI2LCYXNH4OISNEW","userName":"dev"},"eventTime":"2024-07-16T07:22:56Z","eventSource":"s3.amazonaws.com","eventName":"GetBucketPolicy","awsRegion":"ap-southeast-1","sourceIPAddress":"129.126.57.197","userAgent":"[APN/1.0 HashiCorp/1.0 Terraform/1.3.7 (+https://www.terraform.io) terraform-provider-aws/5.57.0 (+https://registry.terraform.io/providers/hashicorp/aws) aws-sdk-go-v2/1.30.1 os/linux lang/go#1.22.4 md/GOOS#linux md/GOARCH#amd64 api/s3#1.58.0]","requestParameters":{"bucketName":"meownitoring2024trailbucket","Host":"meownitoring2024trailbucket.s3.ap-southeast-1.amazonaws.com","policy":""},"responseElements":null,"additionalEventData":{"SignatureVersion":"SigV4","CipherSuite":"ECDHE-RSA-AES128-GCM-SHA256","bytesTransferredIn":0,"AuthenticationMethod":"AuthHeader","x-amz-id-2":"dPyX2aj+9qw9JFtBQ4y4ujWrh4zQ+7OXy7VHPSuSV3UPoPGBLtkmUfT6FOx1PCv0ujFyKrqmfh3d+R05Imb8UA==","bytesTransferredOut":695},"requestID":"PGZ6X8J38AA63RKZ","eventID":"99cb08b7-27cc-48cf-b695-5b953794d284","readOnly":true,"resources":[{"accountId":"637423240666","type":"AWS::S3::Bucket","ARN":"arn:aws:s3:::meownitoring2024trailbucket"}],"eventType":"AwsApiCall","managementEvent":true,"recipientAccountId":"637423240666","eventCategory":"Management","tlsDetails":{"tlsVersion":"TLSv1.2","cipherSuite":"ECDHE-RSA-AES128-GCM-SHA256","clientProvidedHostHeader":"meownitoring2024trailbucket.s3.ap-southeast-1.amazonaws.com"}},{"eventVersion":"1.09","userIdentity":{"type":"IAMUser","principalId":"AIDAZI2LCYXNLENAY2IQ3","arn":"arn:aws:iam::637423240666:user/dev","accountId":"637423240666","accessKeyId":"AKIAZI2LCYXNH4OISNEW","userName":"dev"},"eventTime":"2024-07-16T07:22:56Z","eventSource":"s3.amazonaws.com","eventName":"GetBucketTagging","awsRegion":"ap-southeast-1","sourceIPAddress":"129.126.57.197","userAgent":"[APN/1.0 HashiCorp/1.0 Terraform/1.3.7 (+https://www.terraform.io) terraform-provider-aws/5.57.0 (+https://registry.terraform.io/providers/hashicorp/aws) aws-sdk-go-v2/1.30.1 os/linux lang/go#1.22.4 md/GOOS#linux md/GOARCH#amd64 api/s3#1.58.0]","errorCode":"NoSuchTagSet","errorMessage":"The TagSet does not exist","requestParameters":{"tagging":"","bucketName":"meownitoring2024trailbucket","Host":"meownitoring2024trailbucket.s3.ap-southeast-1.amazonaws.com"},"responseElements":null,"additionalEventData":{"SignatureVersion":"SigV4","CipherSuite":"ECDHE-RSA-AES128-GCM-SHA256","bytesTransferredIn":0,"AuthenticationMethod":"AuthHeader","x-amz-id-2":"0pJiB41qq+FNJ7wGXe3yoFR6aTqsHJH4ACko41QqU6Ft5RdIBbL7jzsLc78I/jClHorYwitRdrzAaLrbH57XlA==","bytesTransferredOut":319},"requestID":"PGZ7B75FFYXS00A0","eventID":"e5de44c1-36ed-4af0-8293-93db7bb013a3","readOnly":true,"resources":[{"accountId":"637423240666","type":"AWS::S3::Bucket","ARN":"arn:aws:s3:::meownitoring2024trailbucket"}],"eventType":"AwsApiCall","managementEvent":true,"recipientAccountId":"637423240666","eventCategory":"Management","tlsDetails":{"tlsVersion":"TLSv1.2","cipherSuite":"ECDHE-RSA-AES128-GCM-SHA256","clientProvidedHostHeader":"meownitoring2024trailbucket.s3.ap-southeast-1.amazonaws.com"}},{"eventVersion":"1.09","userIdentity":{"type":"IAMUser","principalId":"AIDAZI2LCYXNLENAY2IQ3","arn":"arn:aws:iam::637423240666:user/dev","accountId":"637423240666","accessKeyId":"AKIAZI2LCYXNH4OISNEW","userName":"dev"},"eventTime":"2024-07-16T07:22:56Z","eventSource":"s3.amazonaws.com","eventName":"GetBucketEncryption","awsRegion":"ap-southeast-1","sourceIPAddress":"129.126.57.197","userAgent":"[APN/1.0 HashiCorp/1.0 Terraform/1.3.7 (+https://www.terraform.io) terraform-provider-aws/5.57.0 (+https://registry.terraform.io/providers/hashicorp/aws) aws-sdk-go-v2/1.30.1 os/linux lang/go#1.22.4 md/GOOS#linux md/GOARCH#amd64 api/s3#1.58.0]","requestParameters":{"bucketName":"meownitoring2024trailbucket","Host":"meownitoring2024trailbucket.s3.ap-southeast-1.amazonaws.com","encryption":""},"responseElements":null,"additionalEventData":{"SignatureVersion":"SigV4","CipherSuite":"ECDHE-RSA-AES128-GCM-SHA256","bytesTransferredIn":0,"AuthenticationMethod":"AuthHeader","x-amz-id-2":"bPU+v7g2xJWGjMxWXOfmlsRB+NmGQCP8+TGx5FlVqnE9cNZY77ucoGr2eH2cNkZ1wQa9JmdZ3d0ZbCxQi4w7Ww==","bytesTransferredOut":321},"requestID":"PGZEC6MQK5ZQDPG9","eventID":"063088cb-e1b7-440b-89c5-12c493af6cb9","readOnly":true,"resources":[{"accountId":"637423240666","type":"AWS::S3::Bucket","ARN":"arn:aws:s3:::meownitoring2024trailbucket"}],"eventType":"AwsApiCall","managementEvent":true,"recipientAccountId":"637423240666","eventCategory":"Management","tlsDetails":{"tlsVersion":"TLSv1.2","cipherSuite":"ECDHE-RSA-AES128-GCM-SHA256","clientProvidedHostHeader":"meownitoring2024trailbucket.s3.ap-southeast-1.amazonaws.com"}},{"eventVersion":"1.09","userIdentity":{"type":"IAMUser","principalId":"AIDAZI2LCYXNLENAY2IQ3","arn":"arn:aws:iam::637423240666:user/dev","accountId":"637423240666","accessKeyId":"AKIAZI2LCYXNH4OISNEW","userName":"dev"},"eventTime":"2024-07-16T07:22:56Z","eventSource":"s3.amazonaws.com","eventName":"GetBucketObjectLockConfiguration","awsRegion":"ap-southeast-1","sourceIPAddress":"129.126.57.197","userAgent":"[APN/1.0 HashiCorp/1.0 Terraform/1.3.7 (+https://www.terraform.io) terraform-provider-aws/5.57.0 (+https://registry.terraform.io/providers/hashicorp/aws) aws-sdk-go-v2/1.30.1 os/linux lang/go#1.22.4 md/GOOS#linux md/GOARCH#amd64 api/s3#1.58.0]","errorCode":"ObjectLockConfigurationNotFoundError","errorMessage":"Object Lock configuration does not exist for this bucket","requestParameters":{"bucketName":"meownitoring2024trailbucket","object-lock":"","Host":"meownitoring2024trailbucket.s3.ap-southeast-1.amazonaws.com"},"responseElements":null,"additionalEventData":{"SignatureVersion":"SigV4","CipherSuite":"ECDHE-RSA-AES128-GCM-SHA256","bytesTransferredIn":0,"AuthenticationMethod":"AuthHeader","x-amz-id-2":"q+5rtH8+7TmHCg5SZVkSEYthhlq/jseRsto38EGOxLSYZxIlvmB87+Ysfte5dFHv7G9w4+l0s+Sy17jjAqBMfg==","bytesTransferredOut":374},"requestID":"PGZDBAF4N0GSZDBA","eventID":"a26bc5df-d174-42f6-9b76-aae4aeb74e99","readOnly":true,"resources":[{"accountId":"637423240666","type":"AWS::S3::Bucket","ARN":"arn:aws:s3:::meownitoring2024trailbucket"}],"eventType":"AwsApiCall","managementEvent":true,"recipientAccountId":"637423240666","eventCategory":"Management","tlsDetails":{"tlsVersion":"TLSv1.2","cipherSuite":"ECDHE-RSA-AES128-GCM-SHA256","clientProvidedHostHeader":"meownitoring2024trailbucket.s3.ap-southeast-1.amazonaws.com"}},{"eventVersion":"1.08","userIdentity":{"type":"IAMUser","principalId":"AIDAZI2LCYXNLENAY2IQ3","arn":"arn:aws:iam::637423240666:user/dev","accountId":"637423240666","accessKeyId":"AKIAZI2LCYXNH4OISNEW","userName":"dev"},"eventTime":"2024-07-16T07:23:06Z","eventSource":"sts.amazonaws.com","eventName":"GetCallerIdentity","awsRegion":"ap-southeast-1","sourceIPAddress":"129.126.57.197","userAgent":"APN/1.0 HashiCorp/1.0 Terraform/1.3.7 (+https://www.terraform.io) terraform-provider-aws/5.57.0 (+https://registry.terraform.io/providers/hashicorp/aws) aws-sdk-go-v2/1.30.1 os/linux lang/go#1.22.4 md/GOOS#linux md/GOARCH#amd64 api/sts#1.30.1","requestParameters":null,"responseElements":null,"requestID":"a21a93cb-50b2-40cf-a86d-ad27a7bbdb79","eventID":"fac7dd5f-8d2d-44df-8f6d-4002b5768442","readOnly":true,"eventType":"AwsApiCall","managementEvent":true,"recipientAccountId":"637423240666","eventCategory":"Management","tlsDetails":{"tlsVersion":"TLSv1.3","cipherSuite":"TLS_AES_128_GCM_SHA256","clientProvidedHostHeader":"sts.ap-southeast-1.amazonaws.com"}},{"eventVersion":"1.09","userIdentity":{"type":"IAMUser","principalId":"AIDAZI2LCYXNLENAY2IQ3","arn":"arn:aws:iam::637423240666:user/dev","accountId":"637423240666","accessKeyId":"AKIAZI2LCYXNH4OISNEW","userName":"dev"},"eventTime":"2024-07-16T07:23:06Z","eventSource":"ec2.amazonaws.com","eventName":"CreateVpc","awsRegion":"ap-southeast-1","sourceIPAddress":"129.126.57.197","userAgent":"APN/1.0 HashiCorp/1.0 Terraform/1.3.7 (+https://www.terraform.io) terraform-provider-aws/5.57.0 (+https://registry.terraform.io/providers/hashicorp/aws) aws-sdk-go-v2/1.30.1 os/linux lang/go#1.22.4 md/GOOS#linux md/GOARCH#amd64 api/ec2#1.168.0","requestParameters":{"cidrBlock":"192.168.0.0/16","instanceTenancy":"default","amazonProvidedIpv6CidrBlock":false},"responseElements":{"requestId":"10c124e7-f861-4872-bd62-eb3ad5f0cbeb","vpc":{"vpcId":"vpc-0e147b8d897783534","state":"pending","ownerId":"637423240666","cidrBlock":"192.168.0.0/16","cidrBlockAssociationSet":{"items":[{"cidrBlock":"192.168.0.0/16","associationId":"vpc-cidr-assoc-0869626105197ce29","cidrBlockState":{"state":"associated"}}]},"ipv6CidrBlockAssociationSet":{},"dhcpOptionsId":"dopt-06338ff5937a67af1","instanceTenancy":"default","isDefault":false}},"requestID":"10c124e7-f861-4872-bd62-eb3ad5f0cbeb","eventID":"7e6c0c89-bd20-4de3-9286-e0e3f571f75d","readOnly":false,"eventType":"AwsApiCall","managementEvent":true,"recipientAccountId":"637423240666","eventCategory":"Management","tlsDetails":{"tlsVersion":"TLSv1.3","cipherSuite":"TLS_AES_128_GCM_SHA256","clientProvidedHostHeader":"ec2.ap-southeast-1.amazonaws.com"}},{"eventVersion":"1.09","userIdentity":{"type":"IAMUser","principalId":"AIDAZI2LCYXNLENAY2IQ3","arn":"arn:aws:iam::637423240666:user/dev","accountId":"637423240666","accessKeyId":"AKIAZI2LCYXNH4OISNEW","userName":"dev"},"eventTime":"2024-07-16T07:23:06Z","eventSource":"ec2.amazonaws.com","eventName":"DescribeVpcs","awsRegion":"ap-southeast-1","sourceIPAddress":"129.126.57.197","userAgent":"APN/1.0 HashiCorp/1.0 Terraform/1.3.7 (+https://www.terraform.io) terraform-provider-aws/5.57.0 (+https://registry.terraform.io/providers/hashicorp/aws) m/C aws-sdk-go-v2/1.30.1 os/linux lang/go#1.22.4 md/GOOS#linux md/GOARCH#amd64 api/ec2#1.168.0","requestParameters":{"vpcSet":{"items":[{"vpcId":"vpc-0e147b8d897783534"}]},"filterSet":{}},"responseElements":null,"requestID":"cb7682da-ce0b-428e-a73c-d02e3297daa8","eventID":"66a5f235-a4f5-4a4d-8e9a-382db83af1bf","readOnly":true,"eventType":"AwsApiCall","managementEvent":true,"recipientAccountId":"637423240666","eventCategory":"Management","tlsDetails":{"tlsVersion":"TLSv1.3","cipherSuite":"TLS_AES_128_GCM_SHA256","clientProvidedHostHeader":"ec2.ap-southeast-1.amazonaws.com"}},{"eventVersion":"1.09","userIdentity":{"type":"IAMUser","principalId":"AIDAZI2LCYXNLENAY2IQ3","arn":"arn:aws:iam::637423240666:user/dev","accountId":"637423240666","accessKeyId":"AKIAZI2LCYXNH4OISNEW","userName":"dev"},"eventTime":"2024-07-16T07:23:06Z","eventSource":"ec2.amazonaws.com","eventName":"ModifyVpcAttribute","awsRegion":"ap-southeast-1","sourceIPAddress":"129.126.57.197","userAgent":"APN/1.0 HashiCorp/1.0 Terraform/1.3.7 (+https://www.terraform.io) terraform-provider-aws/5.57.0 (+https://registry.terraform.io/providers/hashicorp/aws) aws-sdk-go-v2/1.30.1 os/linux lang/go#1.22.4 md/GOOS#linux md/GOARCH#amd64 api/ec2#1.168.0","requestParameters":{"vpcId":"vpc-0e147b8d897783534","enableDnsHostnames":{"value":true}},"responseElements":{"requestId":"4e349306-49a2-4a7d-9c82-727fb3f41719","_return":true},"requestID":"4e349306-49a2-4a7d-9c82-727fb3f41719","eventID":"eeb17b89-4ccc-4f43-a267-139ceccba71d","readOnly":false,"eventType":"AwsApiCall","managementEvent":true,"recipientAccountId":"637423240666","eventCategory":"Management","tlsDetails":{"tlsVersion":"TLSv1.3","cipherSuite":"TLS_AES_128_GCM_SHA256","clientProvidedHostHeader":"ec2.ap-southeast-1.amazonaws.com"}},{"eventVersion":"1.09","userIdentity":{"type":"IAMUser","principalId":"AIDAZI2LCYXNLENAY2IQ3","arn":"arn:aws:iam::637423240666:user/dev","accountId":"637423240666","accessKeyId":"AKIAZI2LCYXNH4OISNEW","userName":"dev"},"eventTime":"2024-07-16T07:23:17Z","eventSource":"ec2.amazonaws.com","eventName":"DescribeVpcAttribute","awsRegion":"ap-southeast-1","sourceIPAddress":"129.126.57.197","userAgent":"APN/1.0 HashiCorp/1.0 Terraform/1.3.7 (+https://www.terraform.io) terraform-provider-aws/5.57.0 (+https://registry.terraform.io/providers/hashicorp/aws) aws-sdk-go-v2/1.30.1 os/linux lang/go#1.22.4 md/GOOS#linux md/GOARCH#amd64 api/ec2#1.168.0","requestParameters":{"vpcId":"vpc-0e147b8d897783534"},"responseElements":null,"requestID":"7efbfcaf-2285-487d-a316-cd793d97643c","eventID":"36f9aaf1-bf74-477b-9460-1cda92ea5015","readOnly":true,"eventType":"AwsApiCall","managementEvent":true,"recipientAccountId":"637423240666","eventCategory":"Management","tlsDetails":{"tlsVersion":"TLSv1.3","cipherSuite":"TLS_AES_128_GCM_SHA256","clientProvidedHostHeader":"ec2.ap-southeast-1.amazonaws.com"}},{"eventVersion":"1.09","userIdentity":{"type":"IAMUser","principalId":"AIDAZI2LCYXNLENAY2IQ3","arn":"arn:aws:iam::637423240666:user/dev","accountId":"637423240666","accessKeyId":"AKIAZI2LCYXNH4OISNEW","userName":"dev"},"eventTime":"2024-07-16T07:23:17Z","eventSource":"ec2.amazonaws.com","eventName":"DescribeVpcs","awsRegion":"ap-southeast-1","sourceIPAddress":"129.126.57.197","userAgent":"APN/1.0 HashiCorp/1.0 Terraform/1.3.7 (+https://www.terraform.io) terraform-provider-aws/5.57.0 (+https://registry.terraform.io/providers/hashicorp/aws) m/C aws-sdk-go-v2/1.30.1 os/linux lang/go#1.22.4 md/GOOS#linux md/GOARCH#amd64 api/ec2#1.168.0","requestParameters":{"vpcSet":{"items":[{"vpcId":"vpc-0e147b8d897783534"}]},"filterSet":{}},"responseElements":null,"requestID":"5bb75762-1429-4069-a3a3-2de9e7eca5bd","eventID":"0888d9ba-83f2-469a-930c-37425c2bb29f","readOnly":true,"eventType":"AwsApiCall","managementEvent":true,"recipientAccountId":"637423240666","eventCategory":"Management","tlsDetails":{"tlsVersion":"TLSv1.3","cipherSuite":"TLS_AES_128_GCM_SHA256","clientProvidedHostHeader":"ec2.ap-southeast-1.amazonaws.com"}},{"eventVersion":"1.09","userIdentity":{"type":"IAMUser","principalId":"AIDAZI2LCYXNLENAY2IQ3","arn":"arn:aws:iam::637423240666:user/dev","accountId":"637423240666","accessKeyId":"AKIAZI2LCYXNH4OISNEW","userName":"dev"},"eventTime":"2024-07-16T07:23:17Z","eventSource":"ec2.amazonaws.com","eventName":"DescribeVpcAttribute","awsRegion":"ap-southeast-1","sourceIPAddress":"129.126.57.197","userAgent":"APN/1.0 HashiCorp/1.0 Terraform/1.3.7 (+https://www.terraform.io) terraform-provider-aws/5.57.0 (+https://registry.terraform.io/providers/hashicorp/aws) aws-sdk-go-v2/1.30.1 os/linux lang/go#1.22.4 md/GOOS#linux md/GOARCH#amd64 api/ec2#1.168.0","requestParameters":{"vpcId":"vpc-0e147b8d897783534"},"responseElements":null,"requestID":"e1cd9495-e554-41c0-955c-22b45347ace7","eventID":"2e330969-bd6c-4b91-bc3f-1f54526047a6","readOnly":true,"eventType":"AwsApiCall","managementEvent":true,"recipientAccountId":"637423240666","eventCategory":"Management","tlsDetails":{"tlsVersion":"TLSv1.3","cipherSuite":"TLS_AES_128_GCM_SHA256","clientProvidedHostHeader":"ec2.ap-southeast-1.amazonaws.com"}},{"eventVersion":"1.09","userIdentity":{"type":"IAMUser","principalId":"AIDAZI2LCYXNLENAY2IQ3","arn":"arn:aws:iam::637423240666:user/dev","accountId":"637423240666","accessKeyId":"AKIAZI2LCYXNH4OISNEW","userName":"dev"},"eventTime":"2024-07-16T07:23:17Z","eventSource":"ec2.amazonaws.com","eventName":"DescribeVpcAttribute","awsRegion":"ap-southeast-1","sourceIPAddress":"129.126.57.197","userAgent":"APN/1.0 HashiCorp/1.0 Terraform/1.3.7 (+https://www.terraform.io) terraform-provider-aws/5.57.0 (+https://registry.terraform.io/providers/hashicorp/aws) aws-sdk-go-v2/1.30.1 os/linux lang/go#1.22.4 md/GOOS#linux md/GOARCH#amd64 api/ec2#1.168.0","requestParameters":{"vpcId":"vpc-0e147b8d897783534"},"responseElements":null,"requestID":"cf0a123c-2587-47bb-9a8b-0c30b308314f","eventID":"0dbc50c7-ea68-4abd-b80d-b9c06b526dd9","readOnly":true,"eventType":"AwsApiCall","managementEvent":true,"recipientAccountId":"637423240666","eventCategory":"Management","tlsDetails":{"tlsVersion":"TLSv1.3","cipherSuite":"TLS_AES_128_GCM_SHA256","clientProvidedHostHeader":"ec2.ap-southeast-1.amazonaws.com"}},{"eventVersion":"1.09","userIdentity":{"type":"IAMUser","principalId":"AIDAZI2LCYXNLENAY2IQ3","arn":"arn:aws:iam::637423240666:user/dev","accountId":"637423240666","accessKeyId":"AKIAZI2LCYXNH4OISNEW","userName":"dev"},"eventTime":"2024-07-16T07:23:17Z","eventSource":"ec2.amazonaws.com","eventName":"DescribeVpcAttribute","awsRegion":"ap-southeast-1","sourceIPAddress":"129.126.57.197","userAgent":"APN/1.0 HashiCorp/1.0 Terraform/1.3.7 (+https://www.terraform.io) terraform-provider-aws/5.57.0 (+https://registry.terraform.io/providers/hashicorp/aws) aws-sdk-go-v2/1.30.1 os/linux lang/go#1.22.4 md/GOOS#linux md/GOARCH#amd64 api/ec2#1.168.0","requestParameters":{"vpcId":"vpc-0e147b8d897783534"},"responseElements":null,"requestID":"73855659-de95-4e9f-8901-98c36317ceae","eventID":"4a6450ec-3ee5-465e-9165-1b8cdfdfb9e8","readOnly":true,"eventType":"AwsApiCall","managementEvent":true,"recipientAccountId":"637423240666","eventCategory":"Management","tlsDetails":{"tlsVersion":"TLSv1.3","cipherSuite":"TLS_AES_128_GCM_SHA256","clientProvidedHostHeader":"ec2.ap-southeast-1.amazonaws.com"}},{"eventVersion":"1.09","userIdentity":{"type":"IAMUser","principalId":"AIDAZI2LCYXNLENAY2IQ3","arn":"arn:aws:iam::637423240666:user/dev","accountId":"637423240666","accessKeyId":"AKIAZI2LCYXNH4OISNEW","userName":"dev"},"eventTime":"2024-07-16T07:23:17Z","eventSource":"ec2.amazonaws.com","eventName":"DescribeNetworkAcls","awsRegion":"ap-southeast-1","sourceIPAddress":"129.126.57.197","userAgent":"APN/1.0 HashiCorp/1.0 Terraform/1.3.7 (+https://www.terraform.io) terraform-provider-aws/5.57.0 (+https://registry.terraform.io/providers/hashicorp/aws) m/C aws-sdk-go-v2/1.30.1 os/linux lang/go#1.22.4 md/GOOS#linux md/GOARCH#amd64 api/ec2#1.168.0","requestParameters":{"networkAclIdSet":{},"filterSet":{"items":[{"name":"default","valueSet":{"items":[{"value":"true"}]}},{"name":"vpc-id","valueSet":{"items":[{"value":"vpc-0e147b8d897783534"}]}}]}},"responseElements":null,"requestID":"ccb500dd-b65f-4988-8558-b3d4651c8eda","eventID":"20bc5e2c-2222-4f31-bdcb-f5633ca7b1ea","readOnly":true,"eventType":"AwsApiCall","managementEvent":true,"recipientAccountId":"637423240666","eventCategory":"Management","tlsDetails":{"tlsVersion":"TLSv1.3","cipherSuite":"TLS_AES_128_GCM_SHA256","clientProvidedHostHeader":"ec2.ap-southeast-1.amazonaws.com"}},{"eventVersion":"1.09","userIdentity":{"type":"IAMUser","principalId":"AIDAZI2LCYXNLENAY2IQ3","arn":"arn:aws:iam::637423240666:user/dev","accountId":"637423240666","accessKeyId":"AKIAZI2LCYXNH4OISNEW","userName":"dev"},"eventTime":"2024-07-16T07:23:17Z","eventSource":"ec2.amazonaws.com","eventName":"CreateInternetGateway","awsRegion":"ap-southeast-1","sourceIPAddress":"129.126.57.197","userAgent":"APN/1.0 HashiCorp/1.0 Terraform/1.3.7 (+https://www.terraform.io) terraform-provider-aws/5.57.0 (+https://registry.terraform.io/providers/hashicorp/aws) aws-sdk-go/1.54.13 (go1.22.4; linux; amd64)","requestParameters":null,"responseElements":{"requestId":"192acac9-d46a-4a34-b8a9-c6e94391813b","internetGateway":{"internetGatewayId":"igw-05781ef3efa55de9b","ownerId":"637423240666","attachmentSet":{},"tagSet":{},"association":{}}},"requestID":"192acac9-d46a-4a34-b8a9-c6e94391813b","eventID":"144b4bca-2996-49d2-b30a-eb5853e4ac30","readOnly":false,"eventType":"AwsApiCall","managementEvent":true,"recipientAccountId":"637423240666","eventCategory":"Management","tlsDetails":{"tlsVersion":"TLSv1.3","cipherSuite":"TLS_AES_128_GCM_SHA256","clientProvidedHostHeader":"ec2.ap-southeast-1.amazonaws.com"}},{"eventVersion":"1.09","userIdentity":{"type":"IAMUser","principalId":"AIDAZI2LCYXNLENAY2IQ3","arn":"arn:aws:iam::637423240666:user/dev","accountId":"637423240666","accessKeyId":"AKIAZI2LCYXNH4OISNEW","userName":"dev"},"eventTime":"2024-07-16T07:23:18Z","eventSource":"ec2.amazonaws.com","eventName":"AttachInternetGateway","awsRegion":"ap-southeast-1","sourceIPAddress":"129.126.57.197","userAgent":"APN/1.0 HashiCorp/1.0 Terraform/1.3.7 (+https://www.terraform.io) terraform-provider-aws/5.57.0 (+https://registry.terraform.io/providers/hashicorp/aws) aws-sdk-go/1.54.13 (go1.22.4; linux; amd64)","requestParameters":{"internetGatewayId":"igw-05781ef3efa55de9b","vpcId":"vpc-0e147b8d897783534"},"responseElements":{"requestId":"b4028d4f-60b3-49b3-95e3-7fc9bece1b39","_return":true},"requestID":"b4028d4f-60b3-49b3-95e3-7fc9bece1b39","eventID":"1093e7bd-bf27-4a07-8c37-c5685dfe9f9b","readOnly":false,"eventType":"AwsApiCall","managementEvent":true,"recipientAccountId":"637423240666","eventCategory":"Management","tlsDetails":{"tlsVersion":"TLSv1.3","cipherSuite":"TLS_AES_128_GCM_SHA256","clientProvidedHostHeader":"ec2.ap-southeast-1.amazonaws.com"}},{"eventVersion":"1.09","userIdentity":{"type":"IAMUser","principalId":"AIDAZI2LCYXNLENAY2IQ3","arn":"arn:aws:iam::637423240666:user/dev","accountId":"637423240666","accessKeyId":"AKIAZI2LCYXNH4OISNEW","userName":"dev"},"eventTime":"2024-07-16T07:23:18Z","eventSource":"ec2.amazonaws.com","eventName":"DescribeSubnets","awsRegion":"ap-southeast-1","sourceIPAddress":"129.126.57.197","userAgent":"APN/1.0 HashiCorp/1.0 Terraform/1.3.7 (+https://www.terraform.io) terraform-provider-aws/5.57.0 (+https://registry.terraform.io/providers/hashicorp/aws) aws-sdk-go/1.54.13 (go1.22.4; linux; amd64)","requestParameters":{"subnetSet":{"items":[{"subnetId":"subnet-09057627c1459eaa8"}]},"filterSet":{}},"responseElements":null,"requestID":"df47825f-a90c-47ba-a9b8-3fc80d6c66e0","eventID":"fbb01bfb-1859-49aa-be07-1f5d01a061a7","readOnly":true,"eventType":"AwsApiCall","managementEvent":true,"recipientAccountId":"637423240666","eventCategory":"Management","tlsDetails":{"tlsVersion":"TLSv1.3","cipherSuite":"TLS_AES_128_GCM_SHA256","clientProvidedHostHeader":"ec2.ap-southeast-1.amazonaws.com"}},{"eventVersion":"1.09","userIdentity":{"type":"IAMUser","principalId":"AIDAZI2LCYXNLENAY2IQ3","arn":"arn:aws:iam::637423240666:user/dev","accountId":"637423240666","accessKeyId":"AKIAZI2LCYXNH4OISNEW","userName":"dev"},"eventTime":"2024-07-16T07:23:18Z","eventSource":"ec2.amazonaws.com","eventName":"DescribeSubnets","awsRegion":"ap-southeast-1","sourceIPAddress":"129.126.57.197","userAgent":"APN/1.0 HashiCorp/1.0 Terraform/1.3.7 (+https://www.terraform.io) terraform-provider-aws/5.57.0 (+https://registry.terraform.io/providers/hashicorp/aws) aws-sdk-go/1.54.13 (go1.22.4; linux; amd64)","requestParameters":{"subnetSet":{"items":[{"subnetId":"subnet-09057627c1459eaa8"}]},"filterSet":{}},"responseElements":null,"requestID":"c725c8dc-becb-4b2a-8036-69a2ebbcba19","eventID":"429e1710-32c2-40e2-84b9-9dc40630e979","readOnly":true,"eventType":"AwsApiCall","managementEvent":true,"recipientAccountId":"637423240666","eventCategory":"Management","tlsDetails":{"tlsVersion":"TLSv1.3","cipherSuite":"TLS_AES_128_GCM_SHA256","clientProvidedHostHeader":"ec2.ap-southeast-1.amazonaws.com"}},{"eventVersion":"1.09","userIdentity":{"type":"IAMUser","principalId":"AIDAZI2LCYXNLENAY2IQ3","arn":"arn:aws:iam::637423240666:user/dev","accountId":"637423240666","accessKeyId":"AKIAZI2LCYXNH4OISNEW","userName":"dev"},"eventTime":"2024-07-16T07:23:18Z","eventSource":"ec2.amazonaws.com","eventName":"DescribeSecurityGroups","awsRegion":"ap-southeast-1","sourceIPAddress":"129.126.57.197","userAgent":"APN/1.0 HashiCorp/1.0 Terraform/1.3.7 (+https://www.terraform.io) terraform-provider-aws/5.57.0 (+https://registry.terraform.io/providers/hashicorp/aws) aws-sdk-go/1.54.13 (go1.22.4; linux; amd64)","requestParameters":{"securityGroupSet":{},"securityGroupIdSet":{"items":[{"groupId":"sg-09b648a12c6e7ad4c"}]},"filterSet":{}},"responseElements":null,"requestID":"4eb5833f-eccf-4540-9500-8b664bc19dcb","eventID":"d6fa819f-519a-4e0f-bf57-eee15976a73a","readOnly":true,"eventType":"AwsApiCall","managementEvent":true,"recipientAccountId":"637423240666","eventCategory":"Management","tlsDetails":{"tlsVersion":"TLSv1.3","cipherSuite":"TLS_AES_128_GCM_SHA256","clientProvidedHostHeader":"ec2.ap-southeast-1.amazonaws.com"}},{"eventVersion":"1.09","userIdentity":{"type":"IAMUser","principalId":"AIDAZI2LCYXNLENAY2IQ3","arn":"arn:aws:iam::637423240666:user/dev","accountId":"637423240666","accessKeyId":"AKIAZI2LCYXNH4OISNEW","userName":"dev"},"eventTime":"2024-07-16T07:23:18Z","eventSource":"ec2.amazonaws.com","eventName":"DescribeSecurityGroups","awsRegion":"ap-southeast-1","sourceIPAddress":"129.126.57.197","userAgent":"APN/1.0 HashiCorp/1.0 Terraform/1.3.7 (+https://www.terraform.io) terraform-provider-aws/5.57.0 (+https://registry.terraform.io/providers/hashicorp/aws) aws-sdk-go/1.54.13 (go1.22.4; linux; amd64)","requestParameters":{"securityGroupSet":{},"securityGroupIdSet":{"items":[{"groupId":"sg-09b648a12c6e7ad4c"}]},"filterSet":{}},"responseElements":null,"requestID":"e4275e5e-a6d7-4a68-87c1-87c6828fded4","eventID":"fab9584a-4816-488b-9d29-2df254649cb0","readOnly":true,"eventType":"AwsApiCall","managementEvent":true,"recipientAccountId":"637423240666","eventCategory":"Management","tlsDetails":{"tlsVersion":"TLSv1.3","cipherSuite":"TLS_AES_128_GCM_SHA256","clientProvidedHostHeader":"ec2.ap-southeast-1.amazonaws.com"}},{"eventVersion":"1.09","userIdentity":{"type":"IAMUser","principalId":"AIDAZI2LCYXNLENAY2IQ3","arn":"arn:aws:iam::637423240666:user/dev","accountId":"637423240666","accessKeyId":"AKIAZI2LCYXNH4OISNEW","userName":"dev"},"eventTime":"2024-07-16T07:23:19Z","eventSource":"ec2.amazonaws.com","eventName":"RevokeSecurityGroupEgress","awsRegion":"ap-southeast-1","sourceIPAddress":"129.126.57.197","userAgent":"APN/1.0 HashiCorp/1.0 Terraform/1.3.7 (+https://www.terraform.io) terraform-provider-aws/5.57.0 (+https://registry.terraform.io/providers/hashicorp/aws) aws-sdk-go/1.54.13 (go1.22.4; linux; amd64)","requestParameters":{"groupId":"sg-09b648a12c6e7ad4c","ipPermissions":{"items":[{"ipProtocol":"-1","fromPort":0,"toPort":0,"groups":{},"ipRanges":{"items":[{"cidrIp":"0.0.0.0/0"}]},"ipv6Ranges":{},"prefixListIds":{}}]}},"responseElements":{"requestId":"b92ed3d7-5041-4ea8-aa32-2f69057c75a6","_return":true,"revokedSecurityGroupRuleSet":{"items":[{"groupId":"sg-09b648a12c6e7ad4c","securityGroupRuleId":"sgr-0829af642ffc6dd34","isEgress":true,"ipProtocol":"-1","fromPort":-1,"toPort":-1,"cidrIpv4":"0.0.0.0/0"}]}},"requestID":"b92ed3d7-5041-4ea8-aa32-2f69057c75a6","eventID":"fb947272-6959-4abf-bd29-98d9360da928","readOnly":false,"eventType":"AwsApiCall","managementEvent":true,"recipientAccountId":"637423240666","eventCategory":"Management","tlsDetails":{"tlsVersion":"TLSv1.3","cipherSuite":"TLS_AES_128_GCM_SHA256","clientProvidedHostHeader":"ec2.ap-southeast-1.amazonaws.com"}},{"eventVersion":"1.09","userIdentity":{"type":"IAMUser","principalId":"AIDAZI2LCYXNLENAY2IQ3","arn":"arn:aws:iam::637423240666:user/dev","accountId":"637423240666","accessKeyId":"AKIAZI2LCYXNH4OISNEW","userName":"dev"},"eventTime":"2024-07-16T07:23:18Z","eventSource":"ec2.amazonaws.com","eventName":"CreateRouteTable","awsRegion":"ap-southeast-1","sourceIPAddress":"129.126.57.197","userAgent":"APN/1.0 HashiCorp/1.0 Terraform/1.3.7 (+https://www.terraform.io) terraform-provider-aws/5.57.0 (+https://registry.terraform.io/providers/hashicorp/aws) aws-sdk-go-v2/1.30.1 os/linux lang/go#1.22.4 md/GOOS#linux md/GOARCH#amd64 api/ec2#1.168.0","requestParameters":{"vpcId":"vpc-0e147b8d897783534","clientToken":"terraform-20240716072318473900000001"},"responseElements":{"requestId":"de89a54c-217b-43c1-aeae-7c54ba4be020","routeTable":{"routeTableId":"rtb-0efebfd9926cbdc37","vpcId":"vpc-0e147b8d897783534","ownerId":"637423240666","routeSet":{"items":[{"destinationCidrBlock":"192.168.0.0/16","gatewayId":"local","state":"active","origin":"CreateRouteTable"}]},"associationSet":{},"propagatingVgwSet":{},"tagSet":{}},"clientToken":"terraform-20240716072318473900000001"},"requestID":"de89a54c-217b-43c1-aeae-7c54ba4be020","eventID":"fd3adb1d-812d-48d8-96bf-b5ef166c01d7","readOnly":false,"eventType":"AwsApiCall","managementEvent":true,"recipientAccountId":"637423240666","eventCategory":"Management","tlsDetails":{"tlsVersion":"TLSv1.3","cipherSuite":"TLS_AES_128_GCM_SHA256","clientProvidedHostHeader":"ec2.ap-southeast-1.amazonaws.com"}},{"eventVersion":"1.09","userIdentity":{"type":"IAMUser","principalId":"AIDAZI2LCYXNLENAY2IQ3","arn":"arn:aws:iam::637423240666:user/dev","accountId":"637423240666","accessKeyId":"AKIAZI2LCYXNH4OISNEW","userName":"dev"},"eventTime":"2024-07-16T07:23:17Z","eventSource":"ec2.amazonaws.com","eventName":"DescribeSecurityGroups","awsRegion":"ap-southeast-1","sourceIPAddress":"129.126.57.197","userAgent":"APN/1.0 HashiCorp/1.0 Terraform/1.3.7 (+https://www.terraform.io) terraform-provider-aws/5.57.0 (+https://registry.terraform.io/providers/hashicorp/aws) m/C aws-sdk-go-v2/1.30.1 os/linux lang/go#1.22.4 md/GOOS#linux md/GOARCH#amd64 api/ec2#1.168.0","requestParameters":{"securityGroupSet":{},"securityGroupIdSet":{},"filterSet":{"items":[{"name":"group-name","valueSet":{"items":[{"value":"default"}]}},{"name":"vpc-id","valueSet":{"items":[{"value":"vpc-0e147b8d897783534"}]}}]}},"responseElements":null,"requestID":"35f89c9f-e157-48ea-b3b1-7feb3060d8e6","eventID":"86a88a17-7456-4b91-8972-91a5c6fba843","readOnly":true,"eventType":"AwsApiCall","managementEvent":true,"recipientAccountId":"637423240666","eventCategory":"Management","tlsDetails":{"tlsVersion":"TLSv1.3","cipherSuite":"TLS_AES_128_GCM_SHA256","clientProvidedHostHeader":"ec2.ap-southeast-1.amazonaws.com"}},{"eventVersion":"1.09","userIdentity":{"type":"IAMUser","principalId":"AIDAZI2LCYXNLENAY2IQ3","arn":"arn:aws:iam::637423240666:user/dev","accountId":"637423240666","accessKeyId":"AKIAZI2LCYXNH4OISNEW","userName":"dev"},"eventTime":"2024-07-16T07:23:18Z","eventSource":"ec2.amazonaws.com","eventName":"DescribeRouteTables","awsRegion":"ap-southeast-1","sourceIPAddress":"129.126.57.197","userAgent":"APN/1.0 HashiCorp/1.0 Terraform/1.3.7 (+https://www.terraform.io) terraform-provider-aws/5.57.0 (+https://registry.terraform.io/providers/hashicorp/aws) m/C aws-sdk-go-v2/1.30.1 os/linux lang/go#1.22.4 md/GOOS#linux md/GOARCH#amd64 api/ec2#1.168.0","requestParameters":{"routeTableIdSet":{"items":[{"routeTableId":"rtb-0efebfd9926cbdc37"}]},"filterSet":{}},"responseElements":null,"requestID":"182d941a-af3f-4ab8-be1b-b67968a4facc","eventID":"ef4a7d0a-fcf5-4c01-b9ed-8443c883583e","readOnly":true,"eventType":"AwsApiCall","managementEvent":true,"recipientAccountId":"637423240666","eventCategory":"Management","tlsDetails":{"tlsVersion":"TLSv1.3","cipherSuite":"TLS_AES_128_GCM_SHA256","clientProvidedHostHeader":"ec2.ap-southeast-1.amazonaws.com"}},{"eventVersion":"1.09","userIdentity":{"type":"IAMUser","principalId":"AIDAZI2LCYXNLENAY2IQ3","arn":"arn:aws:iam::637423240666:user/dev","accountId":"637423240666","accessKeyId":"AKIAZI2LCYXNH4OISNEW","userName":"dev"},"eventTime":"2024-07-16T07:23:18Z","eventSource":"ec2.amazonaws.com","eventName":"DescribeRouteTables","awsRegion":"ap-southeast-1","sourceIPAddress":"129.126.57.197","userAgent":"APN/1.0 HashiCorp/1.0 Terraform/1.3.7 (+https://www.terraform.io) terraform-provider-aws/5.57.0 (+https://registry.terraform.io/providers/hashicorp/aws) m/C aws-sdk-go-v2/1.30.1 os/linux lang/go#1.22.4 md/GOOS#linux md/GOARCH#amd64 api/ec2#1.168.0","requestParameters":{"routeTableIdSet":{"items":[{"routeTableId":"rtb-0efebfd9926cbdc37"}]},"filterSet":{}},"responseElements":null,"requestID":"488d0d70-78a4-42ba-b543-a80a90eccb4a","eventID":"bc27077c-71ec-4e39-9d6a-bc456e9fca48","readOnly":true,"eventType":"AwsApiCall","managementEvent":true,"recipientAccountId":"637423240666","eventCategory":"Management","tlsDetails":{"tlsVersion":"TLSv1.3","cipherSuite":"TLS_AES_128_GCM_SHA256","clientProvidedHostHeader":"ec2.ap-southeast-1.amazonaws.com"}},{"eventVersion":"1.09","userIdentity":{"type":"IAMUser","principalId":"AIDAZI2LCYXNLENAY2IQ3","arn":"arn:aws:iam::637423240666:user/dev","accountId":"637423240666","accessKeyId":"AKIAZI2LCYXNH4OISNEW","userName":"dev"},"eventTime":"2024-07-16T07:23:19Z","eventSource":"ec2.amazonaws.com","eventName":"CreateRoute","awsRegion":"ap-southeast-1","sourceIPAddress":"129.126.57.197","userAgent":"APN/1.0 HashiCorp/1.0 Terraform/1.3.7 (+https://www.terraform.io) terraform-provider-aws/5.57.0 (+https://registry.terraform.io/providers/hashicorp/aws) aws-sdk-go-v2/1.30.1 os/linux lang/go#1.22.4 md/GOOS#linux md/GOARCH#amd64 api/ec2#1.168.0","requestParameters":{"routeTableId":"rtb-0efebfd9926cbdc37","destinationCidrBlock":"0.0.0.0/0","gatewayId":"igw-05781ef3efa55de9b"},"responseElements":{"requestId":"0530bbad-0788-470a-9766-53570853060b","_return":true},"requestID":"0530bbad-0788-470a-9766-53570853060b","eventID":"7ca845d4-0955-4af2-b333-0b3791bdfaa9","readOnly":false,"eventType":"AwsApiCall","managementEvent":true,"recipientAccountId":"637423240666","eventCategory":"Management","tlsDetails":{"tlsVersion":"TLSv1.3","cipherSuite":"TLS_AES_128_GCM_SHA256","clientProvidedHostHeader":"ec2.ap-southeast-1.amazonaws.com"}},{"eventVersion":"1.09","userIdentity":{"type":"IAMUser","principalId":"AIDAZI2LCYXNLENAY2IQ3","arn":"arn:aws:iam::637423240666:user/dev","accountId":"637423240666","accessKeyId":"AKIAZI2LCYXNH4OISNEW","userName":"dev"},"eventTime":"2024-07-16T07:23:19Z","eventSource":"ec2.amazonaws.com","eventName":"DescribeRouteTables","awsRegion":"ap-southeast-1","sourceIPAddress":"129.126.57.197","userAgent":"APN/1.0 HashiCorp/1.0 Terraform/1.3.7 (+https://www.terraform.io) terraform-provider-aws/5.57.0 (+https://registry.terraform.io/providers/hashicorp/aws) m/C aws-sdk-go-v2/1.30.1 os/linux lang/go#1.22.4 md/GOOS#linux md/GOARCH#amd64 api/ec2#1.168.0","requestParameters":{"routeTableIdSet":{"items":[{"routeTableId":"rtb-0efebfd9926cbdc37"}]},"filterSet":{}},"responseElements":null,"requestID":"650d785c-c22b-4e31-a1d4-f5cdd001a1fd","eventID":"1651cc61-b3fa-44cc-bbe6-d018e83dff4f","readOnly":true,"eventType":"AwsApiCall","managementEvent":true,"recipientAccountId":"637423240666","eventCategory":"Management","tlsDetails":{"tlsVersion":"TLSv1.3","cipherSuite":"TLS_AES_128_GCM_SHA256","clientProvidedHostHeader":"ec2.ap-southeast-1.amazonaws.com"}},{"eventVersion":"1.09","userIdentity":{"type":"IAMUser","principalId":"AIDAZI2LCYXNLENAY2IQ3","arn":"arn:aws:iam::637423240666:user/dev","accountId":"637423240666","accessKeyId":"AKIAZI2LCYXNH4OISNEW","userName":"dev"},"eventTime":"2024-07-16T07:23:19Z","eventSource":"ec2.amazonaws.com","eventName":"DescribeRouteTables","awsRegion":"ap-southeast-1","sourceIPAddress":"129.126.57.197","userAgent":"APN/1.0 HashiCorp/1.0 Terraform/1.3.7 (+https://www.terraform.io) terraform-provider-aws/5.57.0 (+https://registry.terraform.io/providers/hashicorp/aws) m/C aws-sdk-go-v2/1.30.1 os/linux lang/go#1.22.4 md/GOOS#linux md/GOARCH#amd64 api/ec2#1.168.0","requestParameters":{"routeTableIdSet":{"items":[{"routeTableId":"rtb-0efebfd9926cbdc37"}]},"filterSet":{}},"responseElements":null,"requestID":"6a0579ae-2135-4457-8b23-ebb389d9c960","eventID":"9eabfcf1-d64a-415f-bdd1-4765127caf71","readOnly":true,"eventType":"AwsApiCall","managementEvent":true,"recipientAccountId":"637423240666","eventCategory":"Management","tlsDetails":{"tlsVersion":"TLSv1.3","cipherSuite":"TLS_AES_128_GCM_SHA256","clientProvidedHostHeader":"ec2.ap-southeast-1.amazonaws.com"}},{"eventVersion":"1.09","userIdentity":{"type":"IAMUser","principalId":"AIDAZI2LCYXNLENAY2IQ3","arn":"arn:aws:iam::637423240666:user/dev","accountId":"637423240666","accessKeyId":"AKIAZI2LCYXNH4OISNEW","userName":"dev"},"eventTime":"2024-07-16T07:23:19Z","eventSource":"ec2.amazonaws.com","eventName":"DescribeRouteTables","awsRegion":"ap-southeast-1","sourceIPAddress":"129.126.57.197","userAgent":"APN/1.0 HashiCorp/1.0 Terraform/1.3.7 (+https://www.terraform.io) terraform-provider-aws/5.57.0 (+https://registry.terraform.io/providers/hashicorp/aws) m/C aws-sdk-go-v2/1.30.1 os/linux lang/go#1.22.4 md/GOOS#linux md/GOARCH#amd64 api/ec2#1.168.0","requestParameters":{"routeTableIdSet":{"items":[{"routeTableId":"rtb-0efebfd9926cbdc37"}]},"filterSet":{}},"responseElements":null,"requestID":"b6621827-0f72-4025-bf7f-8aa7a1a5f86f","eventID":"8dda5983-1132-4035-8838-230d75e09db9","readOnly":true,"eventType":"AwsApiCall","managementEvent":true,"recipientAccountId":"637423240666","eventCategory":"Management","tlsDetails":{"tlsVersion":"TLSv1.3","cipherSuite":"TLS_AES_128_GCM_SHA256","clientProvidedHostHeader":"ec2.ap-southeast-1.amazonaws.com"}},{"eventVersion":"1.09","userIdentity":{"type":"IAMUser","principalId":"AIDAZI2LCYXNLENAY2IQ3","arn":"arn:aws:iam::637423240666:user/dev","accountId":"637423240666","accessKeyId":"AKIAZI2LCYXNH4OISNEW","userName":"dev"},"eventTime":"2024-07-16T07:23:17Z","eventSource":"ec2.amazonaws.com","eventName":"DescribeRouteTables","awsRegion":"ap-southeast-1","sourceIPAddress":"129.126.57.197","userAgent":"APN/1.0 HashiCorp/1.0 Terraform/1.3.7 (+https://www.terraform.io) terraform-provider-aws/5.57.0 (+https://registry.terraform.io/providers/hashicorp/aws) m/C aws-sdk-go-v2/1.30.1 os/linux lang/go#1.22.4 md/GOOS#linux md/GOARCH#amd64 api/ec2#1.168.0","requestParameters":{"routeTableIdSet":{},"filterSet":{"items":[{"name":"association.main","valueSet":{"items":[{"value":"true"}]}},{"name":"vpc-id","valueSet":{"items":[{"value":"vpc-0e147b8d897783534"}]}}]}},"responseElements":null,"requestID":"b26387e7-e5a8-4d94-8489-e366605d83b2","eventID":"5cb31c12-4c8b-4d28-af57-61e9a4fc7911","readOnly":true,"eventType":"AwsApiCall","managementEvent":true,"recipientAccountId":"637423240666","eventCategory":"Management","tlsDetails":{"tlsVersion":"TLSv1.3","cipherSuite":"TLS_AES_128_GCM_SHA256","clientProvidedHostHeader":"ec2.ap-southeast-1.amazonaws.com"}},{"eventVersion":"1.09","userIdentity":{"type":"IAMUser","principalId":"AIDAZI2LCYXNLENAY2IQ3","arn":"arn:aws:iam::637423240666:user/dev","accountId":"637423240666","accessKeyId":"AKIAZI2LCYXNH4OISNEW","userName":"dev"},"eventTime":"2024-07-16T07:23:19Z","eventSource":"ec2.amazonaws.com","eventName":"DescribeSecurityGroups","awsRegion":"ap-southeast-1","sourceIPAddress":"129.126.57.197","userAgent":"APN/1.0 HashiCorp/1.0 Terraform/1.3.7 (+https://www.terraform.io) terraform-provider-aws/5.57.0 (+https://registry.terraform.io/providers/hashicorp/aws) aws-sdk-go/1.54.13 (go1.22.4; linux; amd64)","requestParameters":{"securityGroupSet":{},"securityGroupIdSet":{"items":[{"groupId":"sg-09b648a12c6e7ad4c"}]},"filterSet":{}},"responseElements":null,"requestID":"6524bf95-31d9-4ab0-ab45-e3009d958544","eventID":"423aa29f-ac34-4e51-a30c-17e3bb7adeb0","readOnly":true,"eventType":"AwsApiCall","managementEvent":true,"recipientAccountId":"637423240666","eventCategory":"Management","tlsDetails":{"tlsVersion":"TLSv1.3","cipherSuite":"TLS_AES_128_GCM_SHA256","clientProvidedHostHeader":"ec2.ap-southeast-1.amazonaws.com"}},{"eventVersion":"1.09","userIdentity":{"type":"IAMUser","principalId":"AIDAZI2LCYXNLENAY2IQ3","arn":"arn:aws:iam::637423240666:user/dev","accountId":"637423240666","accessKeyId":"AKIAZI2LCYXNH4OISNEW","userName":"dev"},"eventTime":"2024-07-16T07:23:19Z","eventSource":"ec2.amazonaws.com","eventName":"DescribeSecurityGroups","awsRegion":"ap-southeast-1","sourceIPAddress":"129.126.57.197","userAgent":"APN/1.0 HashiCorp/1.0 Terraform/1.3.7 (+https://www.terraform.io) terraform-provider-aws/5.57.0 (+https://registry.terraform.io/providers/hashicorp/aws) aws-sdk-go/1.54.13 (go1.22.4; linux; amd64)","requestParameters":{"securityGroupSet":{},"securityGroupIdSet":{"items":[{"groupId":"sg-09b648a12c6e7ad4c"}]},"filterSet":{}},"responseElements":null,"requestID":"75ec1c62-9a8c-4462-85f9-07f4d788bbcc","eventID":"d699b5df-ca22-48bf-a402-2bc18123c1e0","readOnly":true,"eventType":"AwsApiCall","managementEvent":true,"recipientAccountId":"637423240666","eventCategory":"Management","tlsDetails":{"tlsVersion":"TLSv1.3","cipherSuite":"TLS_AES_128_GCM_SHA256","clientProvidedHostHeader":"ec2.ap-southeast-1.amazonaws.com"}},{"eventVersion":"1.09","userIdentity":{"type":"IAMUser","principalId":"AIDAZI2LCYXNLENAY2IQ3","arn":"arn:aws:iam::637423240666:user/dev","accountId":"637423240666","accessKeyId":"AKIAZI2LCYXNH4OISNEW","userName":"dev"},"eventTime":"2024-07-16T07:23:18Z","eventSource":"ec2.amazonaws.com","eventName":"CreateSecurityGroup","awsRegion":"ap-southeast-1","sourceIPAddress":"129.126.57.197","userAgent":"APN/1.0 HashiCorp/1.0 Terraform/1.3.7 (+https://www.terraform.io) terraform-provider-aws/5.57.0 (+https://registry.terraform.io/providers/hashicorp/aws) aws-sdk-go/1.54.13 (go1.22.4; linux; amd64)","requestParameters":{"groupName":"Generic network","groupDescription":"Firewall","vpcId":"vpc-0e147b8d897783534"},"responseElements":{"requestId":"ceaf157c-fd85-4541-9d55-c64dd8be92a4","_return":true,"groupId":"sg-09b648a12c6e7ad4c"},"requestID":"ceaf157c-fd85-4541-9d55-c64dd8be92a4","eventID":"b89b278d-33dd-4105-a5c2-1f8822cb0883","readOnly":false,"eventType":"AwsApiCall","managementEvent":true,"recipientAccountId":"637423240666","eventCategory":"Management","tlsDetails":{"tlsVersion":"TLSv1.3","cipherSuite":"TLS_AES_128_GCM_SHA256","clientProvidedHostHeader":"ec2.ap-southeast-1.amazonaws.com"}},{"eventVersion":"1.09","userIdentity":{"type":"IAMUser","principalId":"AIDAZI2LCYXNLENAY2IQ3","arn":"arn:aws:iam::637423240666:user/dev","accountId":"637423240666","accessKeyId":"AKIAZI2LCYXNH4OISNEW","userName":"dev"},"eventTime":"2024-07-16T07:23:18Z","eventSource":"ec2.amazonaws.com","eventName":"CreateSubnet","awsRegion":"ap-southeast-1","sourceIPAddress":"129.126.57.197","userAgent":"APN/1.0 HashiCorp/1.0 Terraform/1.3.7 (+https://www.terraform.io) terraform-provider-aws/5.57.0 (+https://registry.terraform.io/providers/hashicorp/aws) aws-sdk-go/1.54.13 (go1.22.4; linux; amd64)","requestParameters":{"vpcId":"vpc-0e147b8d897783534","cidrBlock":"192.168.0.0/24","availabilityZone":"ap-southeast-1a"},"responseElements":{"requestId":"0782bf6e-5dc2-4f0a-9e46-6942a8265db3","subnet":{"subnetId":"subnet-09057627c1459eaa8","subnetArn":"arn:aws:ec2:ap-southeast-1:637423240666:subnet/subnet-09057627c1459eaa8","state":"available","vpcId":"vpc-0e147b8d897783534","cidrBlock":"192.168.0.0/24","ipv6CidrBlockAssociationSet":{},"availableIpAddressCount":251,"availabilityZone":"ap-southeast-1a","availabilityZoneId":"apse1-az1","ownerId":"637423240666","defaultForAz":false,"mapPublicIpOnLaunch":false,"assignIpv6AddressOnCreation":false,"privateDnsNameOptionsOnLaunch":{"hostnameType":"ip-name","enableResourceNameDnsARecord":false,"enableResourceNameDnsAAAARecord":false},"ipv6Native":false,"enableDns64":false}},"requestID":"0782bf6e-5dc2-4f0a-9e46-6942a8265db3","eventID":"788badda-0dc9-4576-875a-8033139cd5ed","readOnly":false,"eventType":"AwsApiCall","managementEvent":true,"recipientAccountId":"637423240666","eventCategory":"Management","tlsDetails":{"tlsVersion":"TLSv1.3","cipherSuite":"TLS_AES_128_GCM_SHA256","clientProvidedHostHeader":"ec2.ap-southeast-1.amazonaws.com"}},{"eventVersion":"1.09","userIdentity":{"type":"IAMUser","principalId":"AIDAZI2LCYXNLENAY2IQ3","arn":"arn:aws:iam::637423240666:user/dev","accountId":"637423240666","accessKeyId":"AKIAZI2LCYXNH4OISNEW","userName":"dev"},"eventTime":"2024-07-16T07:23:18Z","eventSource":"ec2.amazonaws.com","eventName":"DescribeSecurityGroups","awsRegion":"ap-southeast-1","sourceIPAddress":"129.126.57.197","userAgent":"APN/1.0 HashiCorp/1.0 Terraform/1.3.7 (+https://www.terraform.io) terraform-provider-aws/5.57.0 (+https://registry.terraform.io/providers/hashicorp/aws) aws-sdk-go/1.54.13 (go1.22.4; linux; amd64)","requestParameters":{"securityGroupSet":{},"securityGroupIdSet":{"items":[{"groupId":"sg-09b648a12c6e7ad4c"}]},"filterSet":{}},"responseElements":null,"requestID":"dc89029d-1d4b-4b9b-b9f0-b607f81f24cd","eventID":"9df7cc98-3f4c-4940-a4bb-7c4e53542eb8","readOnly":true,"eventType":"AwsApiCall","managementEvent":true,"recipientAccountId":"637423240666","eventCategory":"Management","tlsDetails":{"tlsVersion":"TLSv1.3","cipherSuite":"TLS_AES_128_GCM_SHA256","clientProvidedHostHeader":"ec2.ap-southeast-1.amazonaws.com"}},{"eventVersion":"1.09","userIdentity":{"type":"IAMUser","principalId":"AIDAZI2LCYXNLENAY2IQ3","arn":"arn:aws:iam::637423240666:user/dev","accountId":"637423240666","accessKeyId":"AKIAZI2LCYXNH4OISNEW","userName":"dev"},"eventTime":"2024-07-16T07:23:18Z","eventSource":"ec2.amazonaws.com","eventName":"DescribeInternetGateways","awsRegion":"ap-southeast-1","sourceIPAddress":"129.126.57.197","userAgent":"APN/1.0 HashiCorp/1.0 Terraform/1.3.7 (+https://www.terraform.io) terraform-provider-aws/5.57.0 (+https://registry.terraform.io/providers/hashicorp/aws) aws-sdk-go/1.54.13 (go1.22.4; linux; amd64)","requestParameters":{"internetGatewayIdSet":{"items":[{"internetGatewayId":"igw-05781ef3efa55de9b"}]},"filterSet":{}},"responseElements":null,"requestID":"af614f43-7888-4240-8447-c00212b848f6","eventID":"e0279a53-1b50-4670-bae8-f39ded2c2133","readOnly":true,"eventType":"AwsApiCall","managementEvent":true,"recipientAccountId":"637423240666","eventCategory":"Management","tlsDetails":{"tlsVersion":"TLSv1.3","cipherSuite":"TLS_AES_128_GCM_SHA256","clientProvidedHostHeader":"ec2.ap-southeast-1.amazonaws.com"}},{"eventVersion":"1.09","userIdentity":{"type":"IAMUser","principalId":"AIDAZI2LCYXNLENAY2IQ3","arn":"arn:aws:iam::637423240666:user/dev","accountId":"637423240666","accessKeyId":"AKIAZI2LCYXNH4OISNEW","userName":"dev"},"eventTime":"2024-07-16T07:23:18Z","eventSource":"ec2.amazonaws.com","eventName":"DescribeInternetGateways","awsRegion":"ap-southeast-1","sourceIPAddress":"129.126.57.197","userAgent":"APN/1.0 HashiCorp/1.0 Terraform/1.3.7 (+https://www.terraform.io) terraform-provider-aws/5.57.0 (+https://registry.terraform.io/providers/hashicorp/aws) aws-sdk-go/1.54.13 (go1.22.4; linux; amd64)","requestParameters":{"internetGatewayIdSet":{"items":[{"internetGatewayId":"igw-05781ef3efa55de9b"}]},"filterSet":{}},"responseElements":null,"requestID":"93c50a10-ed65-4ff1-a47e-8552ca60b188","eventID":"6f6e8f15-635b-4873-8e25-47a794b87fbc","readOnly":true,"eventType":"AwsApiCall","managementEvent":true,"recipientAccountId":"637423240666","eventCategory":"Management","tlsDetails":{"tlsVersion":"TLSv1.3","cipherSuite":"TLS_AES_128_GCM_SHA256","clientProvidedHostHeader":"ec2.ap-southeast-1.amazonaws.com"}},{"eventVersion":"1.09","userIdentity":{"type":"IAMUser","principalId":"AIDAZI2LCYXNLENAY2IQ3","arn":"arn:aws:iam::637423240666:user/dev","accountId":"637423240666","accessKeyId":"AKIAZI2LCYXNH4OISNEW","userName":"dev"},"eventTime":"2024-07-16T07:23:19Z","eventSource":"ec2.amazonaws.com","eventName":"AssociateRouteTable","awsRegion":"ap-southeast-1","sourceIPAddress":"129.126.57.197","userAgent":"APN/1.0 HashiCorp/1.0 Terraform/1.3.7 (+https://www.terraform.io) terraform-provider-aws/5.57.0 (+https://registry.terraform.io/providers/hashicorp/aws) aws-sdk-go-v2/1.30.1 os/linux lang/go#1.22.4 md/GOOS#linux md/GOARCH#amd64 api/ec2#1.168.0","requestParameters":{"routeTableId":"rtb-0efebfd9926cbdc37","subnetId":"subnet-09057627c1459eaa8"},"responseElements":{"requestId":"e2bf7cb4-96b3-4fbe-bcb2-42695966ffae","associationId":"rtbassoc-0fc47fa4c7ce09b52","associationState":{"state":"associated"}},"requestID":"e2bf7cb4-96b3-4fbe-bcb2-42695966ffae","eventID":"df5ddbf8-a2cd-4771-b48f-6b2a49b4bdce","readOnly":false,"eventType":"AwsApiCall","managementEvent":true,"recipientAccountId":"637423240666","eventCategory":"Management","tlsDetails":{"tlsVersion":"TLSv1.3","cipherSuite":"TLS_AES_128_GCM_SHA256","clientProvidedHostHeader":"ec2.ap-southeast-1.amazonaws.com"}},{"eventVersion":"1.09","userIdentity":{"type":"IAMUser","principalId":"AIDAZI2LCYXNLENAY2IQ3","arn":"arn:aws:iam::637423240666:user/dev","accountId":"637423240666","accessKeyId":"AKIAZI2LCYXNH4OISNEW","userName":"dev"},"eventTime":"2024-07-16T07:23:19Z","eventSource":"ec2.amazonaws.com","eventName":"DescribeRouteTables","awsRegion":"ap-southeast-1","sourceIPAddress":"129.126.57.197","userAgent":"APN/1.0 HashiCorp/1.0 Terraform/1.3.7 (+https://www.terraform.io) terraform-provider-aws/5.57.0 (+https://registry.terraform.io/providers/hashicorp/aws) m/C aws-sdk-go-v2/1.30.1 os/linux lang/go#1.22.4 md/GOOS#linux md/GOARCH#amd64 api/ec2#1.168.0","requestParameters":{"routeTableIdSet":{},"filterSet":{"items":[{"name":"association.route-table-association-id","valueSet":{"items":[{"value":"rtbassoc-0fc47fa4c7ce09b52"}]}}]}},"responseElements":null,"requestID":"8d1db828-782c-401c-aeaa-e53b97f5ed24","eventID":"4d90f68a-4759-470e-a6df-7b990e3f5951","readOnly":true,"eventType":"AwsApiCall","managementEvent":true,"recipientAccountId":"637423240666","eventCategory":"Management","tlsDetails":{"tlsVersion":"TLSv1.3","cipherSuite":"TLS_AES_128_GCM_SHA256","clientProvidedHostHeader":"ec2.ap-southeast-1.amazonaws.com"}},{"eventVersion":"1.09","userIdentity":{"type":"IAMUser","principalId":"AIDAZI2LCYXNLENAY2IQ3","arn":"arn:aws:iam::637423240666:user/dev","accountId":"637423240666","accessKeyId":"AKIAZI2LCYXNH4OISNEW","userName":"dev"},"eventTime":"2024-07-16T07:23:19Z","eventSource":"ec2.amazonaws.com","eventName":"DescribeRouteTables","awsRegion":"ap-southeast-1","sourceIPAddress":"129.126.57.197","userAgent":"APN/1.0 HashiCorp/1.0 Terraform/1.3.7 (+https://www.terraform.io) terraform-provider-aws/5.57.0 (+https://registry.terraform.io/providers/hashicorp/aws) m/C aws-sdk-go-v2/1.30.1 os/linux lang/go#1.22.4 md/GOOS#linux md/GOARCH#amd64 api/ec2#1.168.0","requestParameters":{"routeTableIdSet":{},"filterSet":{"items":[{"name":"association.route-table-association-id","valueSet":{"items":[{"value":"rtbassoc-0fc47fa4c7ce09b52"}]}}]}},"responseElements":null,"requestID":"5bd103ca-d3b9-4560-8d79-a2e5c0330297","eventID":"cba0aa1c-a944-4b8a-8d14-125c72e3b6e7","readOnly":true,"eventType":"AwsApiCall","managementEvent":true,"recipientAccountId":"637423240666","eventCategory":"Management","tlsDetails":{"tlsVersion":"TLSv1.3","cipherSuite":"TLS_AES_128_GCM_SHA256","clientProvidedHostHeader":"ec2.ap-southeast-1.amazonaws.com"}},{"eventVersion":"1.09","userIdentity":{"type":"IAMUser","principalId":"AIDAZI2LCYXNLENAY2IQ3","arn":"arn:aws:iam::637423240666:user/dev","accountId":"637423240666","accessKeyId":"AKIAZI2LCYXNH4OISNEW","userName":"dev"},"eventTime":"2024-07-16T07:23:20Z","eventSource":"ec2.amazonaws.com","eventName":"RunInstances","awsRegion":"ap-southeast-1","sourceIPAddress":"129.126.57.197","userAgent":"APN/1.0 HashiCorp/1.0 Terraform/1.3.7 (+https://www.terraform.io) terraform-provider-aws/5.57.0 (+https://registry.terraform.io/providers/hashicorp/aws) aws-sdk-go-v2/1.30.1 os/linux lang/go#1.22.4 md/GOOS#linux md/GOARCH#amd64 api/ec2#1.168.0","requestParameters":{"instancesSet":{"items":[{"imageId":"ami-0df7a207adb9748c7","minCount":1,"maxCount":1}]},"groupSet":{"items":[{"groupId":"sg-09b648a12c6e7ad4c"}]},"instanceType":"t3a.small","blockDeviceMapping":{},"monitoring":{"enabled":false},"subnetId":"subnet-09057627c1459eaa8","disableApiTermination":false,"disableApiStop":false,"clientToken":"terraform-20240716072319835200000002","ebsOptimized":false,"creditSpecification":{"cpuCredits":"unlimited"},"hibernationOptions":{"configured":false}},"responseElements":{"requestId":"7b8daa42-4a89-4c79-b3fc-19163442a074","reservationId":"r-0e420cc9ff32b7b7f","ownerId":"637423240666","groupSet":{},"instancesSet":{"items":[{"instanceId":"i-0faa6adbc74b847ea","imageId":"ami-0df7a207adb9748c7","currentInstanceBootMode":"legacy-bios","instanceState":{"code":0,"name":"pending"},"privateDnsName":"ip-192-168-0-135.ap-southeast-1.compute.internal","amiLaunchIndex":0,"productCodes":{},"instanceType":"t3a.small","launchTime":1721114600000,"placement":{"availabilityZone":"ap-southeast-1a","tenancy":"default"},"monitoring":{"state":"disabled"},"subnetId":"subnet-09057627c1459eaa8","vpcId":"vpc-0e147b8d897783534","privateIpAddress":"192.168.0.135","stateReason":{"code":"pending","message":"pending"},"architecture":"x86_64","rootDeviceType":"ebs","rootDeviceName":"/dev/sda1","blockDeviceMapping":{},"virtualizationType":"hvm","hypervisor":"xen","clientToken":"terraform-20240716072319835200000002","groupSet":{"items":[{"groupId":"sg-09b648a12c6e7ad4c","groupName":"Generic network"}]},"sourceDestCheck":true,"networkInterfaceSet":{"items":[{"networkInterfaceId":"eni-02c0b36913f163721","subnetId":"subnet-09057627c1459eaa8","vpcId":"vpc-0e147b8d897783534","ownerId":"637423240666","status":"in-use","macAddress":"02:87:35:56:21:8b","privateIpAddress":"192.168.0.135","privateDnsName":"ip-192-168-0-135.ap-southeast-1.compute.internal","sourceDestCheck":true,"interfaceType":"interface","groupSet":{"items":[{"groupId":"sg-09b648a12c6e7ad4c","groupName":"Generic network"}]},"attachment":{"attachmentId":"eni-attach-04ad1918ee2dd4c37","deviceIndex":0,"networkCardIndex":0,"status":"attaching","attachTime":1721114600000,"deleteOnTermination":true},"privateIpAddressesSet":{"item":[{"privateIpAddress":"192.168.0.135","privateDnsName":"ip-192-168-0-135.ap-southeast-1.compute.internal","primary":true}]},"ipv6AddressesSet":{},"tagSet":{}}]},"ebsOptimized":false,"enaSupport":true,"cpuOptions":{"coreCount":1,"threadsPerCore":2},"capacityReservationSpecification":{"capacityReservationPreference":"open"},"hibernationOptions":{"configured":false},"enclaveOptions":{"enabled":false},"metadataOptions":{"state":"pending","httpTokens":"optional","httpPutResponseHopLimit":1,"httpEndpoint":"enabled","httpProtocolIpv4":"enabled","httpProtocolIpv6":"disabled","instanceMetadataTags":"disabled"},"maintenanceOptions":{"autoRecovery":"default"},"privateDnsNameOptions":{"hostnameType":"ip-name","enableResourceNameDnsARecord":false,"enableResourceNameDnsAAAARecord":false}}]}},"requestID":"7b8daa42-4a89-4c79-b3fc-19163442a074","eventID":"b57344d3-6019-442a-a442-071da8746183","readOnly":false,"eventType":"AwsApiCall","managementEvent":true,"recipientAccountId":"637423240666","eventCategory":"Management","tlsDetails":{"tlsVersion":"TLSv1.3","cipherSuite":"TLS_AES_128_GCM_SHA256","clientProvidedHostHeader":"ec2.ap-southeast-1.amazonaws.com"}},{"eventVersion":"1.09","userIdentity":{"type":"IAMUser","principalId":"AIDAZI2LCYXNLENAY2IQ3","arn":"arn:aws:iam::637423240666:user/dev","accountId":"637423240666","accessKeyId":"AKIAZI2LCYXNH4OISNEW","userName":"dev"},"eventTime":"2024-07-16T07:23:19Z","eventSource":"ec2.amazonaws.com","eventName":"RevokeSecurityGroupEgress","awsRegion":"ap-southeast-1","sourceIPAddress":"129.126.57.197","userAgent":"APN/1.0 HashiCorp/1.0 Terraform/1.3.7 (+https://www.terraform.io) terraform-provider-aws/5.57.0 (+https://registry.terraform.io/providers/hashicorp/aws) aws-sdk-go/1.54.13 (go1.22.4; linux; amd64)","errorCode":"Client.InvalidPermission.NotFound","errorMessage":"The specified rule does not exist in this security group.","requestParameters":{"groupId":"sg-09b648a12c6e7ad4c","ipPermissions":{"items":[{"ipProtocol":"-1","fromPort":0,"toPort":0,"groups":{},"ipRanges":{},"ipv6Ranges":{"items":[{"cidrIpv6":"::/0"}]},"prefixListIds":{}}]}},"responseElements":null,"requestID":"6b493364-a090-4c00-b83b-e5d45251cd82","eventID":"ccf1c154-0432-4466-befc-e3624da46b00","readOnly":false,"eventType":"AwsApiCall","managementEvent":true,"recipientAccountId":"637423240666","eventCategory":"Management","tlsDetails":{"tlsVersion":"TLSv1.3","cipherSuite":"TLS_AES_128_GCM_SHA256","clientProvidedHostHeader":"ec2.ap-southeast-1.amazonaws.com"}},{"eventVersion":"1.09","userIdentity":{"type":"IAMUser","principalId":"AIDAZI2LCYXNLENAY2IQ3","arn":"arn:aws:iam::637423240666:user/dev","accountId":"637423240666","accessKeyId":"AKIAZI2LCYXNH4OISNEW","userName":"dev"},"eventTime":"2024-07-16T07:23:30Z","eventSource":"ec2.amazonaws.com","eventName":"DescribeInstances","awsRegion":"ap-southeast-1","sourceIPAddress":"129.126.57.197","userAgent":"APN/1.0 HashiCorp/1.0 Terraform/1.3.7 (+https://www.terraform.io) terraform-provider-aws/5.57.0 (+https://registry.terraform.io/providers/hashicorp/aws) m/C aws-sdk-go-v2/1.30.1 os/linux lang/go#1.22.4 md/GOOS#linux md/GOARCH#amd64 api/ec2#1.168.0","requestParameters":{"instancesSet":{"items":[{"instanceId":"i-0faa6adbc74b847ea"}]},"filterSet":{}},"responseElements":null,"requestID":"65ceefdb-774d-499d-8864-d37841f70cbb","eventID":"8b0b84d1-469e-40ed-ad88-27165b9055fc","readOnly":true,"eventType":"AwsApiCall","managementEvent":true,"recipientAccountId":"637423240666","eventCategory":"Management","tlsDetails":{"tlsVersion":"TLSv1.3","cipherSuite":"TLS_AES_128_GCM_SHA256","clientProvidedHostHeader":"ec2.ap-southeast-1.amazonaws.com"}},{"eventVersion":"1.09","userIdentity":{"type":"IAMUser","principalId":"AIDAZI2LCYXNLENAY2IQ3","arn":"arn:aws:iam::637423240666:user/dev","accountId":"637423240666","accessKeyId":"AKIAZI2LCYXNH4OISNEW","userName":"dev"},"eventTime":"2024-07-16T07:23:31Z","eventSource":"ec2.amazonaws.com","eventName":"DescribeTags","awsRegion":"ap-southeast-1","sourceIPAddress":"129.126.57.197","userAgent":"APN/1.0 HashiCorp/1.0 Terraform/1.3.7 (+https://www.terraform.io) terraform-provider-aws/5.57.0 (+https://registry.terraform.io/providers/hashicorp/aws) aws-sdk-go-v2/1.30.1 os/linux lang/go#1.22.4 md/GOOS#linux md/GOARCH#amd64 api/ec2#1.168.0","requestParameters":{"filterSet":{"items":[{"name":"key","valueSet":{"items":[{"value":"aws:ec2launchtemplate:id"}]}},{"name":"resource-id","valueSet":{"items":[{"value":"i-0faa6adbc74b847ea"}]}}]}},"responseElements":null,"requestID":"7d562f74-ea36-46b9-84dd-ec41ec93c510","eventID":"e0a9526a-a0fe-4a68-8ee0-db467a11126e","readOnly":true,"eventType":"AwsApiCall","managementEvent":true,"recipientAccountId":"637423240666","eventCategory":"Management","tlsDetails":{"tlsVersion":"TLSv1.3","cipherSuite":"TLS_AES_128_GCM_SHA256","clientProvidedHostHeader":"ec2.ap-southeast-1.amazonaws.com"}},{"eventVersion":"1.09","userIdentity":{"type":"IAMUser","principalId":"AIDAZI2LCYXNLENAY2IQ3","arn":"arn:aws:iam::637423240666:user/dev","accountId":"637423240666","accessKeyId":"AKIAZI2LCYXNH4OISNEW","userName":"dev"},"eventTime":"2024-07-16T07:23:31Z","eventSource":"ec2.amazonaws.com","eventName":"DescribeVpcs","awsRegion":"ap-southeast-1","sourceIPAddress":"129.126.57.197","userAgent":"APN/1.0 HashiCorp/1.0 Terraform/1.3.7 (+https://www.terraform.io) terraform-provider-aws/5.57.0 (+https://registry.terraform.io/providers/hashicorp/aws) m/C aws-sdk-go-v2/1.30.1 os/linux lang/go#1.22.4 md/GOOS#linux md/GOARCH#amd64 api/ec2#1.168.0","requestParameters":{"vpcSet":{"items":[{"vpcId":"vpc-0e147b8d897783534"}]},"filterSet":{}},"responseElements":null,"requestID":"d348011d-9283-4bc1-91da-1aa301c0884b","eventID":"fa342761-b51a-4686-b5cb-dfa318989f90","readOnly":true,"eventType":"AwsApiCall","managementEvent":true,"recipientAccountId":"637423240666","eventCategory":"Management","tlsDetails":{"tlsVersion":"TLSv1.3","cipherSuite":"TLS_AES_128_GCM_SHA256","clientProvidedHostHeader":"ec2.ap-southeast-1.amazonaws.com"}},{"eventVersion":"1.09","userIdentity":{"type":"IAMUser","principalId":"AIDAZI2LCYXNLENAY2IQ3","arn":"arn:aws:iam::637423240666:user/dev","accountId":"637423240666","accessKeyId":"AKIAZI2LCYXNH4OISNEW","userName":"dev"},"eventTime":"2024-07-16T07:23:31Z","eventSource":"ec2.amazonaws.com","eventName":"DescribeInstanceAttribute","awsRegion":"ap-southeast-1","sourceIPAddress":"129.126.57.197","userAgent":"APN/1.0 HashiCorp/1.0 Terraform/1.3.7 (+https://www.terraform.io) terraform-provider-aws/5.57.0 (+https://registry.terraform.io/providers/hashicorp/aws) aws-sdk-go-v2/1.30.1 os/linux lang/go#1.22.4 md/GOOS#linux md/GOARCH#amd64 api/ec2#1.168.0","requestParameters":{"instanceId":"i-0faa6adbc74b847ea","attribute":"instanceInitiatedShutdownBehavior"},"responseElements":null,"requestID":"ac978a27-f27c-4613-92b8-3ac22ae848dd","eventID":"c2102036-38ef-4126-adaa-1aed5730f810","readOnly":true,"eventType":"AwsApiCall","managementEvent":true,"recipientAccountId":"637423240666","eventCategory":"Management","tlsDetails":{"tlsVersion":"TLSv1.3","cipherSuite":"TLS_AES_128_GCM_SHA256","clientProvidedHostHeader":"ec2.ap-southeast-1.amazonaws.com"}},{"eventVersion":"1.09","userIdentity":{"type":"IAMUser","principalId":"AIDAZI2LCYXNLENAY2IQ3","arn":"arn:aws:iam::637423240666:user/dev","accountId":"637423240666","accessKeyId":"AKIAZI2LCYXNH4OISNEW","userName":"dev"},"eventTime":"2024-07-16T07:23:31Z","eventSource":"ec2.amazonaws.com","eventName":"DescribeVolumes","awsRegion":"ap-southeast-1","sourceIPAddress":"129.126.57.197","userAgent":"APN/1.0 HashiCorp/1.0 Terraform/1.3.7 (+https://www.terraform.io) terraform-provider-aws/5.57.0 (+https://registry.terraform.io/providers/hashicorp/aws) aws-sdk-go-v2/1.30.1 os/linux lang/go#1.22.4 md/GOOS#linux md/GOARCH#amd64 api/ec2#1.168.0","requestParameters":{"volumeSet":{"items":[{"volumeId":"vol-0f56749695b5a5312"}]},"filterSet":{}},"responseElements":null,"requestID":"398c371d-c60f-4e16-a46c-c5a74041948d","eventID":"61bd8abb-dfe3-4bbc-a788-c41ab97bb070","readOnly":true,"eventType":"AwsApiCall","managementEvent":true,"recipientAccountId":"637423240666","eventCategory":"Management","tlsDetails":{"tlsVersion":"TLSv1.3","cipherSuite":"TLS_AES_128_GCM_SHA256","clientProvidedHostHeader":"ec2.ap-southeast-1.amazonaws.com"}},{"eventVersion":"1.09","userIdentity":{"type":"IAMUser","principalId":"AIDAZI2LCYXNLENAY2IQ3","arn":"arn:aws:iam::637423240666:user/dev","accountId":"637423240666","accessKeyId":"AKIAZI2LCYXNH4OISNEW","userName":"dev"},"eventTime":"2024-07-16T07:23:30Z","eventSource":"ec2.amazonaws.com","eventName":"DescribeInstances","awsRegion":"ap-southeast-1","sourceIPAddress":"129.126.57.197","userAgent":"APN/1.0 HashiCorp/1.0 Terraform/1.3.7 (+https://www.terraform.io) terraform-provider-aws/5.57.0 (+https://registry.terraform.io/providers/hashicorp/aws) m/C aws-sdk-go-v2/1.30.1 os/linux lang/go#1.22.4 md/GOOS#linux md/GOARCH#amd64 api/ec2#1.168.0","requestParameters":{"instancesSet":{"items":[{"instanceId":"i-0faa6adbc74b847ea"}]},"filterSet":{}},"responseElements":null,"requestID":"af2f5141-1348-47c6-93ac-1412154f3614","eventID":"1ea83c92-af68-4085-a9e8-a5d433c47f07","readOnly":true,"eventType":"AwsApiCall","managementEvent":true,"recipientAccountId":"637423240666","eventCategory":"Management","tlsDetails":{"tlsVersion":"TLSv1.3","cipherSuite":"TLS_AES_128_GCM_SHA256","clientProvidedHostHeader":"ec2.ap-southeast-1.amazonaws.com"}},{"eventVersion":"1.09","userIdentity":{"type":"IAMUser","principalId":"AIDAZI2LCYXNLENAY2IQ3","arn":"arn:aws:iam::637423240666:user/dev","accountId":"637423240666","accessKeyId":"AKIAZI2LCYXNH4OISNEW","userName":"dev"},"eventTime":"2024-07-16T07:23:31Z","eventSource":"ec2.amazonaws.com","eventName":"DescribeInstanceTypes","awsRegion":"ap-southeast-1","sourceIPAddress":"129.126.57.197","userAgent":"APN/1.0 HashiCorp/1.0 Terraform/1.3.7 (+https://www.terraform.io) terraform-provider-aws/5.57.0 (+https://registry.terraform.io/providers/hashicorp/aws) m/C aws-sdk-go-v2/1.30.1 os/linux lang/go#1.22.4 md/GOOS#linux md/GOARCH#amd64 api/ec2#1.168.0","requestParameters":{"DescribeInstanceTypesRequest":{"InstanceType":{"tag":1,"content":"t3a.small"}}},"responseElements":null,"requestID":"a11707cb-b531-49e6-bcb2-78210c9bb892","eventID":"d6466597-e970-4634-82b0-f645603d177e","readOnly":true,"eventType":"AwsApiCall","managementEvent":true,"recipientAccountId":"637423240666","eventCategory":"Management","tlsDetails":{"tlsVersion":"TLSv1.3","cipherSuite":"TLS_AES_128_GCM_SHA256","clientProvidedHostHeader":"ec2.ap-southeast-1.amazonaws.com"}},{"eventVersion":"1.09","userIdentity":{"type":"IAMUser","principalId":"AIDAZI2LCYXNLENAY2IQ3","arn":"arn:aws:iam::637423240666:user/dev","accountId":"637423240666","accessKeyId":"AKIAZI2LCYXNH4OISNEW","userName":"dev"},"eventTime":"2024-07-16T07:23:31Z","eventSource":"ec2.amazonaws.com","eventName":"DescribeInstanceAttribute","awsRegion":"ap-southeast-1","sourceIPAddress":"129.126.57.197","userAgent":"APN/1.0 HashiCorp/1.0 Terraform/1.3.7 (+https://www.terraform.io) terraform-provider-aws/5.57.0 (+https://registry.terraform.io/providers/hashicorp/aws) aws-sdk-go-v2/1.30.1 os/linux lang/go#1.22.4 md/GOOS#linux md/GOARCH#amd64 api/ec2#1.168.0","requestParameters":{"instanceId":"i-0faa6adbc74b847ea","attribute":"disableApiStop"},"responseElements":null,"requestID":"0e8dc7c9-47db-49bc-8ba6-ad02fb83b96e","eventID":"493458e7-189a-494f-9a7b-c1d4efef88f6","readOnly":true,"eventType":"AwsApiCall","managementEvent":true,"recipientAccountId":"637423240666","eventCategory":"Management","tlsDetails":{"tlsVersion":"TLSv1.3","cipherSuite":"TLS_AES_128_GCM_SHA256","clientProvidedHostHeader":"ec2.ap-southeast-1.amazonaws.com"}},{"eventVersion":"1.09","userIdentity":{"type":"IAMUser","principalId":"AIDAZI2LCYXNLENAY2IQ3","arn":"arn:aws:iam::637423240666:user/dev","accountId":"637423240666","accessKeyId":"AKIAZI2LCYXNH4OISNEW","userName":"dev"},"eventTime":"2024-07-16T07:23:32Z","eventSource":"ec2.amazonaws.com","eventName":"DescribeInstanceAttribute","awsRegion":"ap-southeast-1","sourceIPAddress":"129.126.57.197","userAgent":"APN/1.0 HashiCorp/1.0 Terraform/1.3.7 (+https://www.terraform.io) terraform-provider-aws/5.57.0 (+https://registry.terraform.io/providers/hashicorp/aws) aws-sdk-go-v2/1.30.1 os/linux lang/go#1.22.4 md/GOOS#linux md/GOARCH#amd64 api/ec2#1.168.0","requestParameters":{"instanceId":"i-0faa6adbc74b847ea","attribute":"disableApiTermination"},"responseElements":null,"requestID":"838e87a6-d7c3-4de3-ae92-202c8d5c1f3b","eventID":"c0a9d49d-4986-4608-8e9b-09e55e35f302","readOnly":true,"eventType":"AwsApiCall","managementEvent":true,"recipientAccountId":"637423240666","eventCategory":"Management","tlsDetails":{"tlsVersion":"TLSv1.3","cipherSuite":"TLS_AES_128_GCM_SHA256","clientProvidedHostHeader":"ec2.ap-southeast-1.amazonaws.com"}},{"eventVersion":"1.08","userIdentity":{"accountId":"637423240666","invokedBy":"ec2.amazonaws.com"},"eventTime":"2024-07-16T07:23:23Z","eventSource":"ec2.amazonaws.com","eventName":"SharedSnapshotVolumeCreated","awsRegion":"ap-southeast-1","sourceIPAddress":"ec2.amazonaws.com","userAgent":"ec2.amazonaws.com","requestParameters":null,"responseElements":null,"eventID":"b8f7a9d0-467e-3bf7-9ec2-4994f3efcdd2","readOnly":false,"eventType":"AwsServiceEvent","managementEvent":true,"recipientAccountId":"637423240666","sharedEventID":"aafe5f02-9954-4cd6-80e7-5406956809d9","serviceEventDetails":{"snapshotId":"snap-012e1c4fbaf15250e"},"eventCategory":"Management"},{"eventVersion":"1.09","userIdentity":{"type":"IAMUser","principalId":"AIDAZI2LCYXNLENAY2IQ3","arn":"arn:aws:iam::637423240666:user/dev","accountId":"637423240666","accessKeyId":"AKIAZI2LCYXNH4OISNEW","userName":"dev"},"eventTime":"2024-07-16T07:23:32Z","eventSource":"ec2.amazonaws.com","eventName":"DescribeInstanceAttribute","awsRegion":"ap-southeast-1","sourceIPAddress":"129.126.57.197","userAgent":"APN/1.0 HashiCorp/1.0 Terraform/1.3.7 (+https://www.terraform.io) terraform-provider-aws/5.57.0 (+https://registry.terraform.io/providers/hashicorp/aws) aws-sdk-go-v2/1.30.1 os/linux lang/go#1.22.4 md/GOOS#linux md/GOARCH#amd64 api/ec2#1.168.0","requestParameters":{"instanceId":"i-0faa6adbc74b847ea","attribute":"userData"},"responseElements":null,"requestID":"c169f5f2-55b1-4851-a21a-3335bc98db6e","eventID":"d897bd59-decf-45bb-877c-08419254a1a2","readOnly":true,"eventType":"AwsApiCall","managementEvent":true,"recipientAccountId":"637423240666","eventCategory":"Management","tlsDetails":{"tlsVersion":"TLSv1.3","cipherSuite":"TLS_AES_128_GCM_SHA256","clientProvidedHostHeader":"ec2.ap-southeast-1.amazonaws.com"}},{"eventVersion":"1.09","userIdentity":{"type":"IAMUser","principalId":"AIDAZI2LCYXNLENAY2IQ3","arn":"arn:aws:iam::637423240666:user/dev","accountId":"637423240666","accessKeyId":"AKIAZI2LCYXNH4OISNEW","userName":"dev"},"eventTime":"2024-07-16T07:23:32Z","eventSource":"ec2.amazonaws.com","eventName":"DescribeInstanceCreditSpecifications","awsRegion":"ap-southeast-1","sourceIPAddress":"129.126.57.197","userAgent":"APN/1.0 HashiCorp/1.0 Terraform/1.3.7 (+https://www.terraform.io) terraform-provider-aws/5.57.0 (+https://registry.terraform.io/providers/hashicorp/aws) m/C aws-sdk-go-v2/1.30.1 os/linux lang/go#1.22.4 md/GOOS#linux md/GOARCH#amd64 api/ec2#1.168.0","requestParameters":{"DescribeInstanceCreditSpecificationsRequest":{"InstanceId":{"tag":1,"content":"i-0faa6adbc74b847ea"}}},"responseElements":null,"requestID":"ff9cef1b-287a-4330-89ee-9b8bdfa720d5","eventID":"0e0f9b68-1594-43dd-8ca6-2c511ab80bf5","readOnly":true,"eventType":"AwsApiCall","managementEvent":true,"recipientAccountId":"637423240666","eventCategory":"Management","tlsDetails":{"tlsVersion":"TLSv1.3","cipherSuite":"TLS_AES_128_GCM_SHA256","clientProvidedHostHeader":"ec2.ap-southeast-1.amazonaws.com"}}]}