{"Records":[{"eventVersion":"1.09","userIdentity":{"type":"AWSService","invokedBy":"cloudtrail.amazonaws.com"},"eventTime":"2024-07-16T07:23:40Z","eventSource":"s3.amazonaws.com","eventName":"GetBucketAcl","awsRegion":"ap-southeast-1","sourceIPAddress":"cloudtrail.amazonaws.com","userAgent":"cloudtrail.amazonaws.com","requestParameters":{"bucketName":"meownitoring2024trailbucket","Host":"meownitoring2024trailbucket.s3.ap-southeast-1.amazonaws.com","acl":""},"responseElements":null,"additionalEventData":{"SignatureVersion":"SigV4","CipherSuite":"TLS_AES_128_GCM_SHA256","bytesTransferredIn":0,"AuthenticationMethod":"AuthHeader","x-amz-id-2":"zhAVwTd31bUdqzEMc55HOAToNx+wKIrorkitp2p/5t2xYksqEAV9ya3KBtyG+i8GcAHSdAe7bBs=","bytesTransferredOut":584},"requestID":"90AY1KTNBCN5HT9J","eventID":"ac14c537-954d-427b-8375-8bb7a0e78cae","readOnly":true,"resources":[{"accountId":"637423240666","type":"AWS::S3::Bucket","ARN":"arn:aws:s3:::meownitoring2024trailbucket"}],"eventType":"AwsApiCall","managementEvent":true,"recipientAccountId":"637423240666","sharedEventID":"043151a6-c27e-42a0-aa0d-1c285b2e0c33","vpcEndpointId":"vpce-06b146debe22546a2","eventCategory":"Management"},{"eventVersion":"1.09","userIdentity":{"type":"AWSService","invokedBy":"cloudtrail.amazonaws.com"},"eventTime":"2024-07-16T07:23:41Z","eventSource":"s3.amazonaws.com","eventName":"GetBucketAcl","awsRegion":"ap-southeast-1","sourceIPAddress":"cloudtrail.amazonaws.com","userAgent":"cloudtrail.amazonaws.com","requestParameters":{"bucketName":"meownitoring2024trailbucket","Host":"meownitoring2024trailbucket.s3.ap-southeast-1.amazonaws.com","acl":""},"responseElements":null,"additionalEventData":{"SignatureVersion":"SigV4","CipherSuite":"TLS_AES_128_GCM_SHA256","bytesTransferredIn":0,"AuthenticationMethod":"AuthHeader","x-amz-id-2":"W2zDGDg4Zqs+k3qFZg8fdyF63bzjE3uPP41oafpswyT30LiH04RNR1Nc1dO3LcxU7Wy9q+S85sQ=","bytesTransferredOut":584},"requestID":"FC08GTQ2GQDRJZCD","eventID":"5b045a3c-90d1-45aa-bff4-5c33e3033f61","readOnly":true,"resources":[{"accountId":"637423240666","type":"AWS::S3::Bucket","ARN":"arn:aws:s3:::meownitoring2024trailbucket"}],"eventType":"AwsApiCall","managementEvent":true,"recipientAccountId":"637423240666","sharedEventID":"822bdecf-6585-4947-984b-c4cf0744c495","eventCategory":"Management"}]}