{"Records":[{"eventVersion":"1.08","userIdentity":{"type":"IAMUser","principalId":"AIDAZI2LCYXNLENAY2IQ3","arn":"arn:aws:iam::637423240666:user/dev","accountId":"637423240666","accessKeyId":"AKIAZI2LCYXNH4OISNEW","userName":"dev"},"eventTime":"2024-07-16T07:53:16Z","eventSource":"dynamodb.amazonaws.com","eventName":"DescribeTable","awsRegion":"ap-southeast-1","sourceIPAddress":"129.126.57.197","userAgent":"APN/1.0 HashiCorp/1.0 Terraform/1.3.7 (+https://www.terraform.io) terraform-provider-aws/5.57.0 (+https://registry.terraform.io/providers/hashicorp/aws) aws-sdk-go-v2/1.30.1 os/linux lang/go#1.22.4 md/GOOS#linux md/GOARCH#amd64 api/dynamodb#1.34.1","requestParameters":{"tableName":"accounts"},"responseElements":null,"requestID":"HB3SL15EM60B62PPSJCL7GHPP3VV4KQNSO5AEMVJF66Q9ASUAAJG","eventID":"debe3916-abbc-4565-af01-16ed1af3f458","readOnly":true,"resources":[{"accountId":"637423240666","type":"AWS::DynamoDB::Table","ARN":"arn:aws:dynamodb:ap-southeast-1:637423240666:table/accounts"}],"eventType":"AwsApiCall","apiVersion":"2012-08-10","managementEvent":true,"recipientAccountId":"637423240666","eventCategory":"Management","tlsDetails":{"tlsVersion":"TLSv1.3","cipherSuite":"TLS_AES_128_GCM_SHA256","clientProvidedHostHeader":"dynamodb.ap-southeast-1.amazonaws.com"}},{"eventVersion":"1.08","userIdentity":{"type":"IAMUser","principalId":"AIDAZI2LCYXNLENAY2IQ3","arn":"arn:aws:iam::637423240666:user/dev","accountId":"637423240666","accessKeyId":"AKIAZI2LCYXNH4OISNEW","userName":"dev"},"eventTime":"2024-07-16T07:53:16Z","eventSource":"dynamodb.amazonaws.com","eventName":"DescribeContinuousBackups","awsRegion":"ap-southeast-1","sourceIPAddress":"129.126.57.197","userAgent":"APN/1.0 HashiCorp/1.0 Terraform/1.3.7 (+https://www.terraform.io) terraform-provider-aws/5.57.0 (+https://registry.terraform.io/providers/hashicorp/aws) aws-sdk-go-v2/1.30.1 os/linux lang/go#1.22.4 md/GOOS#linux md/GOARCH#amd64 api/dynamodb#1.34.1","requestParameters":{"tableName":"accounts"},"responseElements":null,"requestID":"73KCQKGR32KUHKJ0K72R3Q9A6RVV4KQNSO5AEMVJF66Q9ASUAAJG","eventID":"40a00ae3-2680-4728-a797-682c32cda22e","readOnly":true,"resources":[{"accountId":"637423240666","type":"AWS::DynamoDB::Table","ARN":"arn:aws:dynamodb:ap-southeast-1:637423240666:table/accounts"}],"eventType":"AwsApiCall","apiVersion":"2012-08-10","managementEvent":true,"recipientAccountId":"637423240666","eventCategory":"Management","tlsDetails":{"tlsVersion":"TLSv1.3","cipherSuite":"TLS_AES_128_GCM_SHA256","clientProvidedHostHeader":"dynamodb.ap-southeast-1.amazonaws.com"}},{"eventVersion":"1.08","userIdentity":{"type":"IAMUser","principalId":"AIDAZI2LCYXNLENAY2IQ3","arn":"arn:aws:iam::637423240666:user/dev","accountId":"637423240666","accessKeyId":"AKIAZI2LCYXNH4OISNEW","userName":"dev"},"eventTime":"2024-07-16T07:53:16Z","eventSource":"dynamodb.amazonaws.com","eventName":"DescribeTimeToLive","awsRegion":"ap-southeast-1","sourceIPAddress":"129.126.57.197","userAgent":"APN/1.0 HashiCorp/1.0 Terraform/1.3.7 (+https://www.terraform.io) terraform-provider-aws/5.57.0 (+https://registry.terraform.io/providers/hashicorp/aws) aws-sdk-go-v2/1.30.1 os/linux lang/go#1.22.4 md/GOOS#linux md/GOARCH#amd64 api/dynamodb#1.34.1","requestParameters":{"tableName":"accounts"},"responseElements":null,"requestID":"CJH98NR9R9RH6116PBML8S9KDJVV4KQNSO5AEMVJF66Q9ASUAAJG","eventID":"bde838ab-afa4-4660-8e69-43346b3af040","readOnly":true,"resources":[{"accountId":"637423240666","type":"AWS::DynamoDB::Table","ARN":"arn:aws:dynamodb:ap-southeast-1:637423240666:table/accounts"}],"eventType":"AwsApiCall","apiVersion":"2012-08-10","managementEvent":true,"recipientAccountId":"637423240666","eventCategory":"Management","tlsDetails":{"tlsVersion":"TLSv1.3","cipherSuite":"TLS_AES_128_GCM_SHA256","clientProvidedHostHeader":"dynamodb.ap-southeast-1.amazonaws.com"}},{"eventVersion":"1.08","userIdentity":{"type":"IAMUser","principalId":"AIDAZI2LCYXNLENAY2IQ3","arn":"arn:aws:iam::637423240666:user/dev","accountId":"637423240666","accessKeyId":"AKIAZI2LCYXNH4OISNEW","userName":"dev"},"eventTime":"2024-07-16T07:53:17Z","eventSource":"dynamodb.amazonaws.com","eventName":"ListTagsOfResource","awsRegion":"ap-southeast-1","sourceIPAddress":"129.126.57.197","userAgent":"APN/1.0 HashiCorp/1.0 Terraform/1.3.7 (+https://www.terraform.io) terraform-provider-aws/5.57.0 (+https://registry.terraform.io/providers/hashicorp/aws) aws-sdk-go-v2/1.30.1 os/linux lang/go#1.22.4 md/GOOS#linux md/GOARCH#amd64 api/dynamodb#1.34.1","requestParameters":{"resourceArn":"arn:aws:dynamodb:ap-southeast-1:637423240666:table/accounts"},"responseElements":null,"requestID":"3481EC6BNJ62QTC7B3V2N0PHBRVV4KQNSO5AEMVJF66Q9ASUAAJG","eventID":"d0a5c1e6-3969-4ce5-947b-2d6910793db8","readOnly":true,"resources":[{"accountId":"637423240666","type":"AWS::DynamoDB::Table","ARN":"arn:aws:dynamodb:ap-southeast-1:637423240666:table/accounts"}],"eventType":"AwsApiCall","apiVersion":"2012-08-10","managementEvent":true,"recipientAccountId":"637423240666","eventCategory":"Management","tlsDetails":{"tlsVersion":"TLSv1.3","cipherSuite":"TLS_AES_128_GCM_SHA256","clientProvidedHostHeader":"dynamodb.ap-southeast-1.amazonaws.com"}},{"eventVersion":"1.08","userIdentity":{"type":"IAMUser","principalId":"AIDAZI2LCYXNLENAY2IQ3","arn":"arn:aws:iam::637423240666:user/dev","accountId":"637423240666","accessKeyId":"AKIAZI2LCYXNH4OISNEW","userName":"dev"},"eventTime":"2024-07-16T07:53:41Z","eventSource":"dynamodb.amazonaws.com","eventName":"DeleteTable","awsRegion":"ap-southeast-1","sourceIPAddress":"129.126.57.197","userAgent":"APN/1.0 HashiCorp/1.0 Terraform/1.3.7 (+https://www.terraform.io) terraform-provider-aws/5.57.0 (+https://registry.terraform.io/providers/hashicorp/aws) aws-sdk-go-v2/1.30.1 os/linux lang/go#1.22.4 md/GOOS#linux md/GOARCH#amd64 api/dynamodb#1.34.1","requestParameters":{"tableName":"accounts"},"responseElements":{"tableDescription":{"tableId":"d5e98d50-4bcf-4ae5-b826-f32a65638540","tableName":"accounts","itemCount":0,"provisionedThroughput":{"readCapacityUnits":20,"writeCapacityUnits":20,"numberOfDecreasesToday":0},"tableSizeBytes":0,"tableStatus":"DELETING","tableArn":"arn:aws:dynamodb:ap-southeast-1:637423240666:table/accounts","deletionProtectionEnabled":false}},"requestID":"IFAVPL2CB4GQL7IIR9JIIPP5UJVV4KQNSO5AEMVJF66Q9ASUAAJG","eventID":"83eacaa6-12da-4c79-9e12-e093297f8bed","readOnly":false,"resources":[{"accountId":"637423240666","type":"AWS::DynamoDB::Table","ARN":"arn:aws:dynamodb:ap-southeast-1:637423240666:table/accounts"}],"eventType":"AwsApiCall","apiVersion":"2012-08-10","managementEvent":true,"recipientAccountId":"637423240666","eventCategory":"Management","tlsDetails":{"tlsVersion":"TLSv1.3","cipherSuite":"TLS_AES_128_GCM_SHA256","clientProvidedHostHeader":"dynamodb.ap-southeast-1.amazonaws.com"}},{"eventVersion":"1.08","userIdentity":{"type":"IAMUser","principalId":"AIDAZI2LCYXNLENAY2IQ3","arn":"arn:aws:iam::637423240666:user/dev","accountId":"637423240666","accessKeyId":"AKIAZI2LCYXNH4OISNEW","userName":"dev"},"eventTime":"2024-07-16T07:53:41Z","eventSource":"dynamodb.amazonaws.com","eventName":"DescribeTable","awsRegion":"ap-southeast-1","sourceIPAddress":"129.126.57.197","userAgent":"APN/1.0 HashiCorp/1.0 Terraform/1.3.7 (+https://www.terraform.io) terraform-provider-aws/5.57.0 (+https://registry.terraform.io/providers/hashicorp/aws) aws-sdk-go-v2/1.30.1 os/linux lang/go#1.22.4 md/GOOS#linux md/GOARCH#amd64 api/dynamodb#1.34.1","requestParameters":{"tableName":"accounts"},"responseElements":null,"requestID":"DP98SSB2EOSVNT5JTPSLU4CKD7VV4KQNSO5AEMVJF66Q9ASUAAJG","eventID":"c7b866c4-b021-4b73-9ef1-c65a5bb6c9b3","readOnly":true,"resources":[{"accountId":"637423240666","type":"AWS::DynamoDB::Table","ARN":"arn:aws:dynamodb:ap-southeast-1:637423240666:table/accounts"}],"eventType":"AwsApiCall","apiVersion":"2012-08-10","managementEvent":true,"recipientAccountId":"637423240666","eventCategory":"Management","tlsDetails":{"tlsVersion":"TLSv1.3","cipherSuite":"TLS_AES_128_GCM_SHA256","clientProvidedHostHeader":"dynamodb.ap-southeast-1.amazonaws.com"}},{"eventVersion":"1.08","userIdentity":{"type":"IAMUser","principalId":"AIDAZI2LCYXNLENAY2IQ3","arn":"arn:aws:iam::637423240666:user/dev","accountId":"637423240666","accessKeyId":"AKIAZI2LCYXNH4OISNEW","userName":"dev"},"eventTime":"2024-07-16T07:53:42Z","eventSource":"dynamodb.amazonaws.com","eventName":"DescribeTable","awsRegion":"ap-southeast-1","sourceIPAddress":"129.126.57.197","userAgent":"APN/1.0 HashiCorp/1.0 Terraform/1.3.7 (+https://www.terraform.io) terraform-provider-aws/5.57.0 (+https://registry.terraform.io/providers/hashicorp/aws) aws-sdk-go-v2/1.30.1 os/linux lang/go#1.22.4 md/GOOS#linux md/GOARCH#amd64 api/dynamodb#1.34.1","requestParameters":{"tableName":"accounts"},"responseElements":null,"requestID":"EADCEBUT66QGDGSPO6Q69IHLCBVV4KQNSO5AEMVJF66Q9ASUAAJG","eventID":"d3c4e1b1-303d-4bd9-a004-7959671ed447","readOnly":true,"resources":[{"accountId":"637423240666","type":"AWS::DynamoDB::Table","ARN":"arn:aws:dynamodb:ap-southeast-1:637423240666:table/accounts"}],"eventType":"AwsApiCall","apiVersion":"2012-08-10","managementEvent":true,"recipientAccountId":"637423240666","eventCategory":"Management","tlsDetails":{"tlsVersion":"TLSv1.3","cipherSuite":"TLS_AES_128_GCM_SHA256","clientProvidedHostHeader":"dynamodb.ap-southeast-1.amazonaws.com"}},{"eventVersion":"1.08","userIdentity":{"type":"IAMUser","principalId":"AIDAZI2LCYXNLENAY2IQ3","arn":"arn:aws:iam::637423240666:user/dev","accountId":"637423240666","accessKeyId":"AKIAZI2LCYXNH4OISNEW","userName":"dev"},"eventTime":"2024-07-16T07:53:42Z","eventSource":"dynamodb.amazonaws.com","eventName":"DescribeTable","awsRegion":"ap-southeast-1","sourceIPAddress":"129.126.57.197","userAgent":"APN/1.0 HashiCorp/1.0 Terraform/1.3.7 (+https://www.terraform.io) terraform-provider-aws/5.57.0 (+https://registry.terraform.io/providers/hashicorp/aws) aws-sdk-go-v2/1.30.1 os/linux lang/go#1.22.4 md/GOOS#linux md/GOARCH#amd64 api/dynamodb#1.34.1","requestParameters":{"tableName":"accounts"},"responseElements":null,"requestID":"RVABITQONENOD672SPA2C9ICO7VV4KQNSO5AEMVJF66Q9ASUAAJG","eventID":"db7ec4ba-2305-4198-9264-6e14753f8f3e","readOnly":true,"resources":[{"accountId":"637423240666","type":"AWS::DynamoDB::Table","ARN":"arn:aws:dynamodb:ap-southeast-1:637423240666:table/accounts"}],"eventType":"AwsApiCall","apiVersion":"2012-08-10","managementEvent":true,"recipientAccountId":"637423240666","eventCategory":"Management","tlsDetails":{"tlsVersion":"TLSv1.3","cipherSuite":"TLS_AES_128_GCM_SHA256","clientProvidedHostHeader":"dynamodb.ap-southeast-1.amazonaws.com"}},{"eventVersion":"1.08","userIdentity":{"type":"IAMUser","principalId":"AIDAZI2LCYXNLENAY2IQ3","arn":"arn:aws:iam::637423240666:user/dev","accountId":"637423240666","accessKeyId":"AKIAZI2LCYXNH4OISNEW","userName":"dev"},"eventTime":"2024-07-16T07:53:43Z","eventSource":"dynamodb.amazonaws.com","eventName":"DescribeTable","awsRegion":"ap-southeast-1","sourceIPAddress":"129.126.57.197","userAgent":"APN/1.0 HashiCorp/1.0 Terraform/1.3.7 (+https://www.terraform.io) terraform-provider-aws/5.57.0 (+https://registry.terraform.io/providers/hashicorp/aws) aws-sdk-go-v2/1.30.1 os/linux lang/go#1.22.4 md/GOOS#linux md/GOARCH#amd64 api/dynamodb#1.34.1","errorCode":"ResourceNotFoundException","errorMessage":"Requested resource not found: Table: accounts not found","requestParameters":{"tableName":"accounts"},"responseElements":null,"requestID":"I0ITNS6Q26TQCR9PPRA3A0N3IVVV4KQNSO5AEMVJF66Q9ASUAAJG","eventID":"b9b0d419-86a7-4dc4-8566-fb48b93c30c3","readOnly":true,"resources":[{"accountId":"637423240666","type":"AWS::DynamoDB::Table","ARN":"arn:aws:dynamodb:ap-southeast-1:637423240666:table/accounts"}],"eventType":"AwsApiCall","apiVersion":"2012-08-10","managementEvent":true,"recipientAccountId":"637423240666","eventCategory":"Management","tlsDetails":{"tlsVersion":"TLSv1.3","cipherSuite":"TLS_AES_128_GCM_SHA256","clientProvidedHostHeader":"dynamodb.ap-southeast-1.amazonaws.com"}}]}