{"Records":[{"eventVersion":"1.09","userIdentity":{"type":"IAMUser","principalId":"AIDAZI2LCYXNLENAY2IQ3","arn":"arn:aws:iam::637423240666:user/dev","accountId":"637423240666","accessKeyId":"AKIAZI2LCYXNH4OISNEW","userName":"dev"},"eventTime":"2024-07-16T14:51:26Z","eventSource":"iam.amazonaws.com","eventName":"ListAttachedRolePolicies","awsRegion":"us-east-1","sourceIPAddress":"129.126.57.197","userAgent":"APN/1.0 HashiCorp/1.0 Terraform/1.3.7 (+https://www.terraform.io) terraform-provider-aws/5.57.0 (+https://registry.terraform.io/providers/hashicorp/aws) m/C aws-sdk-go-v2/1.30.1 os/linux lang/go#1.22.4 md/GOOS#linux md/GOARCH#amd64 api/iam#1.34.1","requestParameters":{"roleName":"compiler_lambda_role"},"responseElements":null,"requestID":"dcbbf9e2-f9fb-423b-990e-bd522e56c42c","eventID":"9a02e70b-571e-403b-906d-8c0bf4c242f1","readOnly":true,"eventType":"AwsApiCall","managementEvent":true,"recipientAccountId":"637423240666","eventCategory":"Management","tlsDetails":{"tlsVersion":"TLSv1.3","cipherSuite":"TLS_AES_128_GCM_SHA256","clientProvidedHostHeader":"iam.amazonaws.com"}}]}