{"Records":[{"eventVersion":"1.09","userIdentity":{"type":"IAMUser","principalId":"AIDAZI2LCYXNLENAY2IQ3","arn":"arn:aws:iam::637423240666:user/dev","accountId":"637423240666","accessKeyId":"AKIAZI2LCYXNH4OISNEW","userName":"dev"},"eventTime":"2024-07-16T08:06:30Z","eventSource":"iam.amazonaws.com","eventName":"GetPolicy","awsRegion":"us-east-1","sourceIPAddress":"129.126.57.197","userAgent":"APN/1.0 HashiCorp/1.0 Terraform/1.3.7 (+https://www.terraform.io) terraform-provider-aws/5.57.0 (+https://registry.terraform.io/providers/hashicorp/aws) aws-sdk-go-v2/1.30.1 os/linux lang/go#1.22.4 md/GOOS#linux md/GOARCH#amd64 api/iam#1.34.1","requestParameters":{"policyArn":"arn:aws:iam::637423240666:policy/iam_policy_for_processor_role"},"responseElements":null,"requestID":"99ed9c69-3c2b-499b-a93d-564a34fe8ec7","eventID":"cfb582a0-b127-48ae-ba0a-2f7e1766b158","readOnly":true,"eventType":"AwsApiCall","managementEvent":true,"recipientAccountId":"637423240666","eventCategory":"Management","tlsDetails":{"tlsVersion":"TLSv1.3","cipherSuite":"TLS_AES_128_GCM_SHA256","clientProvidedHostHeader":"iam.amazonaws.com"}}]}