{"Records":[{"eventVersion":"1.09","userIdentity":{"type":"IAMUser","principalId":"AIDAZI2LCYXNLENAY2IQ3","arn":"arn:aws:iam::637423240666:user/dev","accountId":"637423240666","accessKeyId":"AKIAZI2LCYXNH4OISNEW","userName":"dev"},"eventTime":"2024-07-16T07:53:17Z","eventSource":"iam.amazonaws.com","eventName":"GetRole","awsRegion":"us-east-1","sourceIPAddress":"129.126.57.197","userAgent":"APN/1.0 HashiCorp/1.0 Terraform/1.3.7 (+https://www.terraform.io) terraform-provider-aws/5.57.0 (+https://registry.terraform.io/providers/hashicorp/aws) aws-sdk-go-v2/1.30.1 os/linux lang/go#1.22.4 md/GOOS#linux md/GOARCH#amd64 api/iam#1.34.1","requestParameters":{"roleName":"mewonitoring-lambda-test"},"responseElements":null,"requestID":"a53071e5-fa90-476a-a923-2d2e94bd6e93","eventID":"ed40c724-cb60-4ce8-b3ef-6ee8a323a1fc","readOnly":true,"eventType":"AwsApiCall","managementEvent":true,"recipientAccountId":"637423240666","eventCategory":"Management","tlsDetails":{"tlsVersion":"TLSv1.3","cipherSuite":"TLS_AES_128_GCM_SHA256","clientProvidedHostHeader":"iam.amazonaws.com"}},{"eventVersion":"1.09","userIdentity":{"type":"IAMUser","principalId":"AIDAZI2LCYXNLENAY2IQ3","arn":"arn:aws:iam::637423240666:user/dev","accountId":"637423240666","accessKeyId":"AKIAZI2LCYXNH4OISNEW","userName":"dev"},"eventTime":"2024-07-16T07:53:18Z","eventSource":"iam.amazonaws.com","eventName":"GetPolicyVersion","awsRegion":"us-east-1","sourceIPAddress":"129.126.57.197","userAgent":"APN/1.0 HashiCorp/1.0 Terraform/1.3.7 (+https://www.terraform.io) terraform-provider-aws/5.57.0 (+https://registry.terraform.io/providers/hashicorp/aws) aws-sdk-go-v2/1.30.1 os/linux lang/go#1.22.4 md/GOOS#linux md/GOARCH#amd64 api/iam#1.34.1","requestParameters":{"policyArn":"arn:aws:iam::637423240666:policy/iam-policy-for-meownitoring-role-test","versionId":"v1"},"responseElements":null,"requestID":"e602bef2-03e0-4638-9abc-a982db07205d","eventID":"1e838a75-df76-4b94-b79b-bd10770c74fd","readOnly":true,"eventType":"AwsApiCall","managementEvent":true,"recipientAccountId":"637423240666","eventCategory":"Management","tlsDetails":{"tlsVersion":"TLSv1.3","cipherSuite":"TLS_AES_128_GCM_SHA256","clientProvidedHostHeader":"iam.amazonaws.com"}},{"eventVersion":"1.09","userIdentity":{"type":"IAMUser","principalId":"AIDAZI2LCYXNLENAY2IQ3","arn":"arn:aws:iam::637423240666:user/dev","accountId":"637423240666","accessKeyId":"AKIAZI2LCYXNH4OISNEW","userName":"dev"},"eventTime":"2024-07-16T07:53:18Z","eventSource":"iam.amazonaws.com","eventName":"ListRolePolicies","awsRegion":"us-east-1","sourceIPAddress":"129.126.57.197","userAgent":"APN/1.0 HashiCorp/1.0 Terraform/1.3.7 (+https://www.terraform.io) terraform-provider-aws/5.57.0 (+https://registry.terraform.io/providers/hashicorp/aws) m/C aws-sdk-go-v2/1.30.1 os/linux lang/go#1.22.4 md/GOOS#linux md/GOARCH#amd64 api/iam#1.34.1","requestParameters":{"roleName":"cloudtrail_role"},"responseElements":null,"requestID":"b4f3b9df-5ba2-41d7-b339-3725ddad1d77","eventID":"3d8821c5-b6a8-4477-930a-34f4f508a1a5","readOnly":true,"eventType":"AwsApiCall","managementEvent":true,"recipientAccountId":"637423240666","eventCategory":"Management","tlsDetails":{"tlsVersion":"TLSv1.3","cipherSuite":"TLS_AES_128_GCM_SHA256","clientProvidedHostHeader":"iam.amazonaws.com"}},{"eventVersion":"1.09","userIdentity":{"type":"IAMUser","principalId":"AIDAZI2LCYXNLENAY2IQ3","arn":"arn:aws:iam::637423240666:user/dev","accountId":"637423240666","accessKeyId":"AKIAZI2LCYXNH4OISNEW","userName":"dev"},"eventTime":"2024-07-16T07:53:18Z","eventSource":"iam.amazonaws.com","eventName":"ListAccessKeys","awsRegion":"us-east-1","sourceIPAddress":"129.126.57.197","userAgent":"APN/1.0 HashiCorp/1.0 Terraform/1.3.7 (+https://www.terraform.io) terraform-provider-aws/5.57.0 (+https://registry.terraform.io/providers/hashicorp/aws) m/C aws-sdk-go-v2/1.30.1 os/linux lang/go#1.22.4 md/GOOS#linux md/GOARCH#amd64 api/iam#1.34.1","requestParameters":{"userName":"debug"},"responseElements":null,"requestID":"247a8356-83cb-4f44-a366-b34c49c6c209","eventID":"283c0466-004d-4fbf-90ee-2aa631a10c96","readOnly":true,"eventType":"AwsApiCall","managementEvent":true,"recipientAccountId":"637423240666","eventCategory":"Management","tlsDetails":{"tlsVersion":"TLSv1.3","cipherSuite":"TLS_AES_128_GCM_SHA256","clientProvidedHostHeader":"iam.amazonaws.com"}},{"eventVersion":"1.09","userIdentity":{"type":"IAMUser","principalId":"AIDAZI2LCYXNLENAY2IQ3","arn":"arn:aws:iam::637423240666:user/dev","accountId":"637423240666","accessKeyId":"AKIAZI2LCYXNH4OISNEW","userName":"dev"},"eventTime":"2024-07-16T07:53:19Z","eventSource":"iam.amazonaws.com","eventName":"ListAttachedRolePolicies","awsRegion":"us-east-1","sourceIPAddress":"129.126.57.197","userAgent":"APN/1.0 HashiCorp/1.0 Terraform/1.3.7 (+https://www.terraform.io) terraform-provider-aws/5.57.0 (+https://registry.terraform.io/providers/hashicorp/aws) m/C aws-sdk-go-v2/1.30.1 os/linux lang/go#1.22.4 md/GOOS#linux md/GOARCH#amd64 api/iam#1.34.1","requestParameters":{"roleName":"cloudtrail_role"},"responseElements":null,"requestID":"6ca12aea-4e19-4908-b647-355dda7b70fb","eventID":"8f5b7a96-f576-44b0-8266-8f744b216252","readOnly":true,"eventType":"AwsApiCall","managementEvent":true,"recipientAccountId":"637423240666","eventCategory":"Management","tlsDetails":{"tlsVersion":"TLSv1.3","cipherSuite":"TLS_AES_128_GCM_SHA256","clientProvidedHostHeader":"iam.amazonaws.com"}},{"eventVersion":"1.09","userIdentity":{"type":"IAMUser","principalId":"AIDAZI2LCYXNLENAY2IQ3","arn":"arn:aws:iam::637423240666:user/dev","accountId":"637423240666","accessKeyId":"AKIAZI2LCYXNH4OISNEW","userName":"dev"},"eventTime":"2024-07-16T07:53:19Z","eventSource":"iam.amazonaws.com","eventName":"ListAttachedRolePolicies","awsRegion":"us-east-1","sourceIPAddress":"129.126.57.197","userAgent":"APN/1.0 HashiCorp/1.0 Terraform/1.3.7 (+https://www.terraform.io) terraform-provider-aws/5.57.0 (+https://registry.terraform.io/providers/hashicorp/aws) m/C aws-sdk-go-v2/1.30.1 os/linux lang/go#1.22.4 md/GOOS#linux md/GOARCH#amd64 api/iam#1.34.1","requestParameters":{"roleName":"compiler_lambda_role"},"responseElements":null,"requestID":"006de5f5-35d0-45fa-b392-e571aa1e95a4","eventID":"5c0c3733-4472-4a11-8f89-272df15ce814","readOnly":true,"eventType":"AwsApiCall","managementEvent":true,"recipientAccountId":"637423240666","eventCategory":"Management","tlsDetails":{"tlsVersion":"TLSv1.3","cipherSuite":"TLS_AES_128_GCM_SHA256","clientProvidedHostHeader":"iam.amazonaws.com"}}]}