{"Records":[{"eventVersion":"1.08","userIdentity":{"type":"IAMUser","principalId":"AIDAZI2LCYXNLENAY2IQ3","arn":"arn:aws:iam::637423240666:user/dev","accountId":"637423240666","accessKeyId":"AKIAZI2LCYXNH4OISNEW","userName":"dev"},"eventTime":"2024-07-17T05:38:18Z","eventSource":"sts.amazonaws.com","eventName":"GetCallerIdentity","awsRegion":"ap-southeast-1","sourceIPAddress":"8.29.230.19","userAgent":"APN/1.0 HashiCorp/1.0 Terraform/1.3.7 (+https://www.terraform.io) terraform-provider-aws/5.57.0 (+https://registry.terraform.io/providers/hashicorp/aws) aws-sdk-go-v2/1.30.1 os/linux lang/go#1.22.4 md/GOOS#linux md/GOARCH#amd64 api/sts#1.30.1","requestParameters":null,"responseElements":null,"requestID":"f34cd6d5-7477-4fa1-a1c3-983fe2324a95","eventID":"9dcccecd-532d-4f9b-adeb-2d3c55ca96b3","readOnly":true,"eventType":"AwsApiCall","managementEvent":true,"recipientAccountId":"637423240666","eventCategory":"Management","tlsDetails":{"tlsVersion":"TLSv1.3","cipherSuite":"TLS_AES_128_GCM_SHA256","clientProvidedHostHeader":"sts.ap-southeast-1.amazonaws.com"}},{"eventVersion":"1.08","userIdentity":{"type":"IAMUser","principalId":"AIDAZI2LCYXNLENAY2IQ3","arn":"arn:aws:iam::637423240666:user/dev","accountId":"637423240666","accessKeyId":"AKIAZI2LCYXNH4OISNEW","userName":"dev"},"eventTime":"2024-07-17T05:38:18Z","eventSource":"sts.amazonaws.com","eventName":"GetCallerIdentity","awsRegion":"ap-southeast-1","sourceIPAddress":"8.29.230.19","userAgent":"APN/1.0 HashiCorp/1.0 Terraform/1.3.7 (+https://www.terraform.io) terraform-provider-aws/5.57.0 (+https://registry.terraform.io/providers/hashicorp/aws) aws-sdk-go-v2/1.30.1 os/linux lang/go#1.22.4 md/GOOS#linux md/GOARCH#amd64 api/sts#1.30.1","requestParameters":null,"responseElements":null,"requestID":"a2aba5b0-be8b-44e4-94de-2b5b1786e8d0","eventID":"fd95b4a1-13ca-41e1-8e12-f0e38d5ab5da","readOnly":true,"eventType":"AwsApiCall","managementEvent":true,"recipientAccountId":"637423240666","eventCategory":"Management","tlsDetails":{"tlsVersion":"TLSv1.3","cipherSuite":"TLS_AES_128_GCM_SHA256","clientProvidedHostHeader":"sts.ap-southeast-1.amazonaws.com"}},{"eventVersion":"1.08","userIdentity":{"type":"IAMUser","principalId":"AIDAZI2LCYXNLENAY2IQ3","arn":"arn:aws:iam::637423240666:user/dev","accountId":"637423240666","accessKeyId":"AKIAZI2LCYXNH4OISNEW","userName":"dev"},"eventTime":"2024-07-17T05:38:21Z","eventSource":"lambda.amazonaws.com","eventName":"GetFunctionCodeSigningConfig","awsRegion":"ap-southeast-1","sourceIPAddress":"8.29.230.19","userAgent":"APN/1.0 HashiCorp/1.0 Terraform/1.3.7 (+https://www.terraform.io) terraform-provider-aws/5.57.0 (+https://registry.terraform.io/providers/hashicorp/aws) aws-sdk-go-v2/1.30.1 os/linux lang/go#1.22.4 md/GOOS#linux md/GOARCH#amd64 api/lambda#1.56.1","requestParameters":{"functionName":"processor"},"responseElements":null,"requestID":"bef6f4b5-954c-4fe3-be29-15566ab9bde4","eventID":"bf066b45-7350-48f8-a648-4494db529e5c","readOnly":true,"eventType":"AwsApiCall","managementEvent":true,"recipientAccountId":"637423240666","eventCategory":"Management","tlsDetails":{"tlsVersion":"TLSv1.3","cipherSuite":"TLS_AES_128_GCM_SHA256","clientProvidedHostHeader":"lambda.ap-southeast-1.amazonaws.com"}},{"eventVersion":"1.08","userIdentity":{"type":"IAMUser","principalId":"AIDAZI2LCYXNLENAY2IQ3","arn":"arn:aws:iam::637423240666:user/dev","accountId":"637423240666","accessKeyId":"AKIAZI2LCYXNH4OISNEW","userName":"dev"},"eventTime":"2024-07-17T05:38:21Z","eventSource":"lambda.amazonaws.com","eventName":"GetFunctionCodeSigningConfig","awsRegion":"ap-southeast-1","sourceIPAddress":"8.29.230.19","userAgent":"APN/1.0 HashiCorp/1.0 Terraform/1.3.7 (+https://www.terraform.io) terraform-provider-aws/5.57.0 (+https://registry.terraform.io/providers/hashicorp/aws) aws-sdk-go-v2/1.30.1 os/linux lang/go#1.22.4 md/GOOS#linux md/GOARCH#amd64 api/lambda#1.56.1","requestParameters":{"functionName":"debug-logs-compiler"},"responseElements":null,"requestID":"0cd47e0e-9627-4235-aa24-df4be9860718","eventID":"023c75df-b28b-4dc5-b257-ed4c2dbd7c3c","readOnly":true,"eventType":"AwsApiCall","managementEvent":true,"recipientAccountId":"637423240666","eventCategory":"Management","tlsDetails":{"tlsVersion":"TLSv1.3","cipherSuite":"TLS_AES_128_GCM_SHA256","clientProvidedHostHeader":"lambda.ap-southeast-1.amazonaws.com"}},{"eventVersion":"1.09","userIdentity":{"type":"IAMUser","principalId":"AIDAZI2LCYXNLENAY2IQ3","arn":"arn:aws:iam::637423240666:user/dev","accountId":"637423240666","accessKeyId":"AKIAZI2LCYXNH4OISNEW","userName":"dev"},"eventTime":"2024-07-17T05:38:21Z","eventSource":"apigateway.amazonaws.com","eventName":"GetIntegration","awsRegion":"ap-southeast-1","sourceIPAddress":"8.29.230.19","userAgent":"APN/1.0 HashiCorp/1.0 Terraform/1.3.7 (+https://www.terraform.io) terraform-provider-aws/5.57.0 (+https://registry.terraform.io/providers/hashicorp/aws) aws-sdk-go-v2/1.30.1 os/linux lang/go#1.22.4 md/GOOS#linux md/GOARCH#amd64 api/apigatewayv2#1.22.1","requestParameters":{"integrationId":"9wo8sps","apiId":"pxzfkfmjo7"},"responseElements":null,"requestID":"aabd610e-8167-47ec-9c4a-8a23dd9e6ea1","eventID":"8f9a904c-40c3-4e35-816a-ef26c61d32a4","readOnly":true,"eventType":"AwsApiCall","managementEvent":true,"recipientAccountId":"637423240666","eventCategory":"Management"},{"eventVersion":"1.08","userIdentity":{"type":"IAMUser","principalId":"AIDAZI2LCYXNLENAY2IQ3","arn":"arn:aws:iam::637423240666:user/dev","accountId":"637423240666","accessKeyId":"AKIAZI2LCYXNH4OISNEW","userName":"dev"},"eventTime":"2024-07-17T05:38:21Z","eventSource":"lambda.amazonaws.com","eventName":"GetFunction20150331v2","awsRegion":"ap-southeast-1","sourceIPAddress":"8.29.230.19","userAgent":"APN/1.0 HashiCorp/1.0 Terraform/1.3.7 (+https://www.terraform.io) terraform-provider-aws/5.57.0 (+https://registry.terraform.io/providers/hashicorp/aws) aws-sdk-go-v2/1.30.1 os/linux lang/go#1.22.4 md/GOOS#linux md/GOARCH#amd64 api/lambda#1.56.1","requestParameters":{"functionName":"processor"},"responseElements":null,"requestID":"3c61624c-95f1-4f2e-b13f-828d2ced790d","eventID":"f8bbc433-bc60-43a4-a5f4-e455b7d9bfd6","readOnly":true,"eventType":"AwsApiCall","managementEvent":true,"recipientAccountId":"637423240666","eventCategory":"Management","tlsDetails":{"tlsVersion":"TLSv1.3","cipherSuite":"TLS_AES_128_GCM_SHA256","clientProvidedHostHeader":"lambda.ap-southeast-1.amazonaws.com"}},{"eventVersion":"1.08","userIdentity":{"type":"IAMUser","principalId":"AIDAZI2LCYXNLENAY2IQ3","arn":"arn:aws:iam::637423240666:user/dev","accountId":"637423240666","accessKeyId":"AKIAZI2LCYXNH4OISNEW","userName":"dev"},"eventTime":"2024-07-17T05:38:21Z","eventSource":"lambda.amazonaws.com","eventName":"ListVersionsByFunction20150331","awsRegion":"ap-southeast-1","sourceIPAddress":"8.29.230.19","userAgent":"APN/1.0 HashiCorp/1.0 Terraform/1.3.7 (+https://www.terraform.io) terraform-provider-aws/5.57.0 (+https://registry.terraform.io/providers/hashicorp/aws) m/C aws-sdk-go-v2/1.30.1 os/linux lang/go#1.22.4 md/GOOS#linux md/GOARCH#amd64 api/lambda#1.56.1","requestParameters":{"functionName":"debug-logs-compiler","maxItems":10000},"responseElements":null,"requestID":"72d8d756-27c8-421d-be66-eced5ec0ae71","eventID":"68c346f2-2552-4589-9636-f04c280a7a9d","readOnly":true,"eventType":"AwsApiCall","managementEvent":true,"recipientAccountId":"637423240666","eventCategory":"Management","tlsDetails":{"tlsVersion":"TLSv1.3","cipherSuite":"TLS_AES_128_GCM_SHA256","clientProvidedHostHeader":"lambda.ap-southeast-1.amazonaws.com"}},{"eventVersion":"1.09","userIdentity":{"type":"IAMUser","principalId":"AIDAZI2LCYXNLENAY2IQ3","arn":"arn:aws:iam::637423240666:user/dev","accountId":"637423240666","accessKeyId":"AKIAZI2LCYXNH4OISNEW","userName":"dev"},"eventTime":"2024-07-17T05:38:30Z","eventSource":"apigateway.amazonaws.com","eventName":"GetIntegration","awsRegion":"ap-southeast-1","sourceIPAddress":"8.29.230.19","userAgent":"APN/1.0 HashiCorp/1.0 Terraform/1.3.7 (+https://www.terraform.io) terraform-provider-aws/5.57.0 (+https://registry.terraform.io/providers/hashicorp/aws) aws-sdk-go-v2/1.30.1 os/linux lang/go#1.22.4 md/GOOS#linux md/GOARCH#amd64 api/apigatewayv2#1.22.1","requestParameters":{"integrationId":"y2pnomf","apiId":"f7x7yzf9j2"},"responseElements":null,"requestID":"40078cd5-e255-42d7-aadd-2637277a66c8","eventID":"4813edb3-b734-464b-9c9e-e20a26694e85","readOnly":true,"eventType":"AwsApiCall","managementEvent":true,"recipientAccountId":"637423240666","eventCategory":"Management"},{"eventVersion":"1.09","userIdentity":{"type":"IAMUser","principalId":"AIDAZI2LCYXNLENAY2IQ3","arn":"arn:aws:iam::637423240666:user/dev","accountId":"637423240666","accessKeyId":"AKIAZI2LCYXNH4OISNEW","userName":"dev"},"eventTime":"2024-07-17T05:38:30Z","eventSource":"apigateway.amazonaws.com","eventName":"GetApi","awsRegion":"ap-southeast-1","sourceIPAddress":"8.29.230.19","userAgent":"APN/1.0 HashiCorp/1.0 Terraform/1.3.7 (+https://www.terraform.io) terraform-provider-aws/5.57.0 (+https://registry.terraform.io/providers/hashicorp/aws) aws-sdk-go-v2/1.30.1 os/linux lang/go#1.22.4 md/GOOS#linux md/GOARCH#amd64 api/apigatewayv2#1.22.1","requestParameters":{"apiId":"f7x7yzf9j2"},"responseElements":null,"requestID":"baaa6656-354d-49bb-aba1-df71f292de52","eventID":"b478a6f5-78f7-4c69-8b55-a82e048614e2","readOnly":true,"eventType":"AwsApiCall","managementEvent":true,"recipientAccountId":"637423240666","eventCategory":"Management"},{"eventVersion":"1.09","userIdentity":{"type":"IAMUser","principalId":"AIDAZI2LCYXNLENAY2IQ3","arn":"arn:aws:iam::637423240666:user/dev","accountId":"637423240666","accessKeyId":"AKIAZI2LCYXNH4OISNEW","userName":"dev"},"eventTime":"2024-07-17T05:38:30Z","eventSource":"apigateway.amazonaws.com","eventName":"GetRoute","awsRegion":"ap-southeast-1","sourceIPAddress":"8.29.230.19","userAgent":"APN/1.0 HashiCorp/1.0 Terraform/1.3.7 (+https://www.terraform.io) terraform-provider-aws/5.57.0 (+https://registry.terraform.io/providers/hashicorp/aws) aws-sdk-go-v2/1.30.1 os/linux lang/go#1.22.4 md/GOOS#linux md/GOARCH#amd64 api/apigatewayv2#1.22.1","requestParameters":{"routeId":"v7r95o6","apiId":"f7x7yzf9j2"},"responseElements":null,"requestID":"404e1160-6694-47a3-a928-e0c4a5328579","eventID":"ff44641d-51a4-48c3-a385-fa1825ff21ca","readOnly":true,"eventType":"AwsApiCall","managementEvent":true,"recipientAccountId":"637423240666","eventCategory":"Management"},{"eventVersion":"1.09","userIdentity":{"type":"IAMUser","principalId":"AIDAZI2LCYXNLENAY2IQ3","arn":"arn:aws:iam::637423240666:user/dev","accountId":"637423240666","accessKeyId":"AKIAZI2LCYXNH4OISNEW","userName":"dev"},"eventTime":"2024-07-17T05:38:30Z","eventSource":"apigateway.amazonaws.com","eventName":"CreateRoute","awsRegion":"ap-southeast-1","sourceIPAddress":"8.29.230.19","userAgent":"APN/1.0 HashiCorp/1.0 Terraform/1.3.7 (+https://www.terraform.io) terraform-provider-aws/5.57.0 (+https://registry.terraform.io/providers/hashicorp/aws) aws-sdk-go-v2/1.30.1 os/linux lang/go#1.22.4 md/GOOS#linux md/GOARCH#amd64 api/apigatewayv2#1.22.1","requestParameters":{"apiKeyRequired":false,"routeKey":"GET /ca75e98961ab1fa5fc0a9fc8","authorizationType":"NONE","apiId":"f7x7yzf9j2","target":"integrations/y2pnomf"},"responseElements":{"authorizationType":"NONE","routeId":"459xgqc","apiKeyRequired":false,"routeKey":"GET /ca75e98961ab1fa5fc0a9fc8","target":"integrations/y2pnomf"},"requestID":"3500827d-b909-4b7a-96d8-a454215b8426","eventID":"9407cf48-e53a-4e34-b276-61a8f0996e30","readOnly":false,"eventType":"AwsApiCall","managementEvent":true,"recipientAccountId":"637423240666","eventCategory":"Management"},{"eventVersion":"1.09","userIdentity":{"type":"IAMUser","principalId":"AIDAZI2LCYXNLENAY2IQ3","arn":"arn:aws:iam::637423240666:user/dev","accountId":"637423240666","accessKeyId":"AKIAZI2LCYXNH4OISNEW","userName":"dev"},"eventTime":"2024-07-17T05:38:30Z","eventSource":"apigateway.amazonaws.com","eventName":"CreateRoute","awsRegion":"ap-southeast-1","sourceIPAddress":"8.29.230.19","userAgent":"APN/1.0 HashiCorp/1.0 Terraform/1.3.7 (+https://www.terraform.io) terraform-provider-aws/5.57.0 (+https://registry.terraform.io/providers/hashicorp/aws) aws-sdk-go-v2/1.30.1 os/linux lang/go#1.22.4 md/GOOS#linux md/GOARCH#amd64 api/apigatewayv2#1.22.1","requestParameters":{"apiKeyRequired":false,"routeKey":"POST /6j3j97m36zl9x4b727e53566","authorizationType":"NONE","apiId":"f7x7yzf9j2","target":"integrations/y2pnomf"},"responseElements":{"authorizationType":"NONE","routeId":"v7r95o6","apiKeyRequired":false,"routeKey":"POST /6j3j97m36zl9x4b727e53566","target":"integrations/y2pnomf"},"requestID":"99806a53-257e-44b8-8850-a98f43c17960","eventID":"058746cf-e15f-4d29-900a-67460bc83a2e","readOnly":false,"eventType":"AwsApiCall","managementEvent":true,"recipientAccountId":"637423240666","eventCategory":"Management"},{"eventVersion":"1.09","userIdentity":{"type":"IAMUser","principalId":"AIDAZI2LCYXNLENAY2IQ3","arn":"arn:aws:iam::637423240666:user/dev","accountId":"637423240666","accessKeyId":"AKIAZI2LCYXNH4OISNEW","userName":"dev"},"eventTime":"2024-07-17T05:38:30Z","eventSource":"apigateway.amazonaws.com","eventName":"GetStage","awsRegion":"ap-southeast-1","sourceIPAddress":"8.29.230.19","userAgent":"APN/1.0 HashiCorp/1.0 Terraform/1.3.7 (+https://www.terraform.io) terraform-provider-aws/5.57.0 (+https://registry.terraform.io/providers/hashicorp/aws) aws-sdk-go-v2/1.30.1 os/linux lang/go#1.22.4 md/GOOS#linux md/GOARCH#amd64 api/apigatewayv2#1.22.1","requestParameters":{"stageName":"27e53566ef","apiId":"f7x7yzf9j2"},"responseElements":null,"requestID":"9057c7ff-0fe1-4fb6-b9ca-c2c57eb5b070","eventID":"24dd6bdb-5c25-4d81-b456-67c26a19a975","readOnly":true,"eventType":"AwsApiCall","managementEvent":true,"recipientAccountId":"637423240666","eventCategory":"Management"},{"eventVersion":"1.09","userIdentity":{"type":"IAMUser","principalId":"AIDAZI2LCYXNLENAY2IQ3","arn":"arn:aws:iam::637423240666:user/dev","accountId":"637423240666","accessKeyId":"AKIAZI2LCYXNH4OISNEW","userName":"dev"},"eventTime":"2024-07-17T05:38:30Z","eventSource":"apigateway.amazonaws.com","eventName":"CreateStage","awsRegion":"ap-southeast-1","sourceIPAddress":"8.29.230.19","userAgent":"APN/1.0 HashiCorp/1.0 Terraform/1.3.7 (+https://www.terraform.io) terraform-provider-aws/5.57.0 (+https://registry.terraform.io/providers/hashicorp/aws) aws-sdk-go-v2/1.30.1 os/linux lang/go#1.22.4 md/GOOS#linux md/GOARCH#amd64 api/apigatewayv2#1.22.1","requestParameters":{"stageName":"27e53566ef","autoDeploy":true,"apiId":"f7x7yzf9j2"},"responseElements":{"lastUpdatedDate":"2024-07-17T05:38:30Z","stageName":"27e53566ef","createdDate":"2024-07-17T05:38:30Z","routeSettings":{},"autoDeploy":true,"defaultRouteSettings":{"detailedMetricsEnabled":false},"stageVariables":"***","tags":{}},"requestID":"ec9b9ddd-a339-4944-81cc-66416fbce79f","eventID":"e2301c01-63f2-4827-b509-8c986cf83756","readOnly":false,"eventType":"AwsApiCall","managementEvent":true,"recipientAccountId":"637423240666","eventCategory":"Management"},{"eventVersion":"1.08","userIdentity":{"type":"IAMUser","principalId":"AIDAZI2LCYXNLENAY2IQ3","arn":"arn:aws:iam::637423240666:user/dev","accountId":"637423240666","accessKeyId":"AKIAZI2LCYXNH4OISNEW","userName":"dev"},"eventTime":"2024-07-17T05:38:28Z","eventSource":"lambda.amazonaws.com","eventName":"GetPolicy20150331v2","awsRegion":"ap-southeast-1","sourceIPAddress":"8.29.230.19","userAgent":"APN/1.0 HashiCorp/1.0 Terraform/1.3.7 (+https://www.terraform.io) terraform-provider-aws/5.57.0 (+https://registry.terraform.io/providers/hashicorp/aws) aws-sdk-go-v2/1.30.1 os/linux lang/go#1.22.4 md/GOOS#linux md/GOARCH#amd64 api/lambda#1.56.1","requestParameters":{"functionName":"processor"},"responseElements":null,"requestID":"b5fe07e1-342e-429d-ab72-72fe853009f2","eventID":"60e9fbf8-c06e-42b2-a6ac-b03d1ddb8161","readOnly":true,"eventType":"AwsApiCall","managementEvent":true,"recipientAccountId":"637423240666","eventCategory":"Management","tlsDetails":{"tlsVersion":"TLSv1.3","cipherSuite":"TLS_AES_128_GCM_SHA256","clientProvidedHostHeader":"lambda.ap-southeast-1.amazonaws.com"}},{"eventVersion":"1.09","userIdentity":{"type":"IAMUser","principalId":"AIDAZI2LCYXNLENAY2IQ3","arn":"arn:aws:iam::637423240666:user/dev","accountId":"637423240666","accessKeyId":"AKIAZI2LCYXNH4OISNEW","userName":"dev"},"eventTime":"2024-07-17T05:38:20Z","eventSource":"apigateway.amazonaws.com","eventName":"GetStage","awsRegion":"ap-southeast-1","sourceIPAddress":"8.29.230.19","userAgent":"APN/1.0 HashiCorp/1.0 Terraform/1.3.7 (+https://www.terraform.io) terraform-provider-aws/5.57.0 (+https://registry.terraform.io/providers/hashicorp/aws) aws-sdk-go-v2/1.30.1 os/linux lang/go#1.22.4 md/GOOS#linux md/GOARCH#amd64 api/apigatewayv2#1.22.1","requestParameters":{"stageName":"5587y0s9d5aed","apiId":"pxzfkfmjo7"},"responseElements":null,"requestID":"ca64b37a-dfb2-4942-bc31-9c4d48edebd6","eventID":"c8e6e4df-253b-4b6e-8400-fe2f19d7f6c3","readOnly":true,"eventType":"AwsApiCall","managementEvent":true,"recipientAccountId":"637423240666","eventCategory":"Management"},{"eventVersion":"1.09","userIdentity":{"type":"IAMUser","principalId":"AIDAZI2LCYXNLENAY2IQ3","arn":"arn:aws:iam::637423240666:user/dev","accountId":"637423240666","accessKeyId":"AKIAZI2LCYXNH4OISNEW","userName":"dev"},"eventTime":"2024-07-17T05:38:18Z","eventSource":"apigateway.amazonaws.com","eventName":"GetApi","awsRegion":"ap-southeast-1","sourceIPAddress":"8.29.230.19","userAgent":"APN/1.0 HashiCorp/1.0 Terraform/1.3.7 (+https://www.terraform.io) terraform-provider-aws/5.57.0 (+https://registry.terraform.io/providers/hashicorp/aws) aws-sdk-go-v2/1.30.1 os/linux lang/go#1.22.4 md/GOOS#linux md/GOARCH#amd64 api/apigatewayv2#1.22.1","requestParameters":{"apiId":"pxzfkfmjo7"},"responseElements":null,"requestID":"b3c81e37-7725-4514-9c61-749086858c0a","eventID":"d7796cce-b444-4ee8-b5b2-9bf9e420bf9b","readOnly":true,"eventType":"AwsApiCall","managementEvent":true,"recipientAccountId":"637423240666","eventCategory":"Management"},{"eventVersion":"1.09","userIdentity":{"type":"IAMUser","principalId":"AIDAZI2LCYXNLENAY2IQ3","arn":"arn:aws:iam::637423240666:user/dev","accountId":"637423240666","accessKeyId":"AKIAZI2LCYXNH4OISNEW","userName":"dev"},"eventTime":"2024-07-17T05:38:30Z","eventSource":"apigateway.amazonaws.com","eventName":"CreateApi","awsRegion":"ap-southeast-1","sourceIPAddress":"8.29.230.19","userAgent":"APN/1.0 HashiCorp/1.0 Terraform/1.3.7 (+https://www.terraform.io) terraform-provider-aws/5.57.0 (+https://registry.terraform.io/providers/hashicorp/aws) aws-sdk-go-v2/1.30.1 os/linux lang/go#1.22.4 md/GOOS#linux md/GOARCH#amd64 api/apigatewayv2#1.22.1","requestParameters":{"name":"debugger","protocolType":"HTTP","apiKeySelectionExpression":"$request.header.x-api-key","routeSelectionExpression":"$request.method $request.path"},"responseElements":{"disableExecuteApiEndpoint":false,"apiEndpoint":"https://f7x7yzf9j2.execute-api.ap-southeast-1.amazonaws.com","createdDate":"2024-07-17T05:38:30Z","apiKeySelectionExpression":"$request.header.x-api-key","routeSelectionExpression":"$request.method $request.path","name":"debugger","protocolType":"HTTP","apiId":"f7x7yzf9j2"},"requestID":"2299743d-fcf2-4cb6-834a-7181c8134232","eventID":"1f545d68-e1b8-41c5-8b35-b827882ccbe4","readOnly":false,"eventType":"AwsApiCall","managementEvent":true,"recipientAccountId":"637423240666","eventCategory":"Management"},{"eventVersion":"1.08","userIdentity":{"type":"IAMUser","principalId":"AIDAZI2LCYXNLENAY2IQ3","arn":"arn:aws:iam::637423240666:user/dev","accountId":"637423240666","accessKeyId":"AKIAZI2LCYXNH4OISNEW","userName":"dev"},"eventTime":"2024-07-17T05:38:21Z","eventSource":"lambda.amazonaws.com","eventName":"GetFunction20150331v2","awsRegion":"ap-southeast-1","sourceIPAddress":"8.29.230.19","userAgent":"APN/1.0 HashiCorp/1.0 Terraform/1.3.7 (+https://www.terraform.io) terraform-provider-aws/5.57.0 (+https://registry.terraform.io/providers/hashicorp/aws) aws-sdk-go-v2/1.30.1 os/linux lang/go#1.22.4 md/GOOS#linux md/GOARCH#amd64 api/lambda#1.56.1","requestParameters":{"functionName":"debug-logs-compiler"},"responseElements":null,"requestID":"3581d866-18dd-41f7-9630-de2ef38dc9c7","eventID":"444500b7-ba12-4aea-9fdb-5e157741f532","readOnly":true,"eventType":"AwsApiCall","managementEvent":true,"recipientAccountId":"637423240666","eventCategory":"Management","tlsDetails":{"tlsVersion":"TLSv1.3","cipherSuite":"TLS_AES_128_GCM_SHA256","clientProvidedHostHeader":"lambda.ap-southeast-1.amazonaws.com"}},{"eventVersion":"1.08","userIdentity":{"type":"IAMUser","principalId":"AIDAZI2LCYXNLENAY2IQ3","arn":"arn:aws:iam::637423240666:user/dev","accountId":"637423240666","accessKeyId":"AKIAZI2LCYXNH4OISNEW","userName":"dev"},"eventTime":"2024-07-17T05:38:21Z","eventSource":"lambda.amazonaws.com","eventName":"ListVersionsByFunction20150331","awsRegion":"ap-southeast-1","sourceIPAddress":"8.29.230.19","userAgent":"APN/1.0 HashiCorp/1.0 Terraform/1.3.7 (+https://www.terraform.io) terraform-provider-aws/5.57.0 (+https://registry.terraform.io/providers/hashicorp/aws) m/C aws-sdk-go-v2/1.30.1 os/linux lang/go#1.22.4 md/GOOS#linux md/GOARCH#amd64 api/lambda#1.56.1","requestParameters":{"functionName":"processor","maxItems":10000},"responseElements":null,"requestID":"19bae5e2-51a0-45d9-8713-c28e0d65f818","eventID":"e95657ec-166f-4666-a026-98ab30ae9f35","readOnly":true,"eventType":"AwsApiCall","managementEvent":true,"recipientAccountId":"637423240666","eventCategory":"Management","tlsDetails":{"tlsVersion":"TLSv1.3","cipherSuite":"TLS_AES_128_GCM_SHA256","clientProvidedHostHeader":"lambda.ap-southeast-1.amazonaws.com"}},{"eventVersion":"1.09","userIdentity":{"type":"IAMUser","principalId":"AIDAZI2LCYXNLENAY2IQ3","arn":"arn:aws:iam::637423240666:user/dev","accountId":"637423240666","accessKeyId":"AKIAZI2LCYXNH4OISNEW","userName":"dev"},"eventTime":"2024-07-17T05:38:30Z","eventSource":"apigateway.amazonaws.com","eventName":"CreateRoute","awsRegion":"ap-southeast-1","sourceIPAddress":"8.29.230.19","userAgent":"APN/1.0 HashiCorp/1.0 Terraform/1.3.7 (+https://www.terraform.io) terraform-provider-aws/5.57.0 (+https://registry.terraform.io/providers/hashicorp/aws) aws-sdk-go-v2/1.30.1 os/linux lang/go#1.22.4 md/GOOS#linux md/GOARCH#amd64 api/apigatewayv2#1.22.1","errorCode":"ConflictException","requestParameters":{"apiKeyRequired":false,"routeKey":"GET /ca75e98961ab1fa5fc0a9fc8","authorizationType":"NONE","apiId":"f7x7yzf9j2","target":"integrations/y2pnomf"},"responseElements":{"message":"Unable to complete operation due to concurrent modification. Please try again later."},"requestID":"8f20e002-e63b-413c-a3f8-6a8390a9a104","eventID":"14ad7a33-3d6d-4739-837d-0855302c99bd","readOnly":false,"eventType":"AwsApiCall","managementEvent":true,"recipientAccountId":"637423240666","eventCategory":"Management"},{"eventVersion":"1.09","userIdentity":{"type":"IAMUser","principalId":"AIDAZI2LCYXNLENAY2IQ3","arn":"arn:aws:iam::637423240666:user/dev","accountId":"637423240666","accessKeyId":"AKIAZI2LCYXNH4OISNEW","userName":"dev"},"eventTime":"2024-07-17T05:38:30Z","eventSource":"apigateway.amazonaws.com","eventName":"CreateRoute","awsRegion":"ap-southeast-1","sourceIPAddress":"8.29.230.19","userAgent":"APN/1.0 HashiCorp/1.0 Terraform/1.3.7 (+https://www.terraform.io) terraform-provider-aws/5.57.0 (+https://registry.terraform.io/providers/hashicorp/aws) aws-sdk-go-v2/1.30.1 os/linux lang/go#1.22.4 md/GOOS#linux md/GOARCH#amd64 api/apigatewayv2#1.22.1","requestParameters":{"apiKeyRequired":false,"routeKey":"POST /3b83245a87a56ca8aca75e98961a","authorizationType":"NONE","apiId":"f7x7yzf9j2","target":"integrations/y2pnomf"},"responseElements":{"authorizationType":"NONE","routeId":"uc8o7a8","apiKeyRequired":false,"routeKey":"POST /3b83245a87a56ca8aca75e98961a","target":"integrations/y2pnomf"},"requestID":"a215de33-6f6a-4c41-8cb6-8368cf142e46","eventID":"58de4781-26fa-4c92-a6bc-306f81b9ad4c","readOnly":false,"eventType":"AwsApiCall","managementEvent":true,"recipientAccountId":"637423240666","eventCategory":"Management"},{"eventVersion":"1.09","userIdentity":{"type":"IAMUser","principalId":"AIDAZI2LCYXNLENAY2IQ3","arn":"arn:aws:iam::637423240666:user/dev","accountId":"637423240666","accessKeyId":"AKIAZI2LCYXNH4OISNEW","userName":"dev"},"eventTime":"2024-07-17T05:38:30Z","eventSource":"apigateway.amazonaws.com","eventName":"CreateStage","awsRegion":"ap-southeast-1","sourceIPAddress":"8.29.230.19","userAgent":"APN/1.0 HashiCorp/1.0 Terraform/1.3.7 (+https://www.terraform.io) terraform-provider-aws/5.57.0 (+https://registry.terraform.io/providers/hashicorp/aws) aws-sdk-go-v2/1.30.1 os/linux lang/go#1.22.4 md/GOOS#linux md/GOARCH#amd64 api/apigatewayv2#1.22.1","requestParameters":{"stageName":"a5845sa9179d","autoDeploy":true,"apiId":"f7x7yzf9j2"},"responseElements":{"lastUpdatedDate":"2024-07-17T05:38:30Z","stageName":"a5845sa9179d","createdDate":"2024-07-17T05:38:30Z","routeSettings":{},"autoDeploy":true,"defaultRouteSettings":{"detailedMetricsEnabled":false},"stageVariables":"***","tags":{}},"requestID":"7b971538-7c70-4572-80fb-0d9438f46bc8","eventID":"594d843a-1d6e-457c-b985-50be7f8d9db9","readOnly":false,"eventType":"AwsApiCall","managementEvent":true,"recipientAccountId":"637423240666","eventCategory":"Management"},{"eventVersion":"1.09","userIdentity":{"type":"IAMUser","principalId":"AIDAZI2LCYXNLENAY2IQ3","arn":"arn:aws:iam::637423240666:user/dev","accountId":"637423240666","accessKeyId":"AKIAZI2LCYXNH4OISNEW","userName":"dev"},"eventTime":"2024-07-17T05:38:30Z","eventSource":"apigateway.amazonaws.com","eventName":"GetApi","awsRegion":"ap-southeast-1","sourceIPAddress":"8.29.230.19","userAgent":"APN/1.0 HashiCorp/1.0 Terraform/1.3.7 (+https://www.terraform.io) terraform-provider-aws/5.57.0 (+https://registry.terraform.io/providers/hashicorp/aws) aws-sdk-go-v2/1.30.1 os/linux lang/go#1.22.4 md/GOOS#linux md/GOARCH#amd64 api/apigatewayv2#1.22.1","requestParameters":{"apiId":"f7x7yzf9j2"},"responseElements":null,"requestID":"dc362245-ecc1-4840-b8a0-26e0eb425202","eventID":"2c5b494d-f8a9-4e04-9d95-2b44f0b26b81","readOnly":true,"eventType":"AwsApiCall","managementEvent":true,"recipientAccountId":"637423240666","eventCategory":"Management"},{"eventVersion":"1.09","userIdentity":{"type":"IAMUser","principalId":"AIDAZI2LCYXNLENAY2IQ3","arn":"arn:aws:iam::637423240666:user/dev","accountId":"637423240666","accessKeyId":"AKIAZI2LCYXNH4OISNEW","userName":"dev"},"eventTime":"2024-07-17T05:38:30Z","eventSource":"apigateway.amazonaws.com","eventName":"GetApi","awsRegion":"ap-southeast-1","sourceIPAddress":"8.29.230.19","userAgent":"APN/1.0 HashiCorp/1.0 Terraform/1.3.7 (+https://www.terraform.io) terraform-provider-aws/5.57.0 (+https://registry.terraform.io/providers/hashicorp/aws) aws-sdk-go-v2/1.30.1 os/linux lang/go#1.22.4 md/GOOS#linux md/GOARCH#amd64 api/apigatewayv2#1.22.1","requestParameters":{"apiId":"f7x7yzf9j2"},"responseElements":null,"requestID":"8d342ee0-46ff-44ee-b154-c24a25aca861","eventID":"ebec91e5-09bc-41e7-8433-b81be19628e7","readOnly":true,"eventType":"AwsApiCall","managementEvent":true,"recipientAccountId":"637423240666","eventCategory":"Management"},{"eventVersion":"1.09","userIdentity":{"type":"IAMUser","principalId":"AIDAZI2LCYXNLENAY2IQ3","arn":"arn:aws:iam::637423240666:user/dev","accountId":"637423240666","accessKeyId":"AKIAZI2LCYXNH4OISNEW","userName":"dev"},"eventTime":"2024-07-17T05:38:30Z","eventSource":"apigateway.amazonaws.com","eventName":"GetApi","awsRegion":"ap-southeast-1","sourceIPAddress":"8.29.230.19","userAgent":"APN/1.0 HashiCorp/1.0 Terraform/1.3.7 (+https://www.terraform.io) terraform-provider-aws/5.57.0 (+https://registry.terraform.io/providers/hashicorp/aws) aws-sdk-go-v2/1.30.1 os/linux lang/go#1.22.4 md/GOOS#linux md/GOARCH#amd64 api/apigatewayv2#1.22.1","requestParameters":{"apiId":"f7x7yzf9j2"},"responseElements":null,"requestID":"ce7b6707-0974-40f0-8ef5-794c0f49cbe3","eventID":"c684a167-9c80-4ca5-9a2b-7b1262fdca2a","readOnly":true,"eventType":"AwsApiCall","managementEvent":true,"recipientAccountId":"637423240666","eventCategory":"Management"},{"eventVersion":"1.08","userIdentity":{"type":"IAMUser","principalId":"AIDAZI2LCYXNLENAY2IQ3","arn":"arn:aws:iam::637423240666:user/dev","accountId":"637423240666","accessKeyId":"AKIAZI2LCYXNH4OISNEW","userName":"dev"},"eventTime":"2024-07-17T05:39:17Z","eventSource":"sts.amazonaws.com","eventName":"GetCallerIdentity","awsRegion":"ap-southeast-1","sourceIPAddress":"8.29.230.19","userAgent":"APN/1.0 HashiCorp/1.0 Terraform/1.3.7 (+https://www.terraform.io) terraform-provider-aws/5.57.0 (+https://registry.terraform.io/providers/hashicorp/aws) aws-sdk-go-v2/1.30.1 os/linux lang/go#1.22.4 md/GOOS#linux md/GOARCH#amd64 api/sts#1.30.1","requestParameters":null,"responseElements":null,"requestID":"d444d634-c4d2-4e3c-a270-5e64b9a08d52","eventID":"460577a4-b092-441e-8ee2-d4a4b4fba1fb","readOnly":true,"eventType":"AwsApiCall","managementEvent":true,"recipientAccountId":"637423240666","eventCategory":"Management","tlsDetails":{"tlsVersion":"TLSv1.3","cipherSuite":"TLS_AES_128_GCM_SHA256","clientProvidedHostHeader":"sts.ap-southeast-1.amazonaws.com"}},{"eventVersion":"1.08","userIdentity":{"type":"IAMUser","principalId":"AIDAZI2LCYXNLENAY2IQ3","arn":"arn:aws:iam::637423240666:user/dev","accountId":"637423240666","accessKeyId":"AKIAZI2LCYXNH4OISNEW","userName":"dev"},"eventTime":"2024-07-17T05:39:18Z","eventSource":"sts.amazonaws.com","eventName":"GetCallerIdentity","awsRegion":"ap-southeast-1","sourceIPAddress":"8.29.230.19","userAgent":"APN/1.0 HashiCorp/1.0 Terraform/1.3.7 (+https://www.terraform.io) terraform-provider-aws/5.57.0 (+https://registry.terraform.io/providers/hashicorp/aws) aws-sdk-go-v2/1.30.1 os/linux lang/go#1.22.4 md/GOOS#linux md/GOARCH#amd64 api/sts#1.30.1","requestParameters":null,"responseElements":null,"requestID":"8e2aaa7f-8a9b-47fc-b620-1981fb01a936","eventID":"56b65e02-d7f8-495d-b006-ba472c4ae427","readOnly":true,"eventType":"AwsApiCall","managementEvent":true,"recipientAccountId":"637423240666","eventCategory":"Management","tlsDetails":{"tlsVersion":"TLSv1.3","cipherSuite":"TLS_AES_128_GCM_SHA256","clientProvidedHostHeader":"sts.ap-southeast-1.amazonaws.com"}},{"eventVersion":"1.09","userIdentity":{"type":"IAMUser","principalId":"AIDAZI2LCYXNLENAY2IQ3","arn":"arn:aws:iam::637423240666:user/dev","accountId":"637423240666","accessKeyId":"AKIAZI2LCYXNH4OISNEW","userName":"dev"},"eventTime":"2024-07-17T05:39:21Z","eventSource":"apigateway.amazonaws.com","eventName":"GetRoute","awsRegion":"ap-southeast-1","sourceIPAddress":"8.29.230.19","userAgent":"APN/1.0 HashiCorp/1.0 Terraform/1.3.7 (+https://www.terraform.io) terraform-provider-aws/5.57.0 (+https://registry.terraform.io/providers/hashicorp/aws) aws-sdk-go-v2/1.30.1 os/linux lang/go#1.22.4 md/GOOS#linux md/GOARCH#amd64 api/apigatewayv2#1.22.1","requestParameters":{"routeId":"uc8o7a8","apiId":"f7x7yzf9j2"},"responseElements":null,"requestID":"6ced2e52-4351-4510-ab12-6da08ea79fe1","eventID":"9259268a-7749-4d19-8535-99ae8b007963","readOnly":true,"eventType":"AwsApiCall","managementEvent":true,"recipientAccountId":"637423240666","eventCategory":"Management"},{"eventVersion":"1.09","userIdentity":{"type":"IAMUser","principalId":"AIDAZI2LCYXNLENAY2IQ3","arn":"arn:aws:iam::637423240666:user/dev","accountId":"637423240666","accessKeyId":"AKIAZI2LCYXNH4OISNEW","userName":"dev"},"eventTime":"2024-07-17T05:39:18Z","eventSource":"apigateway.amazonaws.com","eventName":"GetApi","awsRegion":"ap-southeast-1","sourceIPAddress":"8.29.230.19","userAgent":"APN/1.0 HashiCorp/1.0 Terraform/1.3.7 (+https://www.terraform.io) terraform-provider-aws/5.57.0 (+https://registry.terraform.io/providers/hashicorp/aws) aws-sdk-go-v2/1.30.1 os/linux lang/go#1.22.4 md/GOOS#linux md/GOARCH#amd64 api/apigatewayv2#1.22.1","requestParameters":{"apiId":"f7x7yzf9j2"},"responseElements":null,"requestID":"e6011b22-ce00-438b-8096-7854bcd56aa9","eventID":"20f07e67-6268-41c6-a238-7fb57b5b7f39","readOnly":true,"eventType":"AwsApiCall","managementEvent":true,"recipientAccountId":"637423240666","eventCategory":"Management"},{"eventVersion":"1.09","userIdentity":{"type":"IAMUser","principalId":"AIDAZI2LCYXNLENAY2IQ3","arn":"arn:aws:iam::637423240666:user/dev","accountId":"637423240666","accessKeyId":"AKIAZI2LCYXNH4OISNEW","userName":"dev"},"eventTime":"2024-07-17T05:39:18Z","eventSource":"s3.amazonaws.com","eventName":"GetBucketPolicy","awsRegion":"ap-southeast-1","sourceIPAddress":"8.29.230.19","userAgent":"[APN/1.0 HashiCorp/1.0 Terraform/1.3.7 (+https://www.terraform.io) terraform-provider-aws/5.57.0 (+https://registry.terraform.io/providers/hashicorp/aws) aws-sdk-go-v2/1.30.1 os/linux lang/go#1.22.4 md/GOOS#linux md/GOARCH#amd64 api/s3#1.58.0]","errorCode":"NoSuchBucketPolicy","errorMessage":"The bucket policy does not exist","requestParameters":{"bucketName":"meownitoringtmpbucket","Host":"meownitoringtmpbucket.s3.ap-southeast-1.amazonaws.com","policy":""},"responseElements":null,"additionalEventData":{"SignatureVersion":"SigV4","CipherSuite":"ECDHE-RSA-AES128-GCM-SHA256","bytesTransferredIn":0,"AuthenticationMethod":"AuthHeader","x-amz-id-2":"aIj5yMkwRkPBfhXSrDtrxenrmQ6LB0jFc73KZCqYiDSmIfQIums1FbtXx3YUITfv6AhYIvoS7hP7joFIJx/sRg==","bytesTransferredOut":326},"requestID":"DYNCGSRZFR51TGYD","eventID":"d953ea50-0156-40ca-a3ec-de67d00e8981","readOnly":true,"resources":[{"accountId":"637423240666","type":"AWS::S3::Bucket","ARN":"arn:aws:s3:::meownitoringtmpbucket"}],"eventType":"AwsApiCall","managementEvent":true,"recipientAccountId":"637423240666","eventCategory":"Management","tlsDetails":{"tlsVersion":"TLSv1.2","cipherSuite":"ECDHE-RSA-AES128-GCM-SHA256","clientProvidedHostHeader":"meownitoringtmpbucket.s3.ap-southeast-1.amazonaws.com"}},{"eventVersion":"1.09","userIdentity":{"type":"IAMUser","principalId":"AIDAZI2LCYXNLENAY2IQ3","arn":"arn:aws:iam::637423240666:user/dev","accountId":"637423240666","accessKeyId":"AKIAZI2LCYXNH4OISNEW","userName":"dev"},"eventTime":"2024-07-17T05:39:18Z","eventSource":"s3.amazonaws.com","eventName":"GetBucketAcl","awsRegion":"ap-southeast-1","sourceIPAddress":"8.29.230.19","userAgent":"[APN/1.0 HashiCorp/1.0 Terraform/1.3.7 (+https://www.terraform.io) terraform-provider-aws/5.57.0 (+https://registry.terraform.io/providers/hashicorp/aws) aws-sdk-go-v2/1.30.1 os/linux lang/go#1.22.4 md/GOOS#linux md/GOARCH#amd64 api/s3#1.58.0]","requestParameters":{"bucketName":"meownitoringtmpbucket","Host":"meownitoringtmpbucket.s3.ap-southeast-1.amazonaws.com","acl":""},"responseElements":null,"additionalEventData":{"SignatureVersion":"SigV4","CipherSuite":"ECDHE-RSA-AES128-GCM-SHA256","bytesTransferredIn":0,"AuthenticationMethod":"AuthHeader","x-amz-id-2":"JOpfgXZjLyzEa7KBiRW4FhAllqMPPXOyz9DrM0JsruSAZZyv0PVL3DVlvA1FLN5fBp06Iqq2/zV4g1u5SH5yrQ==","bytesTransferredOut":584},"requestID":"DYN2BBJ2ZXXC13XF","eventID":"7accb5c0-2d6f-45cd-8b24-b76ae80e535b","readOnly":true,"resources":[{"accountId":"637423240666","type":"AWS::S3::Bucket","ARN":"arn:aws:s3:::meownitoringtmpbucket"}],"eventType":"AwsApiCall","managementEvent":true,"recipientAccountId":"637423240666","eventCategory":"Management","tlsDetails":{"tlsVersion":"TLSv1.2","cipherSuite":"ECDHE-RSA-AES128-GCM-SHA256","clientProvidedHostHeader":"meownitoringtmpbucket.s3.ap-southeast-1.amazonaws.com"}},{"eventVersion":"1.09","userIdentity":{"type":"IAMUser","principalId":"AIDAZI2LCYXNLENAY2IQ3","arn":"arn:aws:iam::637423240666:user/dev","accountId":"637423240666","accessKeyId":"AKIAZI2LCYXNH4OISNEW","userName":"dev"},"eventTime":"2024-07-17T05:39:18Z","eventSource":"s3.amazonaws.com","eventName":"GetBucketCors","awsRegion":"ap-southeast-1","sourceIPAddress":"8.29.230.19","userAgent":"[APN/1.0 HashiCorp/1.0 Terraform/1.3.7 (+https://www.terraform.io) terraform-provider-aws/5.57.0 (+https://registry.terraform.io/providers/hashicorp/aws) aws-sdk-go-v2/1.30.1 os/linux lang/go#1.22.4 md/GOOS#linux md/GOARCH#amd64 api/s3#1.58.0]","errorCode":"NoSuchCORSConfiguration","errorMessage":"The CORS configuration does not exist","requestParameters":{"bucketName":"meownitoringtmpbucket","Host":"meownitoringtmpbucket.s3.ap-southeast-1.amazonaws.com","cors":""},"responseElements":null,"additionalEventData":{"SignatureVersion":"SigV4","CipherSuite":"ECDHE-RSA-AES128-GCM-SHA256","bytesTransferredIn":0,"AuthenticationMethod":"AuthHeader","x-amz-id-2":"+8dZLYgbh37ISO2x4JwAwIGw2B/rQ89wpYcff0w0xkIII7/gEgi0QAibz+zGtDzqS2WCAISuG2e3uLdebXiTNA==","bytesTransferredOut":336},"requestID":"DYN3R8AM89T9PKTK","eventID":"8c1d7105-4f18-4925-94cb-4adec77dc96b","readOnly":true,"resources":[{"accountId":"637423240666","type":"AWS::S3::Bucket","ARN":"arn:aws:s3:::meownitoringtmpbucket"}],"eventType":"AwsApiCall","managementEvent":true,"recipientAccountId":"637423240666","eventCategory":"Management","tlsDetails":{"tlsVersion":"TLSv1.2","cipherSuite":"ECDHE-RSA-AES128-GCM-SHA256","clientProvidedHostHeader":"meownitoringtmpbucket.s3.ap-southeast-1.amazonaws.com"}},{"eventVersion":"1.09","userIdentity":{"type":"IAMUser","principalId":"AIDAZI2LCYXNLENAY2IQ3","arn":"arn:aws:iam::637423240666:user/dev","accountId":"637423240666","accessKeyId":"AKIAZI2LCYXNH4OISNEW","userName":"dev"},"eventTime":"2024-07-17T05:39:18Z","eventSource":"s3.amazonaws.com","eventName":"GetBucketWebsite","awsRegion":"ap-southeast-1","sourceIPAddress":"8.29.230.19","userAgent":"[APN/1.0 HashiCorp/1.0 Terraform/1.3.7 (+https://www.terraform.io) terraform-provider-aws/5.57.0 (+https://registry.terraform.io/providers/hashicorp/aws) aws-sdk-go-v2/1.30.1 os/linux lang/go#1.22.4 md/GOOS#linux md/GOARCH#amd64 api/s3#1.58.0]","errorCode":"NoSuchWebsiteConfiguration","errorMessage":"The specified bucket does not have a website configuration","requestParameters":{"bucketName":"meownitoringtmpbucket","website":"","Host":"meownitoringtmpbucket.s3.ap-southeast-1.amazonaws.com"},"responseElements":null,"additionalEventData":{"SignatureVersion":"SigV4","CipherSuite":"ECDHE-RSA-AES128-GCM-SHA256","bytesTransferredIn":0,"AuthenticationMethod":"AuthHeader","x-amz-id-2":"UxRZgb+TnmUIydLzTjJ2rVFjhXEzXJgbSQGnKuFnw1zw3bxjZMdw6A6xoG/mEXleEB+GZWUbh/39zXR9vY/sJA==","bytesTransferredOut":360},"requestID":"DYN89HWWFSFCNART","eventID":"29f761ac-de68-4a7f-a66d-74f1723a4ff5","readOnly":true,"resources":[{"accountId":"637423240666","type":"AWS::S3::Bucket","ARN":"arn:aws:s3:::meownitoringtmpbucket"}],"eventType":"AwsApiCall","managementEvent":true,"recipientAccountId":"637423240666","eventCategory":"Management","tlsDetails":{"tlsVersion":"TLSv1.2","cipherSuite":"ECDHE-RSA-AES128-GCM-SHA256","clientProvidedHostHeader":"meownitoringtmpbucket.s3.ap-southeast-1.amazonaws.com"}},{"eventVersion":"1.09","userIdentity":{"type":"IAMUser","principalId":"AIDAZI2LCYXNLENAY2IQ3","arn":"arn:aws:iam::637423240666:user/dev","accountId":"637423240666","accessKeyId":"AKIAZI2LCYXNH4OISNEW","userName":"dev"},"eventTime":"2024-07-17T05:39:18Z","eventSource":"s3.amazonaws.com","eventName":"GetBucketVersioning","awsRegion":"ap-southeast-1","sourceIPAddress":"8.29.230.19","userAgent":"[APN/1.0 HashiCorp/1.0 Terraform/1.3.7 (+https://www.terraform.io) terraform-provider-aws/5.57.0 (+https://registry.terraform.io/providers/hashicorp/aws) aws-sdk-go-v2/1.30.1 os/linux lang/go#1.22.4 md/GOOS#linux md/GOARCH#amd64 api/s3#1.58.0]","requestParameters":{"bucketName":"meownitoringtmpbucket","Host":"meownitoringtmpbucket.s3.ap-southeast-1.amazonaws.com","versioning":""},"responseElements":null,"additionalEventData":{"SignatureVersion":"SigV4","CipherSuite":"ECDHE-RSA-AES128-GCM-SHA256","bytesTransferredIn":0,"AuthenticationMethod":"AuthHeader","x-amz-id-2":"P0el7YwmekKjU+gKWaZYUEQ/QFXfLISWkPYl3vtoNjLrIv/oaAqdg4gENOwFDycdLdePy5H3cbQd2+I4ezq3AA==","bytesTransferredOut":113},"requestID":"DYN3SY5ZHDTHGDE7","eventID":"d0dafd0b-2fa5-4b7b-bb97-e87fbcbf848f","readOnly":true,"resources":[{"accountId":"637423240666","type":"AWS::S3::Bucket","ARN":"arn:aws:s3:::meownitoringtmpbucket"}],"eventType":"AwsApiCall","managementEvent":true,"recipientAccountId":"637423240666","eventCategory":"Management","tlsDetails":{"tlsVersion":"TLSv1.2","cipherSuite":"ECDHE-RSA-AES128-GCM-SHA256","clientProvidedHostHeader":"meownitoringtmpbucket.s3.ap-southeast-1.amazonaws.com"}},{"eventVersion":"1.09","userIdentity":{"type":"IAMUser","principalId":"AIDAZI2LCYXNLENAY2IQ3","arn":"arn:aws:iam::637423240666:user/dev","accountId":"637423240666","accessKeyId":"AKIAZI2LCYXNH4OISNEW","userName":"dev"},"eventTime":"2024-07-17T05:39:19Z","eventSource":"s3.amazonaws.com","eventName":"GetBucketRequestPayment","awsRegion":"ap-southeast-1","sourceIPAddress":"8.29.230.19","userAgent":"[APN/1.0 HashiCorp/1.0 Terraform/1.3.7 (+https://www.terraform.io) terraform-provider-aws/5.57.0 (+https://registry.terraform.io/providers/hashicorp/aws) aws-sdk-go-v2/1.30.1 os/linux lang/go#1.22.4 md/GOOS#linux md/GOARCH#amd64 api/s3#1.58.0]","requestParameters":{"bucketName":"meownitoringtmpbucket","Host":"meownitoringtmpbucket.s3.ap-southeast-1.amazonaws.com","requestPayment":""},"responseElements":null,"additionalEventData":{"SignatureVersion":"SigV4","CipherSuite":"ECDHE-RSA-AES128-GCM-SHA256","bytesTransferredIn":0,"AuthenticationMethod":"AuthHeader","x-amz-id-2":"hD08LNGh28EX/SCV/DYiayCeQh4qH2wU2/hSQWZKBUBNiMixijEfbT9guFW2Sr/dJzBXRqDBa0OJS+6fhCY8mg==","bytesTransferredOut":172},"requestID":"SYQZH7E9HX8664E0","eventID":"a0d21e1c-d8ed-49e0-941a-5ba92ac53ba1","readOnly":true,"resources":[{"accountId":"637423240666","type":"AWS::S3::Bucket","ARN":"arn:aws:s3:::meownitoringtmpbucket"}],"eventType":"AwsApiCall","managementEvent":true,"recipientAccountId":"637423240666","eventCategory":"Management","tlsDetails":{"tlsVersion":"TLSv1.2","cipherSuite":"ECDHE-RSA-AES128-GCM-SHA256","clientProvidedHostHeader":"meownitoringtmpbucket.s3.ap-southeast-1.amazonaws.com"}},{"eventVersion":"1.09","userIdentity":{"type":"IAMUser","principalId":"AIDAZI2LCYXNLENAY2IQ3","arn":"arn:aws:iam::637423240666:user/dev","accountId":"637423240666","accessKeyId":"AKIAZI2LCYXNH4OISNEW","userName":"dev"},"eventTime":"2024-07-17T05:39:19Z","eventSource":"s3.amazonaws.com","eventName":"GetAccelerateConfiguration","awsRegion":"ap-southeast-1","sourceIPAddress":"8.29.230.19","userAgent":"[APN/1.0 HashiCorp/1.0 Terraform/1.3.7 (+https://www.terraform.io) terraform-provider-aws/5.57.0 (+https://registry.terraform.io/providers/hashicorp/aws) aws-sdk-go-v2/1.30.1 os/linux lang/go#1.22.4 md/GOOS#linux md/GOARCH#amd64 api/s3#1.58.0]","requestParameters":{"accelerate":"","bucketName":"meownitoringtmpbucket","Host":"meownitoringtmpbucket.s3.ap-southeast-1.amazonaws.com"},"responseElements":null,"additionalEventData":{"SignatureVersion":"SigV4","CipherSuite":"ECDHE-RSA-AES128-GCM-SHA256","bytesTransferredIn":0,"AuthenticationMethod":"AuthHeader","x-amz-id-2":"YIOZeGwT5Hr5w2sD4mgdG/f9jpEGLK1JShpsaVflVwGcKJmRXxoUlnLLiBYN46ehagmBZXKWu/C4vEYQA1tM2Q==","bytesTransferredOut":113},"requestID":"SYQXDBJMNABAKYEB","eventID":"b75c022a-0e5c-4445-94ee-7e1d82205bdc","readOnly":true,"resources":[{"accountId":"637423240666","type":"AWS::S3::Bucket","ARN":"arn:aws:s3:::meownitoringtmpbucket"}],"eventType":"AwsApiCall","managementEvent":true,"recipientAccountId":"637423240666","eventCategory":"Management","tlsDetails":{"tlsVersion":"TLSv1.2","cipherSuite":"ECDHE-RSA-AES128-GCM-SHA256","clientProvidedHostHeader":"meownitoringtmpbucket.s3.ap-southeast-1.amazonaws.com"}},{"eventVersion":"1.09","userIdentity":{"type":"IAMUser","principalId":"AIDAZI2LCYXNLENAY2IQ3","arn":"arn:aws:iam::637423240666:user/dev","accountId":"637423240666","accessKeyId":"AKIAZI2LCYXNH4OISNEW","userName":"dev"},"eventTime":"2024-07-17T05:39:19Z","eventSource":"s3.amazonaws.com","eventName":"GetBucketLogging","awsRegion":"ap-southeast-1","sourceIPAddress":"8.29.230.19","userAgent":"[APN/1.0 HashiCorp/1.0 Terraform/1.3.7 (+https://www.terraform.io) terraform-provider-aws/5.57.0 (+https://registry.terraform.io/providers/hashicorp/aws) aws-sdk-go-v2/1.30.1 os/linux lang/go#1.22.4 md/GOOS#linux md/GOARCH#amd64 api/s3#1.58.0]","requestParameters":{"logging":"","bucketName":"meownitoringtmpbucket","Host":"meownitoringtmpbucket.s3.ap-southeast-1.amazonaws.com"},"responseElements":null,"additionalEventData":{"SignatureVersion":"SigV4","CipherSuite":"ECDHE-RSA-AES128-GCM-SHA256","bytesTransferredIn":0,"AuthenticationMethod":"AuthHeader","x-amz-id-2":"srs7qlXFqsthQrrypmnghr7ets8EF/f/1YpPlhe6fjIyvbXDrpWg0OcREf0QF0qV2HhoP1UaEcdo9BYJ2iCQJw==","bytesTransferredOut":289},"requestID":"SYQW4K4P9C5BY7CE","eventID":"d110090d-f822-4e48-9d01-b2ea2000fc40","readOnly":true,"resources":[{"accountId":"637423240666","type":"AWS::S3::Bucket","ARN":"arn:aws:s3:::meownitoringtmpbucket"}],"eventType":"AwsApiCall","managementEvent":true,"recipientAccountId":"637423240666","eventCategory":"Management","tlsDetails":{"tlsVersion":"TLSv1.2","cipherSuite":"ECDHE-RSA-AES128-GCM-SHA256","clientProvidedHostHeader":"meownitoringtmpbucket.s3.ap-southeast-1.amazonaws.com"}},{"eventVersion":"1.09","userIdentity":{"type":"IAMUser","principalId":"AIDAZI2LCYXNLENAY2IQ3","arn":"arn:aws:iam::637423240666:user/dev","accountId":"637423240666","accessKeyId":"AKIAZI2LCYXNH4OISNEW","userName":"dev"},"eventTime":"2024-07-17T05:39:19Z","eventSource":"s3.amazonaws.com","eventName":"GetBucketReplication","awsRegion":"ap-southeast-1","sourceIPAddress":"8.29.230.19","userAgent":"[APN/1.0 HashiCorp/1.0 Terraform/1.3.7 (+https://www.terraform.io) terraform-provider-aws/5.57.0 (+https://registry.terraform.io/providers/hashicorp/aws) aws-sdk-go-v2/1.30.1 os/linux lang/go#1.22.4 md/GOOS#linux md/GOARCH#amd64 api/s3#1.58.0]","errorCode":"ReplicationConfigurationNotFoundError","errorMessage":"The replication configuration was not found","requestParameters":{"replication":"","bucketName":"meownitoringtmpbucket","Host":"meownitoringtmpbucket.s3.ap-southeast-1.amazonaws.com"},"responseElements":null,"additionalEventData":{"SignatureVersion":"SigV4","CipherSuite":"ECDHE-RSA-AES128-GCM-SHA256","bytesTransferredIn":0,"AuthenticationMethod":"AuthHeader","x-amz-id-2":"Aw4PkF245tBFEZFK73vpQ4T7wKwQnZGGTe15989Vc7VDQDA2RWG9k+odSfq/nVMM1W9Tri8W1rODEce1zB55EA==","bytesTransferredOut":356},"requestID":"SYQQEJ4TFWS7KSSV","eventID":"506a97b7-a1c2-4053-ad8a-f94facef56bf","readOnly":true,"resources":[{"accountId":"637423240666","type":"AWS::S3::Bucket","ARN":"arn:aws:s3:::meownitoringtmpbucket"}],"eventType":"AwsApiCall","managementEvent":true,"recipientAccountId":"637423240666","eventCategory":"Management","tlsDetails":{"tlsVersion":"TLSv1.2","cipherSuite":"ECDHE-RSA-AES128-GCM-SHA256","clientProvidedHostHeader":"meownitoringtmpbucket.s3.ap-southeast-1.amazonaws.com"}},{"eventVersion":"1.09","userIdentity":{"type":"IAMUser","principalId":"AIDAZI2LCYXNLENAY2IQ3","arn":"arn:aws:iam::637423240666:user/dev","accountId":"637423240666","accessKeyId":"AKIAZI2LCYXNH4OISNEW","userName":"dev"},"eventTime":"2024-07-17T05:39:19Z","eventSource":"s3.amazonaws.com","eventName":"GetBucketEncryption","awsRegion":"ap-southeast-1","sourceIPAddress":"8.29.230.19","userAgent":"[APN/1.0 HashiCorp/1.0 Terraform/1.3.7 (+https://www.terraform.io) terraform-provider-aws/5.57.0 (+https://registry.terraform.io/providers/hashicorp/aws) aws-sdk-go-v2/1.30.1 os/linux lang/go#1.22.4 md/GOOS#linux md/GOARCH#amd64 api/s3#1.58.0]","requestParameters":{"bucketName":"meownitoringtmpbucket","Host":"meownitoringtmpbucket.s3.ap-southeast-1.amazonaws.com","encryption":""},"responseElements":null,"additionalEventData":{"SignatureVersion":"SigV4","CipherSuite":"ECDHE-RSA-AES128-GCM-SHA256","bytesTransferredIn":0,"AuthenticationMethod":"AuthHeader","x-amz-id-2":"mZ33QVcD8rN8S46BIf0yGMyfQAyq2EaKGVTwFv8CZRRGDQZtNAmgzK/BxEjH3lpSOMrNI8U6uViTT3m8HJet2Q==","bytesTransferredOut":321},"requestID":"SYQZ0SW7QY5N6P60","eventID":"4afca3bb-5ec5-494d-aa8f-eccbe23eba8f","readOnly":true,"resources":[{"accountId":"637423240666","type":"AWS::S3::Bucket","ARN":"arn:aws:s3:::meownitoringtmpbucket"}],"eventType":"AwsApiCall","managementEvent":true,"recipientAccountId":"637423240666","eventCategory":"Management","tlsDetails":{"tlsVersion":"TLSv1.2","cipherSuite":"ECDHE-RSA-AES128-GCM-SHA256","clientProvidedHostHeader":"meownitoringtmpbucket.s3.ap-southeast-1.amazonaws.com"}},{"eventVersion":"1.09","userIdentity":{"type":"IAMUser","principalId":"AIDAZI2LCYXNLENAY2IQ3","arn":"arn:aws:iam::637423240666:user/dev","accountId":"637423240666","accessKeyId":"AKIAZI2LCYXNH4OISNEW","userName":"dev"},"eventTime":"2024-07-17T05:39:19Z","eventSource":"s3.amazonaws.com","eventName":"GetBucketObjectLockConfiguration","awsRegion":"ap-southeast-1","sourceIPAddress":"8.29.230.19","userAgent":"[APN/1.0 HashiCorp/1.0 Terraform/1.3.7 (+https://www.terraform.io) terraform-provider-aws/5.57.0 (+https://registry.terraform.io/providers/hashicorp/aws) aws-sdk-go-v2/1.30.1 os/linux lang/go#1.22.4 md/GOOS#linux md/GOARCH#amd64 api/s3#1.58.0]","errorCode":"ObjectLockConfigurationNotFoundError","errorMessage":"Object Lock configuration does not exist for this bucket","requestParameters":{"bucketName":"meownitoringtmpbucket","object-lock":"","Host":"meownitoringtmpbucket.s3.ap-southeast-1.amazonaws.com"},"responseElements":null,"additionalEventData":{"SignatureVersion":"SigV4","CipherSuite":"ECDHE-RSA-AES128-GCM-SHA256","bytesTransferredIn":0,"AuthenticationMethod":"AuthHeader","x-amz-id-2":"vj98Z+KJghshSBQUW3E7EZI1Ts+/FbrxAlh3G4qkPhZ+ig2DwwURbbkzGK+EvY22k4vGhvPVcngyvs9B/0r6FA==","bytesTransferredOut":368},"requestID":"SYQPVF4EW4N2KZ40","eventID":"4b4f0d99-a2ec-4fc7-9647-199b5c4fd2ab","readOnly":true,"resources":[{"accountId":"637423240666","type":"AWS::S3::Bucket","ARN":"arn:aws:s3:::meownitoringtmpbucket"}],"eventType":"AwsApiCall","managementEvent":true,"recipientAccountId":"637423240666","eventCategory":"Management","tlsDetails":{"tlsVersion":"TLSv1.2","cipherSuite":"ECDHE-RSA-AES128-GCM-SHA256","clientProvidedHostHeader":"meownitoringtmpbucket.s3.ap-southeast-1.amazonaws.com"}},{"eventVersion":"1.09","userIdentity":{"type":"IAMUser","principalId":"AIDAZI2LCYXNLENAY2IQ3","arn":"arn:aws:iam::637423240666:user/dev","accountId":"637423240666","accessKeyId":"AKIAZI2LCYXNH4OISNEW","userName":"dev"},"eventTime":"2024-07-17T05:39:19Z","eventSource":"s3.amazonaws.com","eventName":"GetBucketTagging","awsRegion":"ap-southeast-1","sourceIPAddress":"8.29.230.19","userAgent":"[APN/1.0 HashiCorp/1.0 Terraform/1.3.7 (+https://www.terraform.io) terraform-provider-aws/5.57.0 (+https://registry.terraform.io/providers/hashicorp/aws) aws-sdk-go-v2/1.30.1 os/linux lang/go#1.22.4 md/GOOS#linux md/GOARCH#amd64 api/s3#1.58.0]","errorCode":"NoSuchTagSet","errorMessage":"The TagSet does not exist","requestParameters":{"tagging":"","bucketName":"meownitoringtmpbucket","Host":"meownitoringtmpbucket.s3.ap-southeast-1.amazonaws.com"},"responseElements":null,"additionalEventData":{"SignatureVersion":"SigV4","CipherSuite":"ECDHE-RSA-AES128-GCM-SHA256","bytesTransferredIn":0,"AuthenticationMethod":"AuthHeader","x-amz-id-2":"YLhi7hx3gNdoTLCqjV0hqFoQqtOdJm5icoRqESEkoFxWbj2loEZYVVLIBGtF091HaJBCQM5O41h1R+eJnJ72RA==","bytesTransferredOut":313},"requestID":"SYQPPY3T4YXGVVY9","eventID":"2863fea9-4c49-4044-9e42-4672a6aa5cf0","readOnly":true,"resources":[{"accountId":"637423240666","type":"AWS::S3::Bucket","ARN":"arn:aws:s3:::meownitoringtmpbucket"}],"eventType":"AwsApiCall","managementEvent":true,"recipientAccountId":"637423240666","eventCategory":"Management","tlsDetails":{"tlsVersion":"TLSv1.2","cipherSuite":"ECDHE-RSA-AES128-GCM-SHA256","clientProvidedHostHeader":"meownitoringtmpbucket.s3.ap-southeast-1.amazonaws.com"}},{"eventVersion":"1.09","userIdentity":{"type":"IAMUser","principalId":"AIDAZI2LCYXNLENAY2IQ3","arn":"arn:aws:iam::637423240666:user/dev","accountId":"637423240666","accessKeyId":"AKIAZI2LCYXNH4OISNEW","userName":"dev"},"eventTime":"2024-07-17T05:39:19Z","eventSource":"s3.amazonaws.com","eventName":"GetBucketLifecycle","awsRegion":"ap-southeast-1","sourceIPAddress":"8.29.230.19","userAgent":"[APN/1.0 HashiCorp/1.0 Terraform/1.3.7 (+https://www.terraform.io) terraform-provider-aws/5.57.0 (+https://registry.terraform.io/providers/hashicorp/aws) aws-sdk-go-v2/1.30.1 os/linux lang/go#1.22.4 md/GOOS#linux md/GOARCH#amd64 api/s3#1.58.0]","errorCode":"NoSuchLifecycleConfiguration","errorMessage":"The lifecycle configuration does not exist","requestParameters":{"lifecycle":"","bucketName":"meownitoringtmpbucket","Host":"meownitoringtmpbucket.s3.ap-southeast-1.amazonaws.com"},"responseElements":null,"additionalEventData":{"SignatureVersion":"SigV4","CipherSuite":"ECDHE-RSA-AES128-GCM-SHA256","bytesTransferredIn":0,"AuthenticationMethod":"AuthHeader","x-amz-id-2":"WLi3xmb+xdp3A89PMQ2Le6Ij2bf31EQmugNUSDvpOZLNXmAsFsp87H6SHjHCZGuyPdfYKljCxiPJtMxAcmBUyQ==","bytesTransferredOut":307},"requestID":"SYQHZMNDWB1H5WXQ","eventID":"699ba67a-49d3-4f4f-ba01-de7c41aa27ee","readOnly":true,"resources":[{"accountId":"637423240666","type":"AWS::S3::Bucket","ARN":"arn:aws:s3:::meownitoringtmpbucket"}],"eventType":"AwsApiCall","managementEvent":true,"recipientAccountId":"637423240666","eventCategory":"Management","tlsDetails":{"tlsVersion":"TLSv1.2","cipherSuite":"ECDHE-RSA-AES128-GCM-SHA256","clientProvidedHostHeader":"meownitoringtmpbucket.s3.ap-southeast-1.amazonaws.com"}},{"eventVersion":"1.09","userIdentity":{"type":"IAMUser","principalId":"AIDAZI2LCYXNLENAY2IQ3","arn":"arn:aws:iam::637423240666:user/dev","accountId":"637423240666","accessKeyId":"AKIAZI2LCYXNH4OISNEW","userName":"dev"},"eventTime":"2024-07-17T05:39:18Z","eventSource":"s3.amazonaws.com","eventName":"GetBucketAcl","awsRegion":"ap-southeast-1","sourceIPAddress":"8.29.230.19","userAgent":"[APN/1.0 HashiCorp/1.0 Terraform/1.3.7 (+https://www.terraform.io) terraform-provider-aws/5.57.0 (+https://registry.terraform.io/providers/hashicorp/aws) aws-sdk-go-v2/1.30.1 os/linux lang/go#1.22.4 md/GOOS#linux md/GOARCH#amd64 api/s3#1.58.0]","requestParameters":{"bucketName":"meownitoring2024trailbucket","Host":"meownitoring2024trailbucket.s3.ap-southeast-1.amazonaws.com","acl":""},"responseElements":null,"additionalEventData":{"SignatureVersion":"SigV4","CipherSuite":"ECDHE-RSA-AES128-GCM-SHA256","bytesTransferredIn":0,"AuthenticationMethod":"AuthHeader","x-amz-id-2":"eJno0lBUAqvsmoHngw/svU3sfhPmm3aAszUK55ta/qmQ/3wvvWtLyzLiyi85ntoU81XGZRGc6fs=","bytesTransferredOut":584},"requestID":"DYN3602T33QWJ23X","eventID":"0965bb6f-d7b2-40f1-ba96-b0460a7f9e08","readOnly":true,"resources":[{"accountId":"637423240666","type":"AWS::S3::Bucket","ARN":"arn:aws:s3:::meownitoring2024trailbucket"}],"eventType":"AwsApiCall","managementEvent":true,"recipientAccountId":"637423240666","eventCategory":"Management","tlsDetails":{"tlsVersion":"TLSv1.2","cipherSuite":"ECDHE-RSA-AES128-GCM-SHA256","clientProvidedHostHeader":"meownitoring2024trailbucket.s3.ap-southeast-1.amazonaws.com"}},{"eventVersion":"1.09","userIdentity":{"type":"IAMUser","principalId":"AIDAZI2LCYXNLENAY2IQ3","arn":"arn:aws:iam::637423240666:user/dev","accountId":"637423240666","accessKeyId":"AKIAZI2LCYXNH4OISNEW","userName":"dev"},"eventTime":"2024-07-17T05:39:19Z","eventSource":"s3.amazonaws.com","eventName":"GetBucketVersioning","awsRegion":"ap-southeast-1","sourceIPAddress":"8.29.230.19","userAgent":"[APN/1.0 HashiCorp/1.0 Terraform/1.3.7 (+https://www.terraform.io) terraform-provider-aws/5.57.0 (+https://registry.terraform.io/providers/hashicorp/aws) aws-sdk-go-v2/1.30.1 os/linux lang/go#1.22.4 md/GOOS#linux md/GOARCH#amd64 api/s3#1.58.0]","requestParameters":{"bucketName":"meownitoring2024trailbucket","Host":"meownitoring2024trailbucket.s3.ap-southeast-1.amazonaws.com","versioning":""},"responseElements":null,"additionalEventData":{"SignatureVersion":"SigV4","CipherSuite":"ECDHE-RSA-AES128-GCM-SHA256","bytesTransferredIn":0,"AuthenticationMethod":"AuthHeader","x-amz-id-2":"OFy8KQbEkev7aY93CQz50aau+HmnxAFGF/Hm8DZPEUASK7AE32lqYHRcWuNiLEpzXjzSDWYPSMU=","bytesTransferredOut":113},"requestID":"SYQRM1TAN2Z3BZH1","eventID":"e77d6ebc-fe4b-4761-b311-7b6f78b23da5","readOnly":true,"resources":[{"accountId":"637423240666","type":"AWS::S3::Bucket","ARN":"arn:aws:s3:::meownitoring2024trailbucket"}],"eventType":"AwsApiCall","managementEvent":true,"recipientAccountId":"637423240666","eventCategory":"Management","tlsDetails":{"tlsVersion":"TLSv1.2","cipherSuite":"ECDHE-RSA-AES128-GCM-SHA256","clientProvidedHostHeader":"meownitoring2024trailbucket.s3.ap-southeast-1.amazonaws.com"}},{"eventVersion":"1.09","userIdentity":{"type":"IAMUser","principalId":"AIDAZI2LCYXNLENAY2IQ3","arn":"arn:aws:iam::637423240666:user/dev","accountId":"637423240666","accessKeyId":"AKIAZI2LCYXNH4OISNEW","userName":"dev"},"eventTime":"2024-07-17T05:39:18Z","eventSource":"s3.amazonaws.com","eventName":"GetBucketWebsite","awsRegion":"ap-southeast-1","sourceIPAddress":"8.29.230.19","userAgent":"[APN/1.0 HashiCorp/1.0 Terraform/1.3.7 (+https://www.terraform.io) terraform-provider-aws/5.57.0 (+https://registry.terraform.io/providers/hashicorp/aws) aws-sdk-go-v2/1.30.1 os/linux lang/go#1.22.4 md/GOOS#linux md/GOARCH#amd64 api/s3#1.58.0]","errorCode":"NoSuchWebsiteConfiguration","errorMessage":"The specified bucket does not have a website configuration","requestParameters":{"bucketName":"meownitoring2024trailbucket","website":"","Host":"meownitoring2024trailbucket.s3.ap-southeast-1.amazonaws.com"},"responseElements":null,"additionalEventData":{"SignatureVersion":"SigV4","CipherSuite":"ECDHE-RSA-AES128-GCM-SHA256","bytesTransferredIn":0,"AuthenticationMethod":"AuthHeader","x-amz-id-2":"E37cbuOlPrTN5odm1THvE3F/81jTm8UjrHB1FtSLGFs058aentrQONtj79r1pcBTQHEtuN2AfZs=","bytesTransferredOut":354},"requestID":"DYN2M94FPAZ5N0X4","eventID":"f2101fe0-66ff-4ff7-bb82-30bf39f5e30e","readOnly":true,"resources":[{"accountId":"637423240666","type":"AWS::S3::Bucket","ARN":"arn:aws:s3:::meownitoring2024trailbucket"}],"eventType":"AwsApiCall","managementEvent":true,"recipientAccountId":"637423240666","eventCategory":"Management","tlsDetails":{"tlsVersion":"TLSv1.2","cipherSuite":"ECDHE-RSA-AES128-GCM-SHA256","clientProvidedHostHeader":"meownitoring2024trailbucket.s3.ap-southeast-1.amazonaws.com"}},{"eventVersion":"1.09","userIdentity":{"type":"IAMUser","principalId":"AIDAZI2LCYXNLENAY2IQ3","arn":"arn:aws:iam::637423240666:user/dev","accountId":"637423240666","accessKeyId":"AKIAZI2LCYXNH4OISNEW","userName":"dev"},"eventTime":"2024-07-17T05:39:18Z","eventSource":"s3.amazonaws.com","eventName":"GetBucketCors","awsRegion":"ap-southeast-1","sourceIPAddress":"8.29.230.19","userAgent":"[APN/1.0 HashiCorp/1.0 Terraform/1.3.7 (+https://www.terraform.io) terraform-provider-aws/5.57.0 (+https://registry.terraform.io/providers/hashicorp/aws) aws-sdk-go-v2/1.30.1 os/linux lang/go#1.22.4 md/GOOS#linux md/GOARCH#amd64 api/s3#1.58.0]","errorCode":"NoSuchCORSConfiguration","errorMessage":"The CORS configuration does not exist","requestParameters":{"bucketName":"meownitoring2024trailbucket","Host":"meownitoring2024trailbucket.s3.ap-southeast-1.amazonaws.com","cors":""},"responseElements":null,"additionalEventData":{"SignatureVersion":"SigV4","CipherSuite":"ECDHE-RSA-AES128-GCM-SHA256","bytesTransferredIn":0,"AuthenticationMethod":"AuthHeader","x-amz-id-2":"/QtgYXuH5LUohIho7fiGX6kYjVg04Ayy+DLGIG0mjirgfUx2JikkeRsQDSu7owR7afQ2YWWC+ak=","bytesTransferredOut":330},"requestID":"DYNAXYFSYH19DVJ8","eventID":"916b725d-ffb2-4a30-a3b7-d8d625fbb4ff","readOnly":true,"resources":[{"accountId":"637423240666","type":"AWS::S3::Bucket","ARN":"arn:aws:s3:::meownitoring2024trailbucket"}],"eventType":"AwsApiCall","managementEvent":true,"recipientAccountId":"637423240666","eventCategory":"Management","tlsDetails":{"tlsVersion":"TLSv1.2","cipherSuite":"ECDHE-RSA-AES128-GCM-SHA256","clientProvidedHostHeader":"meownitoring2024trailbucket.s3.ap-southeast-1.amazonaws.com"}},{"eventVersion":"1.09","userIdentity":{"type":"IAMUser","principalId":"AIDAZI2LCYXNLENAY2IQ3","arn":"arn:aws:iam::637423240666:user/dev","accountId":"637423240666","accessKeyId":"AKIAZI2LCYXNH4OISNEW","userName":"dev"},"eventTime":"2024-07-17T05:39:19Z","eventSource":"s3.amazonaws.com","eventName":"GetAccelerateConfiguration","awsRegion":"ap-southeast-1","sourceIPAddress":"8.29.230.19","userAgent":"[APN/1.0 HashiCorp/1.0 Terraform/1.3.7 (+https://www.terraform.io) terraform-provider-aws/5.57.0 (+https://registry.terraform.io/providers/hashicorp/aws) aws-sdk-go-v2/1.30.1 os/linux lang/go#1.22.4 md/GOOS#linux md/GOARCH#amd64 api/s3#1.58.0]","requestParameters":{"accelerate":"","bucketName":"meownitoring2024trailbucket","Host":"meownitoring2024trailbucket.s3.ap-southeast-1.amazonaws.com"},"responseElements":null,"additionalEventData":{"SignatureVersion":"SigV4","CipherSuite":"ECDHE-RSA-AES128-GCM-SHA256","bytesTransferredIn":0,"AuthenticationMethod":"AuthHeader","x-amz-id-2":"+8Z3dAO3NmN2zgeb2M/BWRU96t2mhZriD6kFFhyCc2Ve0Idgm70JK7HZmSbgwa/2UvSiFMe+5R4=","bytesTransferredOut":113},"requestID":"SYQG5TPJ8VMD7QN0","eventID":"779d801c-1311-4c8e-b7cf-85461de26324","readOnly":true,"resources":[{"accountId":"637423240666","type":"AWS::S3::Bucket","ARN":"arn:aws:s3:::meownitoring2024trailbucket"}],"eventType":"AwsApiCall","managementEvent":true,"recipientAccountId":"637423240666","eventCategory":"Management","tlsDetails":{"tlsVersion":"TLSv1.2","cipherSuite":"ECDHE-RSA-AES128-GCM-SHA256","clientProvidedHostHeader":"meownitoring2024trailbucket.s3.ap-southeast-1.amazonaws.com"}},{"eventVersion":"1.09","userIdentity":{"type":"IAMUser","principalId":"AIDAZI2LCYXNLENAY2IQ3","arn":"arn:aws:iam::637423240666:user/dev","accountId":"637423240666","accessKeyId":"AKIAZI2LCYXNH4OISNEW","userName":"dev"},"eventTime":"2024-07-17T05:39:19Z","eventSource":"s3.amazonaws.com","eventName":"GetBucketRequestPayment","awsRegion":"ap-southeast-1","sourceIPAddress":"8.29.230.19","userAgent":"[APN/1.0 HashiCorp/1.0 Terraform/1.3.7 (+https://www.terraform.io) terraform-provider-aws/5.57.0 (+https://registry.terraform.io/providers/hashicorp/aws) aws-sdk-go-v2/1.30.1 os/linux lang/go#1.22.4 md/GOOS#linux md/GOARCH#amd64 api/s3#1.58.0]","requestParameters":{"bucketName":"meownitoring2024trailbucket","Host":"meownitoring2024trailbucket.s3.ap-southeast-1.amazonaws.com","requestPayment":""},"responseElements":null,"additionalEventData":{"SignatureVersion":"SigV4","CipherSuite":"ECDHE-RSA-AES128-GCM-SHA256","bytesTransferredIn":0,"AuthenticationMethod":"AuthHeader","x-amz-id-2":"JfjpRgudKxvfGdlc9/i0yRUvgiOhe005L/advtzQslWqMhSonhIiTq2gg8kHI2THOL2sHSZNqEY=","bytesTransferredOut":172},"requestID":"SYQS7QQ4MT5EA13M","eventID":"a8ba82b0-7785-41f5-8cc9-049fa7ccff7e","readOnly":true,"resources":[{"accountId":"637423240666","type":"AWS::S3::Bucket","ARN":"arn:aws:s3:::meownitoring2024trailbucket"}],"eventType":"AwsApiCall","managementEvent":true,"recipientAccountId":"637423240666","eventCategory":"Management","tlsDetails":{"tlsVersion":"TLSv1.2","cipherSuite":"ECDHE-RSA-AES128-GCM-SHA256","clientProvidedHostHeader":"meownitoring2024trailbucket.s3.ap-southeast-1.amazonaws.com"}},{"eventVersion":"1.09","userIdentity":{"type":"IAMUser","principalId":"AIDAZI2LCYXNLENAY2IQ3","arn":"arn:aws:iam::637423240666:user/dev","accountId":"637423240666","accessKeyId":"AKIAZI2LCYXNH4OISNEW","userName":"dev"},"eventTime":"2024-07-17T05:39:19Z","eventSource":"s3.amazonaws.com","eventName":"GetBucketLifecycle","awsRegion":"ap-southeast-1","sourceIPAddress":"8.29.230.19","userAgent":"[APN/1.0 HashiCorp/1.0 Terraform/1.3.7 (+https://www.terraform.io) terraform-provider-aws/5.57.0 (+https://registry.terraform.io/providers/hashicorp/aws) aws-sdk-go-v2/1.30.1 os/linux lang/go#1.22.4 md/GOOS#linux md/GOARCH#amd64 api/s3#1.58.0]","errorCode":"NoSuchLifecycleConfiguration","errorMessage":"The lifecycle configuration does not exist","requestParameters":{"lifecycle":"","bucketName":"meownitoring2024trailbucket","Host":"meownitoring2024trailbucket.s3.ap-southeast-1.amazonaws.com"},"responseElements":null,"additionalEventData":{"SignatureVersion":"SigV4","CipherSuite":"ECDHE-RSA-AES128-GCM-SHA256","bytesTransferredIn":0,"AuthenticationMethod":"AuthHeader","x-amz-id-2":"wPRBRwWkMyuaN1Yi1Jvd/nGwLMVyU3scQIsqxEFD3RG+q4zyud5A4cdfwF/ayw26l0Q6/CZllho=","bytesTransferredOut":301},"requestID":"SYQXYJNAP24A5RFD","eventID":"371602b5-5720-4177-bf0b-0c898d87f6ef","readOnly":true,"resources":[{"accountId":"637423240666","type":"AWS::S3::Bucket","ARN":"arn:aws:s3:::meownitoring2024trailbucket"}],"eventType":"AwsApiCall","managementEvent":true,"recipientAccountId":"637423240666","eventCategory":"Management","tlsDetails":{"tlsVersion":"TLSv1.2","cipherSuite":"ECDHE-RSA-AES128-GCM-SHA256","clientProvidedHostHeader":"meownitoring2024trailbucket.s3.ap-southeast-1.amazonaws.com"}},{"eventVersion":"1.09","userIdentity":{"type":"IAMUser","principalId":"AIDAZI2LCYXNLENAY2IQ3","arn":"arn:aws:iam::637423240666:user/dev","accountId":"637423240666","accessKeyId":"AKIAZI2LCYXNH4OISNEW","userName":"dev"},"eventTime":"2024-07-17T05:39:19Z","eventSource":"s3.amazonaws.com","eventName":"GetBucketReplication","awsRegion":"ap-southeast-1","sourceIPAddress":"8.29.230.19","userAgent":"[APN/1.0 HashiCorp/1.0 Terraform/1.3.7 (+https://www.terraform.io) terraform-provider-aws/5.57.0 (+https://registry.terraform.io/providers/hashicorp/aws) aws-sdk-go-v2/1.30.1 os/linux lang/go#1.22.4 md/GOOS#linux md/GOARCH#amd64 api/s3#1.58.0]","errorCode":"ReplicationConfigurationNotFoundError","errorMessage":"The replication configuration was not found","requestParameters":{"replication":"","bucketName":"meownitoring2024trailbucket","Host":"meownitoring2024trailbucket.s3.ap-southeast-1.amazonaws.com"},"responseElements":null,"additionalEventData":{"SignatureVersion":"SigV4","CipherSuite":"ECDHE-RSA-AES128-GCM-SHA256","bytesTransferredIn":0,"AuthenticationMethod":"AuthHeader","x-amz-id-2":"t3GUiPbEAbHN/e4ckooffI1EdJ+eFEFPE+D7uMlbwxlwxt26L8McqJupQaKQcQcFvKmCznbFIhQ=","bytesTransferredOut":350},"requestID":"SYQT0FMKYYTEAQ70","eventID":"d327ddf4-d1e5-4c77-b119-2c40a1f08bda","readOnly":true,"resources":[{"accountId":"637423240666","type":"AWS::S3::Bucket","ARN":"arn:aws:s3:::meownitoring2024trailbucket"}],"eventType":"AwsApiCall","managementEvent":true,"recipientAccountId":"637423240666","eventCategory":"Management","tlsDetails":{"tlsVersion":"TLSv1.2","cipherSuite":"ECDHE-RSA-AES128-GCM-SHA256","clientProvidedHostHeader":"meownitoring2024trailbucket.s3.ap-southeast-1.amazonaws.com"}},{"eventVersion":"1.09","userIdentity":{"type":"IAMUser","principalId":"AIDAZI2LCYXNLENAY2IQ3","arn":"arn:aws:iam::637423240666:user/dev","accountId":"637423240666","accessKeyId":"AKIAZI2LCYXNH4OISNEW","userName":"dev"},"eventTime":"2024-07-17T05:39:19Z","eventSource":"s3.amazonaws.com","eventName":"GetBucketObjectLockConfiguration","awsRegion":"ap-southeast-1","sourceIPAddress":"8.29.230.19","userAgent":"[APN/1.0 HashiCorp/1.0 Terraform/1.3.7 (+https://www.terraform.io) terraform-provider-aws/5.57.0 (+https://registry.terraform.io/providers/hashicorp/aws) aws-sdk-go-v2/1.30.1 os/linux lang/go#1.22.4 md/GOOS#linux md/GOARCH#amd64 api/s3#1.58.0]","errorCode":"ObjectLockConfigurationNotFoundError","errorMessage":"Object Lock configuration does not exist for this bucket","requestParameters":{"bucketName":"meownitoring2024trailbucket","object-lock":"","Host":"meownitoring2024trailbucket.s3.ap-southeast-1.amazonaws.com"},"responseElements":null,"additionalEventData":{"SignatureVersion":"SigV4","CipherSuite":"ECDHE-RSA-AES128-GCM-SHA256","bytesTransferredIn":0,"AuthenticationMethod":"AuthHeader","x-amz-id-2":"CTrtFZfzlZqU3j/b/Z07s9ocgcdGthikQ/Hr3dfLeg1/jeMU3F2vZsqKQ5BhFipkqTqFhMw0TiA=","bytesTransferredOut":362},"requestID":"SYQKR0Y25TJGN4EY","eventID":"0c88b4ff-5673-44a2-9461-1a49946ad721","readOnly":true,"resources":[{"accountId":"637423240666","type":"AWS::S3::Bucket","ARN":"arn:aws:s3:::meownitoring2024trailbucket"}],"eventType":"AwsApiCall","managementEvent":true,"recipientAccountId":"637423240666","eventCategory":"Management","tlsDetails":{"tlsVersion":"TLSv1.2","cipherSuite":"ECDHE-RSA-AES128-GCM-SHA256","clientProvidedHostHeader":"meownitoring2024trailbucket.s3.ap-southeast-1.amazonaws.com"}},{"eventVersion":"1.09","userIdentity":{"type":"IAMUser","principalId":"AIDAZI2LCYXNLENAY2IQ3","arn":"arn:aws:iam::637423240666:user/dev","accountId":"637423240666","accessKeyId":"AKIAZI2LCYXNH4OISNEW","userName":"dev"},"eventTime":"2024-07-17T05:39:19Z","eventSource":"s3.amazonaws.com","eventName":"GetBucketTagging","awsRegion":"ap-southeast-1","sourceIPAddress":"8.29.230.19","userAgent":"[APN/1.0 HashiCorp/1.0 Terraform/1.3.7 (+https://www.terraform.io) terraform-provider-aws/5.57.0 (+https://registry.terraform.io/providers/hashicorp/aws) aws-sdk-go-v2/1.30.1 os/linux lang/go#1.22.4 md/GOOS#linux md/GOARCH#amd64 api/s3#1.58.0]","errorCode":"NoSuchTagSet","errorMessage":"The TagSet does not exist","requestParameters":{"tagging":"","bucketName":"meownitoring2024trailbucket","Host":"meownitoring2024trailbucket.s3.ap-southeast-1.amazonaws.com"},"responseElements":null,"additionalEventData":{"SignatureVersion":"SigV4","CipherSuite":"ECDHE-RSA-AES128-GCM-SHA256","bytesTransferredIn":0,"AuthenticationMethod":"AuthHeader","x-amz-id-2":"eJyT5g53w8B6uFj09Xf8duMcvtMnAw7TUK191VVH2ZccAKGW01SWrSkdjoKnPbm67kNoNccfIwg=","bytesTransferredOut":307},"requestID":"SYQQD6QHC5NACP6K","eventID":"bc61ad62-1fbe-4afc-a322-a13182be828e","readOnly":true,"resources":[{"accountId":"637423240666","type":"AWS::S3::Bucket","ARN":"arn:aws:s3:::meownitoring2024trailbucket"}],"eventType":"AwsApiCall","managementEvent":true,"recipientAccountId":"637423240666","eventCategory":"Management","tlsDetails":{"tlsVersion":"TLSv1.2","cipherSuite":"ECDHE-RSA-AES128-GCM-SHA256","clientProvidedHostHeader":"meownitoring2024trailbucket.s3.ap-southeast-1.amazonaws.com"}},{"eventVersion":"1.09","userIdentity":{"type":"IAMUser","principalId":"AIDAZI2LCYXNLENAY2IQ3","arn":"arn:aws:iam::637423240666:user/dev","accountId":"637423240666","accessKeyId":"AKIAZI2LCYXNH4OISNEW","userName":"dev"},"eventTime":"2024-07-17T05:39:21Z","eventSource":"s3.amazonaws.com","eventName":"GetBucketPolicy","awsRegion":"ap-southeast-1","sourceIPAddress":"8.29.230.19","userAgent":"[APN/1.0 HashiCorp/1.0 Terraform/1.3.7 (+https://www.terraform.io) terraform-provider-aws/5.57.0 (+https://registry.terraform.io/providers/hashicorp/aws) aws-sdk-go-v2/1.30.1 os/linux lang/go#1.22.4 md/GOOS#linux md/GOARCH#amd64 api/s3#1.58.0]","requestParameters":{"bucketName":"meownitoring2024trailbucket","Host":"meownitoring2024trailbucket.s3.ap-southeast-1.amazonaws.com","policy":""},"responseElements":null,"additionalEventData":{"SignatureVersion":"SigV4","CipherSuite":"ECDHE-RSA-AES128-GCM-SHA256","bytesTransferredIn":0,"AuthenticationMethod":"AuthHeader","x-amz-id-2":"WoC6+0yvfmTAQgb0mnEQR/8YEoglATAkTObyimHWjExYQxJlno1K5mqpnnmO7ngGu9U0TXMhfYI=","bytesTransferredOut":695},"requestID":"PDCVZCDSNJFXM3C2","eventID":"ee43de86-f22e-4894-b290-83da8f01e532","readOnly":true,"resources":[{"accountId":"637423240666","type":"AWS::S3::Bucket","ARN":"arn:aws:s3:::meownitoring2024trailbucket"}],"eventType":"AwsApiCall","managementEvent":true,"recipientAccountId":"637423240666","eventCategory":"Management","tlsDetails":{"tlsVersion":"TLSv1.2","cipherSuite":"ECDHE-RSA-AES128-GCM-SHA256","clientProvidedHostHeader":"meownitoring2024trailbucket.s3.ap-southeast-1.amazonaws.com"}},{"eventVersion":"1.09","userIdentity":{"type":"IAMUser","principalId":"AIDAZI2LCYXNLENAY2IQ3","arn":"arn:aws:iam::637423240666:user/dev","accountId":"637423240666","accessKeyId":"AKIAZI2LCYXNH4OISNEW","userName":"dev"},"eventTime":"2024-07-17T05:39:19Z","eventSource":"s3.amazonaws.com","eventName":"GetBucketEncryption","awsRegion":"ap-southeast-1","sourceIPAddress":"8.29.230.19","userAgent":"[APN/1.0 HashiCorp/1.0 Terraform/1.3.7 (+https://www.terraform.io) terraform-provider-aws/5.57.0 (+https://registry.terraform.io/providers/hashicorp/aws) aws-sdk-go-v2/1.30.1 os/linux lang/go#1.22.4 md/GOOS#linux md/GOARCH#amd64 api/s3#1.58.0]","requestParameters":{"bucketName":"meownitoring2024trailbucket","Host":"meownitoring2024trailbucket.s3.ap-southeast-1.amazonaws.com","encryption":""},"responseElements":null,"additionalEventData":{"SignatureVersion":"SigV4","CipherSuite":"ECDHE-RSA-AES128-GCM-SHA256","bytesTransferredIn":0,"AuthenticationMethod":"AuthHeader","x-amz-id-2":"5BwS/ukYB6v+jKbo3xn6PqfdOxnFOmOg6nKHWYnpeFPKOa8n1DdOlZ1JYXnKXd+V468WJbFMBKQ=","bytesTransferredOut":321},"requestID":"SYQWG7GDN0AM950G","eventID":"736343f8-cdc5-410c-bcf2-a9c706a930f9","readOnly":true,"resources":[{"accountId":"637423240666","type":"AWS::S3::Bucket","ARN":"arn:aws:s3:::meownitoring2024trailbucket"}],"eventType":"AwsApiCall","managementEvent":true,"recipientAccountId":"637423240666","eventCategory":"Management","tlsDetails":{"tlsVersion":"TLSv1.2","cipherSuite":"ECDHE-RSA-AES128-GCM-SHA256","clientProvidedHostHeader":"meownitoring2024trailbucket.s3.ap-southeast-1.amazonaws.com"}},{"eventVersion":"1.09","userIdentity":{"type":"IAMUser","principalId":"AIDAZI2LCYXNLENAY2IQ3","arn":"arn:aws:iam::637423240666:user/dev","accountId":"637423240666","accessKeyId":"AKIAZI2LCYXNH4OISNEW","userName":"dev"},"eventTime":"2024-07-17T05:39:19Z","eventSource":"s3.amazonaws.com","eventName":"GetBucketLogging","awsRegion":"ap-southeast-1","sourceIPAddress":"8.29.230.19","userAgent":"[APN/1.0 HashiCorp/1.0 Terraform/1.3.7 (+https://www.terraform.io) terraform-provider-aws/5.57.0 (+https://registry.terraform.io/providers/hashicorp/aws) aws-sdk-go-v2/1.30.1 os/linux lang/go#1.22.4 md/GOOS#linux md/GOARCH#amd64 api/s3#1.58.0]","requestParameters":{"logging":"","bucketName":"meownitoring2024trailbucket","Host":"meownitoring2024trailbucket.s3.ap-southeast-1.amazonaws.com"},"responseElements":null,"additionalEventData":{"SignatureVersion":"SigV4","CipherSuite":"ECDHE-RSA-AES128-GCM-SHA256","bytesTransferredIn":0,"AuthenticationMethod":"AuthHeader","x-amz-id-2":"gXISqSwcKB1Dv6Q7V5wemAaJCov+T/KCACPBaxAgGDCmKWvZOLJNxVjdqyyGNRt18E8+wsPIflQ=","bytesTransferredOut":289},"requestID":"SYQQA6V1EY3NRV1Q","eventID":"18b9bd1e-2225-4870-b52d-9cb9c0fcc3f7","readOnly":true,"resources":[{"accountId":"637423240666","type":"AWS::S3::Bucket","ARN":"arn:aws:s3:::meownitoring2024trailbucket"}],"eventType":"AwsApiCall","managementEvent":true,"recipientAccountId":"637423240666","eventCategory":"Management","tlsDetails":{"tlsVersion":"TLSv1.2","cipherSuite":"ECDHE-RSA-AES128-GCM-SHA256","clientProvidedHostHeader":"meownitoring2024trailbucket.s3.ap-southeast-1.amazonaws.com"}},{"eventVersion":"1.09","userIdentity":{"type":"IAMUser","principalId":"AIDAZI2LCYXNLENAY2IQ3","arn":"arn:aws:iam::637423240666:user/dev","accountId":"637423240666","accessKeyId":"AKIAZI2LCYXNH4OISNEW","userName":"dev"},"eventTime":"2024-07-17T05:39:18Z","eventSource":"s3.amazonaws.com","eventName":"GetBucketPolicy","awsRegion":"ap-southeast-1","sourceIPAddress":"8.29.230.19","userAgent":"[APN/1.0 HashiCorp/1.0 Terraform/1.3.7 (+https://www.terraform.io) terraform-provider-aws/5.57.0 (+https://registry.terraform.io/providers/hashicorp/aws) aws-sdk-go-v2/1.30.1 os/linux lang/go#1.22.4 md/GOOS#linux md/GOARCH#amd64 api/s3#1.58.0]","requestParameters":{"bucketName":"meownitoring2024trailbucket","Host":"meownitoring2024trailbucket.s3.ap-southeast-1.amazonaws.com","policy":""},"responseElements":null,"additionalEventData":{"SignatureVersion":"SigV4","CipherSuite":"ECDHE-RSA-AES128-GCM-SHA256","bytesTransferredIn":0,"AuthenticationMethod":"AuthHeader","x-amz-id-2":"c3bQ+EluSXLVEy2l4bxeFRt0hSerf+Aeoz7MPD2V1KIzJRTNI6sp4sddN4HHu0XiuVjnTcLMdsM=","bytesTransferredOut":695},"requestID":"DYNAW2SWZE0KEZ7J","eventID":"3f827b36-664e-4c66-bd0f-bef558a46ea5","readOnly":true,"resources":[{"accountId":"637423240666","type":"AWS::S3::Bucket","ARN":"arn:aws:s3:::meownitoring2024trailbucket"}],"eventType":"AwsApiCall","managementEvent":true,"recipientAccountId":"637423240666","eventCategory":"Management","tlsDetails":{"tlsVersion":"TLSv1.2","cipherSuite":"ECDHE-RSA-AES128-GCM-SHA256","clientProvidedHostHeader":"meownitoring2024trailbucket.s3.ap-southeast-1.amazonaws.com"}},{"eventVersion":"1.08","userIdentity":{"type":"IAMUser","principalId":"AIDAZI2LCYXNLENAY2IQ3","arn":"arn:aws:iam::637423240666:user/dev","accountId":"637423240666","accessKeyId":"AKIAZI2LCYXNH4OISNEW","userName":"dev"},"eventTime":"2024-07-17T05:39:21Z","eventSource":"lambda.amazonaws.com","eventName":"ListVersionsByFunction20150331","awsRegion":"ap-southeast-1","sourceIPAddress":"8.29.230.19","userAgent":"APN/1.0 HashiCorp/1.0 Terraform/1.3.7 (+https://www.terraform.io) terraform-provider-aws/5.57.0 (+https://registry.terraform.io/providers/hashicorp/aws) m/C aws-sdk-go-v2/1.30.1 os/linux lang/go#1.22.4 md/GOOS#linux md/GOARCH#amd64 api/lambda#1.56.1","requestParameters":{"functionName":"debug-logs-compiler","maxItems":10000},"responseElements":null,"requestID":"1be2b734-2d43-4f6e-ba1a-cd6c7ce2a9c1","eventID":"52488b16-851e-47c2-ad1b-6fc6cd8191da","readOnly":true,"eventType":"AwsApiCall","managementEvent":true,"recipientAccountId":"637423240666","eventCategory":"Management","tlsDetails":{"tlsVersion":"TLSv1.3","cipherSuite":"TLS_AES_128_GCM_SHA256","clientProvidedHostHeader":"lambda.ap-southeast-1.amazonaws.com"}},{"eventVersion":"1.09","userIdentity":{"type":"IAMUser","principalId":"AIDAZI2LCYXNLENAY2IQ3","arn":"arn:aws:iam::637423240666:user/dev","accountId":"637423240666","accessKeyId":"AKIAZI2LCYXNH4OISNEW","userName":"dev"},"eventTime":"2024-07-17T05:39:20Z","eventSource":"apigateway.amazonaws.com","eventName":"GetStage","awsRegion":"ap-southeast-1","sourceIPAddress":"8.29.230.19","userAgent":"APN/1.0 HashiCorp/1.0 Terraform/1.3.7 (+https://www.terraform.io) terraform-provider-aws/5.57.0 (+https://registry.terraform.io/providers/hashicorp/aws) aws-sdk-go-v2/1.30.1 os/linux lang/go#1.22.4 md/GOOS#linux md/GOARCH#amd64 api/apigatewayv2#1.22.1","requestParameters":{"stageName":"5587y0s9d5aed","apiId":"pxzfkfmjo7"},"responseElements":null,"requestID":"4dda1a27-38eb-42b2-8110-34345fabd499","eventID":"c23417e2-f7d9-4159-b954-2525568e7a8c","readOnly":true,"eventType":"AwsApiCall","managementEvent":true,"recipientAccountId":"637423240666","eventCategory":"Management"},{"eventVersion":"1.09","userIdentity":{"type":"IAMUser","principalId":"AIDAZI2LCYXNLENAY2IQ3","arn":"arn:aws:iam::637423240666:user/dev","accountId":"637423240666","accessKeyId":"AKIAZI2LCYXNH4OISNEW","userName":"dev"},"eventTime":"2024-07-17T05:39:20Z","eventSource":"apigateway.amazonaws.com","eventName":"GetStage","awsRegion":"ap-southeast-1","sourceIPAddress":"8.29.230.19","userAgent":"APN/1.0 HashiCorp/1.0 Terraform/1.3.7 (+https://www.terraform.io) terraform-provider-aws/5.57.0 (+https://registry.terraform.io/providers/hashicorp/aws) aws-sdk-go-v2/1.30.1 os/linux lang/go#1.22.4 md/GOOS#linux md/GOARCH#amd64 api/apigatewayv2#1.22.1","requestParameters":{"stageName":"a5845sa9179d","apiId":"f7x7yzf9j2"},"responseElements":null,"requestID":"3e23d3d1-dc8e-41db-b3b2-eec288d85011","eventID":"6fb10118-e1d6-483e-8447-5f6c9a5558a3","readOnly":true,"eventType":"AwsApiCall","managementEvent":true,"recipientAccountId":"637423240666","eventCategory":"Management"},{"eventVersion":"1.09","userIdentity":{"type":"IAMUser","principalId":"AIDAZI2LCYXNLENAY2IQ3","arn":"arn:aws:iam::637423240666:user/dev","accountId":"637423240666","accessKeyId":"AKIAZI2LCYXNH4OISNEW","userName":"dev"},"eventTime":"2024-07-17T05:39:21Z","eventSource":"apigateway.amazonaws.com","eventName":"GetRoute","awsRegion":"ap-southeast-1","sourceIPAddress":"8.29.230.19","userAgent":"APN/1.0 HashiCorp/1.0 Terraform/1.3.7 (+https://www.terraform.io) terraform-provider-aws/5.57.0 (+https://registry.terraform.io/providers/hashicorp/aws) aws-sdk-go-v2/1.30.1 os/linux lang/go#1.22.4 md/GOOS#linux md/GOARCH#amd64 api/apigatewayv2#1.22.1","requestParameters":{"routeId":"v7r95o6","apiId":"f7x7yzf9j2"},"responseElements":null,"requestID":"e443904b-7039-46fa-80b1-01ec0c9dc6ae","eventID":"0214611c-92cb-4520-82e5-e5f12e53340f","readOnly":true,"eventType":"AwsApiCall","managementEvent":true,"recipientAccountId":"637423240666","eventCategory":"Management"},{"eventVersion":"1.08","userIdentity":{"type":"IAMUser","principalId":"AIDAZI2LCYXNLENAY2IQ3","arn":"arn:aws:iam::637423240666:user/dev","accountId":"637423240666","accessKeyId":"AKIAZI2LCYXNH4OISNEW","userName":"dev"},"eventTime":"2024-07-17T05:39:32Z","eventSource":"sts.amazonaws.com","eventName":"GetCallerIdentity","awsRegion":"ap-southeast-1","sourceIPAddress":"8.29.230.19","userAgent":"APN/1.0 HashiCorp/1.0 Terraform/1.3.7 (+https://www.terraform.io) terraform-provider-aws/5.57.0 (+https://registry.terraform.io/providers/hashicorp/aws) aws-sdk-go-v2/1.30.1 os/linux lang/go#1.22.4 md/GOOS#linux md/GOARCH#amd64 api/sts#1.30.1","requestParameters":null,"responseElements":null,"requestID":"70327e96-30b1-42de-adaa-d0126e3c31f1","eventID":"bd86a79d-0a35-4070-a807-74b32842b14d","readOnly":true,"eventType":"AwsApiCall","managementEvent":true,"recipientAccountId":"637423240666","eventCategory":"Management","tlsDetails":{"tlsVersion":"TLSv1.3","cipherSuite":"TLS_AES_128_GCM_SHA256","clientProvidedHostHeader":"sts.ap-southeast-1.amazonaws.com"}},{"eventVersion":"1.09","userIdentity":{"type":"IAMUser","principalId":"AIDAZI2LCYXNLENAY2IQ3","arn":"arn:aws:iam::637423240666:user/dev","accountId":"637423240666","accessKeyId":"AKIAZI2LCYXNH4OISNEW","userName":"dev"},"eventTime":"2024-07-17T05:39:32Z","eventSource":"apigateway.amazonaws.com","eventName":"GetRoute","awsRegion":"ap-southeast-1","sourceIPAddress":"8.29.230.19","userAgent":"APN/1.0 HashiCorp/1.0 Terraform/1.3.7 (+https://www.terraform.io) terraform-provider-aws/5.57.0 (+https://registry.terraform.io/providers/hashicorp/aws) aws-sdk-go-v2/1.30.1 os/linux lang/go#1.22.4 md/GOOS#linux md/GOARCH#amd64 api/apigatewayv2#1.22.1","requestParameters":{"routeId":"v7r95o6","apiId":"f7x7yzf9j2"},"responseElements":null,"requestID":"6c298baa-aac7-4101-b463-86a1052cde50","eventID":"3ff68def-8ef0-4fdc-b86e-06f0847b29d2","readOnly":true,"eventType":"AwsApiCall","managementEvent":true,"recipientAccountId":"637423240666","eventCategory":"Management"},{"eventVersion":"1.09","userIdentity":{"type":"IAMUser","principalId":"AIDAZI2LCYXNLENAY2IQ3","arn":"arn:aws:iam::637423240666:user/dev","accountId":"637423240666","accessKeyId":"AKIAZI2LCYXNH4OISNEW","userName":"dev"},"eventTime":"2024-07-17T05:39:21Z","eventSource":"apigateway.amazonaws.com","eventName":"GetApi","awsRegion":"ap-southeast-1","sourceIPAddress":"8.29.230.19","userAgent":"APN/1.0 HashiCorp/1.0 Terraform/1.3.7 (+https://www.terraform.io) terraform-provider-aws/5.57.0 (+https://registry.terraform.io/providers/hashicorp/aws) aws-sdk-go-v2/1.30.1 os/linux lang/go#1.22.4 md/GOOS#linux md/GOARCH#amd64 api/apigatewayv2#1.22.1","requestParameters":{"apiId":"f7x7yzf9j2"},"responseElements":null,"requestID":"697ad0d0-a01d-4585-afe6-fcbcf2479852","eventID":"2535c416-dee9-4d16-8a03-424caf90124c","readOnly":true,"eventType":"AwsApiCall","managementEvent":true,"recipientAccountId":"637423240666","eventCategory":"Management"},{"eventVersion":"1.08","userIdentity":{"type":"IAMUser","principalId":"AIDAZI2LCYXNLENAY2IQ3","arn":"arn:aws:iam::637423240666:user/dev","accountId":"637423240666","accessKeyId":"AKIAZI2LCYXNH4OISNEW","userName":"dev"},"eventTime":"2024-07-17T05:39:21Z","eventSource":"lambda.amazonaws.com","eventName":"GetFunction20150331v2","awsRegion":"ap-southeast-1","sourceIPAddress":"8.29.230.19","userAgent":"APN/1.0 HashiCorp/1.0 Terraform/1.3.7 (+https://www.terraform.io) terraform-provider-aws/5.57.0 (+https://registry.terraform.io/providers/hashicorp/aws) aws-sdk-go-v2/1.30.1 os/linux lang/go#1.22.4 md/GOOS#linux md/GOARCH#amd64 api/lambda#1.56.1","requestParameters":{"functionName":"processor"},"responseElements":null,"requestID":"23a141a6-cada-4bf7-918e-3683ef0a6cac","eventID":"6b3e758e-722e-4a45-8e82-dbca9646b555","readOnly":true,"eventType":"AwsApiCall","managementEvent":true,"recipientAccountId":"637423240666","eventCategory":"Management","tlsDetails":{"tlsVersion":"TLSv1.3","cipherSuite":"TLS_AES_128_GCM_SHA256","clientProvidedHostHeader":"lambda.ap-southeast-1.amazonaws.com"}},{"eventVersion":"1.09","userIdentity":{"type":"IAMUser","principalId":"AIDAZI2LCYXNLENAY2IQ3","arn":"arn:aws:iam::637423240666:user/dev","accountId":"637423240666","accessKeyId":"AKIAZI2LCYXNH4OISNEW","userName":"dev"},"eventTime":"2024-07-17T05:39:21Z","eventSource":"apigateway.amazonaws.com","eventName":"GetApi","awsRegion":"ap-southeast-1","sourceIPAddress":"8.29.230.19","userAgent":"APN/1.0 HashiCorp/1.0 Terraform/1.3.7 (+https://www.terraform.io) terraform-provider-aws/5.57.0 (+https://registry.terraform.io/providers/hashicorp/aws) aws-sdk-go-v2/1.30.1 os/linux lang/go#1.22.4 md/GOOS#linux md/GOARCH#amd64 api/apigatewayv2#1.22.1","requestParameters":{"apiId":"pxzfkfmjo7"},"responseElements":null,"requestID":"4b97039d-7ed2-4bd5-b719-0c3e6cd6f542","eventID":"24253a03-2a4a-4c68-b70f-897cd4d3738f","readOnly":true,"eventType":"AwsApiCall","managementEvent":true,"recipientAccountId":"637423240666","eventCategory":"Management"},{"eventVersion":"1.09","userIdentity":{"type":"IAMUser","principalId":"AIDAZI2LCYXNLENAY2IQ3","arn":"arn:aws:iam::637423240666:user/dev","accountId":"637423240666","accessKeyId":"AKIAZI2LCYXNH4OISNEW","userName":"dev"},"eventTime":"2024-07-17T05:39:21Z","eventSource":"apigateway.amazonaws.com","eventName":"GetIntegration","awsRegion":"ap-southeast-1","sourceIPAddress":"8.29.230.19","userAgent":"APN/1.0 HashiCorp/1.0 Terraform/1.3.7 (+https://www.terraform.io) terraform-provider-aws/5.57.0 (+https://registry.terraform.io/providers/hashicorp/aws) aws-sdk-go-v2/1.30.1 os/linux lang/go#1.22.4 md/GOOS#linux md/GOARCH#amd64 api/apigatewayv2#1.22.1","requestParameters":{"integrationId":"y2pnomf","apiId":"f7x7yzf9j2"},"responseElements":null,"requestID":"1dbaa6b8-15a1-4b8d-9edc-ff5eae395845","eventID":"5d99d93e-534b-4a7b-8198-7c665ea50cff","readOnly":true,"eventType":"AwsApiCall","managementEvent":true,"recipientAccountId":"637423240666","eventCategory":"Management"},{"eventVersion":"1.08","userIdentity":{"type":"IAMUser","principalId":"AIDAZI2LCYXNLENAY2IQ3","arn":"arn:aws:iam::637423240666:user/dev","accountId":"637423240666","accessKeyId":"AKIAZI2LCYXNH4OISNEW","userName":"dev"},"eventTime":"2024-07-17T05:39:21Z","eventSource":"lambda.amazonaws.com","eventName":"ListVersionsByFunction20150331","awsRegion":"ap-southeast-1","sourceIPAddress":"8.29.230.19","userAgent":"APN/1.0 HashiCorp/1.0 Terraform/1.3.7 (+https://www.terraform.io) terraform-provider-aws/5.57.0 (+https://registry.terraform.io/providers/hashicorp/aws) m/C aws-sdk-go-v2/1.30.1 os/linux lang/go#1.22.4 md/GOOS#linux md/GOARCH#amd64 api/lambda#1.56.1","requestParameters":{"functionName":"processor","maxItems":10000},"responseElements":null,"requestID":"3da06a25-a4be-4407-b40d-ab57176ecd2d","eventID":"a03ecb31-6ea6-4c41-93c4-ccd3abaa90df","readOnly":true,"eventType":"AwsApiCall","managementEvent":true,"recipientAccountId":"637423240666","eventCategory":"Management","tlsDetails":{"tlsVersion":"TLSv1.3","cipherSuite":"TLS_AES_128_GCM_SHA256","clientProvidedHostHeader":"lambda.ap-southeast-1.amazonaws.com"}},{"eventVersion":"1.09","userIdentity":{"type":"IAMUser","principalId":"AIDAZI2LCYXNLENAY2IQ3","arn":"arn:aws:iam::637423240666:user/dev","accountId":"637423240666","accessKeyId":"AKIAZI2LCYXNH4OISNEW","userName":"dev"},"eventTime":"2024-07-17T05:39:32Z","eventSource":"apigateway.amazonaws.com","eventName":"UpdateRoute","awsRegion":"ap-southeast-1","sourceIPAddress":"8.29.230.19","userAgent":"APN/1.0 HashiCorp/1.0 Terraform/1.3.7 (+https://www.terraform.io) terraform-provider-aws/5.57.0 (+https://registry.terraform.io/providers/hashicorp/aws) aws-sdk-go-v2/1.30.1 os/linux lang/go#1.22.4 md/GOOS#linux md/GOARCH#amd64 api/apigatewayv2#1.22.1","requestParameters":{"routeId":"459xgqc","routeKey":"GET /ca75e98961a4h85d9fc8","apiId":"f7x7yzf9j2"},"responseElements":{"authorizationType":"NONE","routeId":"459xgqc","apiKeyRequired":false,"routeKey":"GET /ca75e98961a4h85d9fc8","target":"integrations/y2pnomf"},"requestID":"a7a43c82-55a0-45dd-8451-41bfcff8e224","eventID":"75924892-2377-4492-ae3b-6a6de59cc036","readOnly":false,"eventType":"AwsApiCall","managementEvent":true,"recipientAccountId":"637423240666","eventCategory":"Management"},{"eventVersion":"1.08","userIdentity":{"type":"IAMUser","principalId":"AIDAZI2LCYXNLENAY2IQ3","arn":"arn:aws:iam::637423240666:user/dev","accountId":"637423240666","accessKeyId":"AKIAZI2LCYXNH4OISNEW","userName":"dev"},"eventTime":"2024-07-17T05:39:21Z","eventSource":"lambda.amazonaws.com","eventName":"GetFunctionCodeSigningConfig","awsRegion":"ap-southeast-1","sourceIPAddress":"8.29.230.19","userAgent":"APN/1.0 HashiCorp/1.0 Terraform/1.3.7 (+https://www.terraform.io) terraform-provider-aws/5.57.0 (+https://registry.terraform.io/providers/hashicorp/aws) aws-sdk-go-v2/1.30.1 os/linux lang/go#1.22.4 md/GOOS#linux md/GOARCH#amd64 api/lambda#1.56.1","requestParameters":{"functionName":"processor"},"responseElements":null,"requestID":"c6abd761-1771-4899-bbf3-92e648cc5362","eventID":"f16a9a0e-00bd-47b8-9f02-bf5cb6ec4652","readOnly":true,"eventType":"AwsApiCall","managementEvent":true,"recipientAccountId":"637423240666","eventCategory":"Management","tlsDetails":{"tlsVersion":"TLSv1.3","cipherSuite":"TLS_AES_128_GCM_SHA256","clientProvidedHostHeader":"lambda.ap-southeast-1.amazonaws.com"}},{"eventVersion":"1.09","userIdentity":{"type":"IAMUser","principalId":"AIDAZI2LCYXNLENAY2IQ3","arn":"arn:aws:iam::637423240666:user/dev","accountId":"637423240666","accessKeyId":"AKIAZI2LCYXNH4OISNEW","userName":"dev"},"eventTime":"2024-07-17T05:39:33Z","eventSource":"apigateway.amazonaws.com","eventName":"CreateStage","awsRegion":"ap-southeast-1","sourceIPAddress":"8.29.230.19","userAgent":"APN/1.0 HashiCorp/1.0 Terraform/1.3.7 (+https://www.terraform.io) terraform-provider-aws/5.57.0 (+https://registry.terraform.io/providers/hashicorp/aws) aws-sdk-go-v2/1.30.1 os/linux lang/go#1.22.4 md/GOOS#linux md/GOARCH#amd64 api/apigatewayv2#1.22.1","requestParameters":{"stageName":"a58409179d77f55092fad","autoDeploy":true,"apiId":"f7x7yzf9j2"},"responseElements":{"lastUpdatedDate":"2024-07-17T05:39:32Z","stageName":"a58409179d77f55092fad","createdDate":"2024-07-17T05:39:32Z","routeSettings":{},"autoDeploy":true,"defaultRouteSettings":{"detailedMetricsEnabled":false},"stageVariables":"***","tags":{}},"requestID":"4d013d22-9d74-4ce4-b079-0a8e940a4e6f","eventID":"12b1be5f-c7a6-4a13-ac1a-98c715941db0","readOnly":false,"eventType":"AwsApiCall","managementEvent":true,"recipientAccountId":"637423240666","eventCategory":"Management"},{"eventVersion":"1.09","userIdentity":{"type":"IAMUser","principalId":"AIDAZI2LCYXNLENAY2IQ3","arn":"arn:aws:iam::637423240666:user/dev","accountId":"637423240666","accessKeyId":"AKIAZI2LCYXNH4OISNEW","userName":"dev"},"eventTime":"2024-07-17T05:39:32Z","eventSource":"apigateway.amazonaws.com","eventName":"GetApi","awsRegion":"ap-southeast-1","sourceIPAddress":"8.29.230.19","userAgent":"APN/1.0 HashiCorp/1.0 Terraform/1.3.7 (+https://www.terraform.io) terraform-provider-aws/5.57.0 (+https://registry.terraform.io/providers/hashicorp/aws) aws-sdk-go-v2/1.30.1 os/linux lang/go#1.22.4 md/GOOS#linux md/GOARCH#amd64 api/apigatewayv2#1.22.1","requestParameters":{"apiId":"f7x7yzf9j2"},"responseElements":null,"requestID":"9a68e33b-7595-4d91-b09b-e259bdec0ac3","eventID":"639e1caa-e41e-4e24-88b2-52a2022f86e5","readOnly":true,"eventType":"AwsApiCall","managementEvent":true,"recipientAccountId":"637423240666","eventCategory":"Management"}]}