{"Records":[{"eventVersion":"1.08","userIdentity":{"type":"IAMUser","principalId":"AIDAZI2LCYXNLENAY2IQ3","arn":"arn:aws:iam::637423240666:user/dev","accountId":"637423240666","accessKeyId":"AKIAZI2LCYXNH4OISNEW","userName":"dev"},"eventTime":"2024-07-17T06:07:52Z","eventSource":"sts.amazonaws.com","eventName":"GetCallerIdentity","awsRegion":"ap-southeast-1","sourceIPAddress":"8.29.230.19","userAgent":"APN/1.0 HashiCorp/1.0 Terraform/1.3.7 (+https://www.terraform.io) terraform-provider-aws/5.57.0 (+https://registry.terraform.io/providers/hashicorp/aws) aws-sdk-go-v2/1.30.1 os/linux lang/go#1.22.4 md/GOOS#linux md/GOARCH#amd64 api/sts#1.30.1","requestParameters":null,"responseElements":null,"requestID":"d2218712-c085-4b9b-93e8-86eb0f037fc1","eventID":"baebbfa6-3fd1-4fa5-81dd-67f7426ad574","readOnly":true,"eventType":"AwsApiCall","managementEvent":true,"recipientAccountId":"637423240666","eventCategory":"Management","tlsDetails":{"tlsVersion":"TLSv1.3","cipherSuite":"TLS_AES_128_GCM_SHA256","clientProvidedHostHeader":"sts.ap-southeast-1.amazonaws.com"}},{"eventVersion":"1.08","userIdentity":{"type":"IAMUser","principalId":"AIDAZI2LCYXNLENAY2IQ3","arn":"arn:aws:iam::637423240666:user/dev","accountId":"637423240666","accessKeyId":"AKIAZI2LCYXNH4OISNEW","userName":"dev"},"eventTime":"2024-07-17T06:07:52Z","eventSource":"sts.amazonaws.com","eventName":"GetCallerIdentity","awsRegion":"ap-southeast-1","sourceIPAddress":"8.29.230.19","userAgent":"APN/1.0 HashiCorp/1.0 Terraform/1.3.7 (+https://www.terraform.io) terraform-provider-aws/5.57.0 (+https://registry.terraform.io/providers/hashicorp/aws) aws-sdk-go-v2/1.30.1 os/linux lang/go#1.22.4 md/GOOS#linux md/GOARCH#amd64 api/sts#1.30.1","requestParameters":null,"responseElements":null,"requestID":"7d8dd669-7145-445a-8db9-ddbc15d5f96d","eventID":"386c4066-6c0f-4edd-8758-f1eccd24994b","readOnly":true,"eventType":"AwsApiCall","managementEvent":true,"recipientAccountId":"637423240666","eventCategory":"Management","tlsDetails":{"tlsVersion":"TLSv1.3","cipherSuite":"TLS_AES_128_GCM_SHA256","clientProvidedHostHeader":"sts.ap-southeast-1.amazonaws.com"}},{"eventVersion":"1.09","userIdentity":{"type":"IAMUser","principalId":"AIDAZI2LCYXNLENAY2IQ3","arn":"arn:aws:iam::637423240666:user/dev","accountId":"637423240666","accessKeyId":"AKIAZI2LCYXNH4OISNEW","userName":"dev"},"eventTime":"2024-07-17T06:07:52Z","eventSource":"apigateway.amazonaws.com","eventName":"GetApi","awsRegion":"ap-southeast-1","sourceIPAddress":"8.29.230.19","userAgent":"APN/1.0 HashiCorp/1.0 Terraform/1.3.7 (+https://www.terraform.io) terraform-provider-aws/5.57.0 (+https://registry.terraform.io/providers/hashicorp/aws) aws-sdk-go-v2/1.30.1 os/linux lang/go#1.22.4 md/GOOS#linux md/GOARCH#amd64 api/apigatewayv2#1.22.1","requestParameters":{"apiId":"pxzfkfmjo7"},"responseElements":null,"requestID":"ee1bb96f-9959-4d8a-bfe0-83e248686c63","eventID":"55fa6e11-a713-4f4c-8620-882d2bd511ba","readOnly":true,"eventType":"AwsApiCall","managementEvent":true,"recipientAccountId":"637423240666","eventCategory":"Management"},{"eventVersion":"1.09","userIdentity":{"type":"IAMUser","principalId":"AIDAZI2LCYXNLENAY2IQ3","arn":"arn:aws:iam::637423240666:user/dev","accountId":"637423240666","accessKeyId":"AKIAZI2LCYXNH4OISNEW","userName":"dev"},"eventTime":"2024-07-17T06:07:53Z","eventSource":"s3.amazonaws.com","eventName":"GetBucketPolicy","awsRegion":"ap-southeast-1","sourceIPAddress":"8.29.230.19","userAgent":"[APN/1.0 HashiCorp/1.0 Terraform/1.3.7 (+https://www.terraform.io) terraform-provider-aws/5.57.0 (+https://registry.terraform.io/providers/hashicorp/aws) aws-sdk-go-v2/1.30.1 os/linux lang/go#1.22.4 md/GOOS#linux md/GOARCH#amd64 api/s3#1.58.0]","errorCode":"NoSuchBucketPolicy","errorMessage":"The bucket policy does not exist","requestParameters":{"bucketName":"meownitoringtmpbucket","Host":"meownitoringtmpbucket.s3.ap-southeast-1.amazonaws.com","policy":""},"responseElements":null,"additionalEventData":{"SignatureVersion":"SigV4","CipherSuite":"ECDHE-RSA-AES128-GCM-SHA256","bytesTransferredIn":0,"AuthenticationMethod":"AuthHeader","x-amz-id-2":"5IKr5VyEOz0CSMI1E3yiuBm5i2zpK3BbuV+QBBeF4E87/g4eKS+IaY7pQmaYDJGqHUUZvRPIzQQ=","bytesTransferredOut":314},"requestID":"ZCQM3QD75X91K4Z4","eventID":"716fcefc-03a0-4768-be7f-abf74d34a041","readOnly":true,"resources":[{"accountId":"637423240666","type":"AWS::S3::Bucket","ARN":"arn:aws:s3:::meownitoringtmpbucket"}],"eventType":"AwsApiCall","managementEvent":true,"recipientAccountId":"637423240666","eventCategory":"Management","tlsDetails":{"tlsVersion":"TLSv1.2","cipherSuite":"ECDHE-RSA-AES128-GCM-SHA256","clientProvidedHostHeader":"meownitoringtmpbucket.s3.ap-southeast-1.amazonaws.com"}},{"eventVersion":"1.09","userIdentity":{"type":"IAMUser","principalId":"AIDAZI2LCYXNLENAY2IQ3","arn":"arn:aws:iam::637423240666:user/dev","accountId":"637423240666","accessKeyId":"AKIAZI2LCYXNH4OISNEW","userName":"dev"},"eventTime":"2024-07-17T06:07:53Z","eventSource":"s3.amazonaws.com","eventName":"GetBucketCors","awsRegion":"ap-southeast-1","sourceIPAddress":"8.29.230.19","userAgent":"[APN/1.0 HashiCorp/1.0 Terraform/1.3.7 (+https://www.terraform.io) terraform-provider-aws/5.57.0 (+https://registry.terraform.io/providers/hashicorp/aws) aws-sdk-go-v2/1.30.1 os/linux lang/go#1.22.4 md/GOOS#linux md/GOARCH#amd64 api/s3#1.58.0]","errorCode":"NoSuchCORSConfiguration","errorMessage":"The CORS configuration does not exist","requestParameters":{"bucketName":"meownitoringtmpbucket","Host":"meownitoringtmpbucket.s3.ap-southeast-1.amazonaws.com","cors":""},"responseElements":null,"additionalEventData":{"SignatureVersion":"SigV4","CipherSuite":"ECDHE-RSA-AES128-GCM-SHA256","bytesTransferredIn":0,"AuthenticationMethod":"AuthHeader","x-amz-id-2":"cCnU0fmYM4SpwypJtln31vjpWdDWp9BIVa6V79yZuL3kOehQQAfeiR2sqL2ZPGgY267Lzv+CQm0=","bytesTransferredOut":324},"requestID":"ZCQZXTR6E8WTGKX4","eventID":"4431c9de-082c-47aa-a4cb-6e4bbece5963","readOnly":true,"resources":[{"accountId":"637423240666","type":"AWS::S3::Bucket","ARN":"arn:aws:s3:::meownitoringtmpbucket"}],"eventType":"AwsApiCall","managementEvent":true,"recipientAccountId":"637423240666","eventCategory":"Management","tlsDetails":{"tlsVersion":"TLSv1.2","cipherSuite":"ECDHE-RSA-AES128-GCM-SHA256","clientProvidedHostHeader":"meownitoringtmpbucket.s3.ap-southeast-1.amazonaws.com"}},{"eventVersion":"1.09","userIdentity":{"type":"IAMUser","principalId":"AIDAZI2LCYXNLENAY2IQ3","arn":"arn:aws:iam::637423240666:user/dev","accountId":"637423240666","accessKeyId":"AKIAZI2LCYXNH4OISNEW","userName":"dev"},"eventTime":"2024-07-17T06:07:53Z","eventSource":"s3.amazonaws.com","eventName":"GetBucketVersioning","awsRegion":"ap-southeast-1","sourceIPAddress":"8.29.230.19","userAgent":"[APN/1.0 HashiCorp/1.0 Terraform/1.3.7 (+https://www.terraform.io) terraform-provider-aws/5.57.0 (+https://registry.terraform.io/providers/hashicorp/aws) aws-sdk-go-v2/1.30.1 os/linux lang/go#1.22.4 md/GOOS#linux md/GOARCH#amd64 api/s3#1.58.0]","requestParameters":{"bucketName":"meownitoringtmpbucket","Host":"meownitoringtmpbucket.s3.ap-southeast-1.amazonaws.com","versioning":""},"responseElements":null,"additionalEventData":{"SignatureVersion":"SigV4","CipherSuite":"ECDHE-RSA-AES128-GCM-SHA256","bytesTransferredIn":0,"AuthenticationMethod":"AuthHeader","x-amz-id-2":"PQzhlxnoh/K706t5O0G6kxgmXySvxqwpNpZ1or217V0OnzVMy86+5Z3JirOhsn4z01A879nRBGo=","bytesTransferredOut":113},"requestID":"ZCQG5CHZJQAK676N","eventID":"aa07538d-b9d4-451b-8f31-99de98da44c3","readOnly":true,"resources":[{"accountId":"637423240666","type":"AWS::S3::Bucket","ARN":"arn:aws:s3:::meownitoringtmpbucket"}],"eventType":"AwsApiCall","managementEvent":true,"recipientAccountId":"637423240666","eventCategory":"Management","tlsDetails":{"tlsVersion":"TLSv1.2","cipherSuite":"ECDHE-RSA-AES128-GCM-SHA256","clientProvidedHostHeader":"meownitoringtmpbucket.s3.ap-southeast-1.amazonaws.com"}},{"eventVersion":"1.09","userIdentity":{"type":"IAMUser","principalId":"AIDAZI2LCYXNLENAY2IQ3","arn":"arn:aws:iam::637423240666:user/dev","accountId":"637423240666","accessKeyId":"AKIAZI2LCYXNH4OISNEW","userName":"dev"},"eventTime":"2024-07-17T06:07:53Z","eventSource":"s3.amazonaws.com","eventName":"GetAccelerateConfiguration","awsRegion":"ap-southeast-1","sourceIPAddress":"8.29.230.19","userAgent":"[APN/1.0 HashiCorp/1.0 Terraform/1.3.7 (+https://www.terraform.io) terraform-provider-aws/5.57.0 (+https://registry.terraform.io/providers/hashicorp/aws) aws-sdk-go-v2/1.30.1 os/linux lang/go#1.22.4 md/GOOS#linux md/GOARCH#amd64 api/s3#1.58.0]","requestParameters":{"accelerate":"","bucketName":"meownitoringtmpbucket","Host":"meownitoringtmpbucket.s3.ap-southeast-1.amazonaws.com"},"responseElements":null,"additionalEventData":{"SignatureVersion":"SigV4","CipherSuite":"ECDHE-RSA-AES128-GCM-SHA256","bytesTransferredIn":0,"AuthenticationMethod":"AuthHeader","x-amz-id-2":"qm8U/hp+lcMOhme3wSu15vXl5QRr9k2rM/K3bPECN1VWFzuEiYqhK3gKB+02oB8sYaaRtO7SkEA=","bytesTransferredOut":113},"requestID":"ZCQWB48D55KJQXT7","eventID":"7e56c94c-1acf-4793-b16c-6882a29a4a4b","readOnly":true,"resources":[{"accountId":"637423240666","type":"AWS::S3::Bucket","ARN":"arn:aws:s3:::meownitoringtmpbucket"}],"eventType":"AwsApiCall","managementEvent":true,"recipientAccountId":"637423240666","eventCategory":"Management","tlsDetails":{"tlsVersion":"TLSv1.2","cipherSuite":"ECDHE-RSA-AES128-GCM-SHA256","clientProvidedHostHeader":"meownitoringtmpbucket.s3.ap-southeast-1.amazonaws.com"}},{"eventVersion":"1.09","userIdentity":{"type":"IAMUser","principalId":"AIDAZI2LCYXNLENAY2IQ3","arn":"arn:aws:iam::637423240666:user/dev","accountId":"637423240666","accessKeyId":"AKIAZI2LCYXNH4OISNEW","userName":"dev"},"eventTime":"2024-07-17T06:07:54Z","eventSource":"s3.amazonaws.com","eventName":"GetBucketRequestPayment","awsRegion":"ap-southeast-1","sourceIPAddress":"8.29.230.19","userAgent":"[APN/1.0 HashiCorp/1.0 Terraform/1.3.7 (+https://www.terraform.io) terraform-provider-aws/5.57.0 (+https://registry.terraform.io/providers/hashicorp/aws) aws-sdk-go-v2/1.30.1 os/linux lang/go#1.22.4 md/GOOS#linux md/GOARCH#amd64 api/s3#1.58.0]","requestParameters":{"bucketName":"meownitoringtmpbucket","Host":"meownitoringtmpbucket.s3.ap-southeast-1.amazonaws.com","requestPayment":""},"responseElements":null,"additionalEventData":{"SignatureVersion":"SigV4","CipherSuite":"ECDHE-RSA-AES128-GCM-SHA256","bytesTransferredIn":0,"AuthenticationMethod":"AuthHeader","x-amz-id-2":"WIlMvwkfoTSqNEnE7+0noSml83XLAmf/8+eO4vD3tuGvkl7odFmOEB6OC2bCGQ8KO09dtyD5RGs=","bytesTransferredOut":172},"requestID":"CXH8SDWTPV2MGD6K","eventID":"611e435d-1c18-43fb-af27-a666744d94f9","readOnly":true,"resources":[{"accountId":"637423240666","type":"AWS::S3::Bucket","ARN":"arn:aws:s3:::meownitoringtmpbucket"}],"eventType":"AwsApiCall","managementEvent":true,"recipientAccountId":"637423240666","eventCategory":"Management","tlsDetails":{"tlsVersion":"TLSv1.2","cipherSuite":"ECDHE-RSA-AES128-GCM-SHA256","clientProvidedHostHeader":"meownitoringtmpbucket.s3.ap-southeast-1.amazonaws.com"}},{"eventVersion":"1.09","userIdentity":{"type":"IAMUser","principalId":"AIDAZI2LCYXNLENAY2IQ3","arn":"arn:aws:iam::637423240666:user/dev","accountId":"637423240666","accessKeyId":"AKIAZI2LCYXNH4OISNEW","userName":"dev"},"eventTime":"2024-07-17T06:07:54Z","eventSource":"s3.amazonaws.com","eventName":"GetBucketLogging","awsRegion":"ap-southeast-1","sourceIPAddress":"8.29.230.19","userAgent":"[APN/1.0 HashiCorp/1.0 Terraform/1.3.7 (+https://www.terraform.io) terraform-provider-aws/5.57.0 (+https://registry.terraform.io/providers/hashicorp/aws) aws-sdk-go-v2/1.30.1 os/linux lang/go#1.22.4 md/GOOS#linux md/GOARCH#amd64 api/s3#1.58.0]","requestParameters":{"logging":"","bucketName":"meownitoringtmpbucket","Host":"meownitoringtmpbucket.s3.ap-southeast-1.amazonaws.com"},"responseElements":null,"additionalEventData":{"SignatureVersion":"SigV4","CipherSuite":"ECDHE-RSA-AES128-GCM-SHA256","bytesTransferredIn":0,"AuthenticationMethod":"AuthHeader","x-amz-id-2":"yj+VCJUReMc68Rbb7R18y7RGCmP4pIVQDV+dQVgbf2DCbkFCjyk7g3PmUaaP0JcIXMVxCrA7tRg=","bytesTransferredOut":289},"requestID":"CXH3W1BYV0ZN0QF7","eventID":"d70f8e81-e29d-4377-8e66-28a8920b3a38","readOnly":true,"resources":[{"accountId":"637423240666","type":"AWS::S3::Bucket","ARN":"arn:aws:s3:::meownitoringtmpbucket"}],"eventType":"AwsApiCall","managementEvent":true,"recipientAccountId":"637423240666","eventCategory":"Management","tlsDetails":{"tlsVersion":"TLSv1.2","cipherSuite":"ECDHE-RSA-AES128-GCM-SHA256","clientProvidedHostHeader":"meownitoringtmpbucket.s3.ap-southeast-1.amazonaws.com"}},{"eventVersion":"1.09","userIdentity":{"type":"IAMUser","principalId":"AIDAZI2LCYXNLENAY2IQ3","arn":"arn:aws:iam::637423240666:user/dev","accountId":"637423240666","accessKeyId":"AKIAZI2LCYXNH4OISNEW","userName":"dev"},"eventTime":"2024-07-17T06:07:53Z","eventSource":"s3.amazonaws.com","eventName":"GetBucketAcl","awsRegion":"ap-southeast-1","sourceIPAddress":"8.29.230.19","userAgent":"[APN/1.0 HashiCorp/1.0 Terraform/1.3.7 (+https://www.terraform.io) terraform-provider-aws/5.57.0 (+https://registry.terraform.io/providers/hashicorp/aws) aws-sdk-go-v2/1.30.1 os/linux lang/go#1.22.4 md/GOOS#linux md/GOARCH#amd64 api/s3#1.58.0]","requestParameters":{"bucketName":"meownitoringtmpbucket","Host":"meownitoringtmpbucket.s3.ap-southeast-1.amazonaws.com","acl":""},"responseElements":null,"additionalEventData":{"SignatureVersion":"SigV4","CipherSuite":"ECDHE-RSA-AES128-GCM-SHA256","bytesTransferredIn":0,"AuthenticationMethod":"AuthHeader","x-amz-id-2":"M1Vf4F8o8Eyz1zn78oxUqaV702dZeXhiesMuj/QmvUOlkVoYl+1UKp+6zcVZ+d2v6VjkEJqVA0o=","bytesTransferredOut":584},"requestID":"ZCQYDM19GJXJ7SK4","eventID":"9986c9d9-d619-4731-950f-0a8adca605b9","readOnly":true,"resources":[{"accountId":"637423240666","type":"AWS::S3::Bucket","ARN":"arn:aws:s3:::meownitoringtmpbucket"}],"eventType":"AwsApiCall","managementEvent":true,"recipientAccountId":"637423240666","eventCategory":"Management","tlsDetails":{"tlsVersion":"TLSv1.2","cipherSuite":"ECDHE-RSA-AES128-GCM-SHA256","clientProvidedHostHeader":"meownitoringtmpbucket.s3.ap-southeast-1.amazonaws.com"}},{"eventVersion":"1.09","userIdentity":{"type":"IAMUser","principalId":"AIDAZI2LCYXNLENAY2IQ3","arn":"arn:aws:iam::637423240666:user/dev","accountId":"637423240666","accessKeyId":"AKIAZI2LCYXNH4OISNEW","userName":"dev"},"eventTime":"2024-07-17T06:07:53Z","eventSource":"s3.amazonaws.com","eventName":"GetBucketWebsite","awsRegion":"ap-southeast-1","sourceIPAddress":"8.29.230.19","userAgent":"[APN/1.0 HashiCorp/1.0 Terraform/1.3.7 (+https://www.terraform.io) terraform-provider-aws/5.57.0 (+https://registry.terraform.io/providers/hashicorp/aws) aws-sdk-go-v2/1.30.1 os/linux lang/go#1.22.4 md/GOOS#linux md/GOARCH#amd64 api/s3#1.58.0]","errorCode":"NoSuchWebsiteConfiguration","errorMessage":"The specified bucket does not have a website configuration","requestParameters":{"bucketName":"meownitoringtmpbucket","website":"","Host":"meownitoringtmpbucket.s3.ap-southeast-1.amazonaws.com"},"responseElements":null,"additionalEventData":{"SignatureVersion":"SigV4","CipherSuite":"ECDHE-RSA-AES128-GCM-SHA256","bytesTransferredIn":0,"AuthenticationMethod":"AuthHeader","x-amz-id-2":"IXU0SUKq3Br7LfmX7i1SV5lkzOkvnyBQAnxIWycr5QLlX13EzzdffAcScO1rqR/eNp42WQbBHZE=","bytesTransferredOut":348},"requestID":"ZCQSZQHF1SZ7YXBX","eventID":"fc684dea-5dbb-48e5-8035-bad56a066978","readOnly":true,"resources":[{"accountId":"637423240666","type":"AWS::S3::Bucket","ARN":"arn:aws:s3:::meownitoringtmpbucket"}],"eventType":"AwsApiCall","managementEvent":true,"recipientAccountId":"637423240666","eventCategory":"Management","tlsDetails":{"tlsVersion":"TLSv1.2","cipherSuite":"ECDHE-RSA-AES128-GCM-SHA256","clientProvidedHostHeader":"meownitoringtmpbucket.s3.ap-southeast-1.amazonaws.com"}},{"eventVersion":"1.09","userIdentity":{"type":"IAMUser","principalId":"AIDAZI2LCYXNLENAY2IQ3","arn":"arn:aws:iam::637423240666:user/dev","accountId":"637423240666","accessKeyId":"AKIAZI2LCYXNH4OISNEW","userName":"dev"},"eventTime":"2024-07-17T06:07:54Z","eventSource":"s3.amazonaws.com","eventName":"GetBucketEncryption","awsRegion":"ap-southeast-1","sourceIPAddress":"8.29.230.19","userAgent":"[APN/1.0 HashiCorp/1.0 Terraform/1.3.7 (+https://www.terraform.io) terraform-provider-aws/5.57.0 (+https://registry.terraform.io/providers/hashicorp/aws) aws-sdk-go-v2/1.30.1 os/linux lang/go#1.22.4 md/GOOS#linux md/GOARCH#amd64 api/s3#1.58.0]","requestParameters":{"bucketName":"meownitoringtmpbucket","Host":"meownitoringtmpbucket.s3.ap-southeast-1.amazonaws.com","encryption":""},"responseElements":null,"additionalEventData":{"SignatureVersion":"SigV4","CipherSuite":"ECDHE-RSA-AES128-GCM-SHA256","bytesTransferredIn":0,"AuthenticationMethod":"AuthHeader","x-amz-id-2":"qjIfT1pghRC6pBWRXA94w593Qaov6jcuUGB/jJh8hfZKNVDg5gZaJJKulWHQKRGvUVB8hFcbcHc=","bytesTransferredOut":321},"requestID":"CXH25RP7HS1HYAJ9","eventID":"6f56a104-5b60-44fd-b8be-99d6966f98c3","readOnly":true,"resources":[{"accountId":"637423240666","type":"AWS::S3::Bucket","ARN":"arn:aws:s3:::meownitoringtmpbucket"}],"eventType":"AwsApiCall","managementEvent":true,"recipientAccountId":"637423240666","eventCategory":"Management","tlsDetails":{"tlsVersion":"TLSv1.2","cipherSuite":"ECDHE-RSA-AES128-GCM-SHA256","clientProvidedHostHeader":"meownitoringtmpbucket.s3.ap-southeast-1.amazonaws.com"}},{"eventVersion":"1.09","userIdentity":{"type":"IAMUser","principalId":"AIDAZI2LCYXNLENAY2IQ3","arn":"arn:aws:iam::637423240666:user/dev","accountId":"637423240666","accessKeyId":"AKIAZI2LCYXNH4OISNEW","userName":"dev"},"eventTime":"2024-07-17T06:07:54Z","eventSource":"s3.amazonaws.com","eventName":"GetBucketReplication","awsRegion":"ap-southeast-1","sourceIPAddress":"8.29.230.19","userAgent":"[APN/1.0 HashiCorp/1.0 Terraform/1.3.7 (+https://www.terraform.io) terraform-provider-aws/5.57.0 (+https://registry.terraform.io/providers/hashicorp/aws) aws-sdk-go-v2/1.30.1 os/linux lang/go#1.22.4 md/GOOS#linux md/GOARCH#amd64 api/s3#1.58.0]","errorCode":"ReplicationConfigurationNotFoundError","errorMessage":"The replication configuration was not found","requestParameters":{"replication":"","bucketName":"meownitoringtmpbucket","Host":"meownitoringtmpbucket.s3.ap-southeast-1.amazonaws.com"},"responseElements":null,"additionalEventData":{"SignatureVersion":"SigV4","CipherSuite":"ECDHE-RSA-AES128-GCM-SHA256","bytesTransferredIn":0,"AuthenticationMethod":"AuthHeader","x-amz-id-2":"UENkdEbLjHTofaPdRADVu3RTNEfBCZPEaDWzJOvZjfLugXb0xpJhPhS4iiJSaGutr6NMoSVJ6Fs=","bytesTransferredOut":344},"requestID":"CXHE727WXZHFK7WH","eventID":"fc7c2891-3c7d-483e-9052-3177de29c4c7","readOnly":true,"resources":[{"accountId":"637423240666","type":"AWS::S3::Bucket","ARN":"arn:aws:s3:::meownitoringtmpbucket"}],"eventType":"AwsApiCall","managementEvent":true,"recipientAccountId":"637423240666","eventCategory":"Management","tlsDetails":{"tlsVersion":"TLSv1.2","cipherSuite":"ECDHE-RSA-AES128-GCM-SHA256","clientProvidedHostHeader":"meownitoringtmpbucket.s3.ap-southeast-1.amazonaws.com"}},{"eventVersion":"1.09","userIdentity":{"type":"IAMUser","principalId":"AIDAZI2LCYXNLENAY2IQ3","arn":"arn:aws:iam::637423240666:user/dev","accountId":"637423240666","accessKeyId":"AKIAZI2LCYXNH4OISNEW","userName":"dev"},"eventTime":"2024-07-17T06:07:54Z","eventSource":"s3.amazonaws.com","eventName":"GetBucketLifecycle","awsRegion":"ap-southeast-1","sourceIPAddress":"8.29.230.19","userAgent":"[APN/1.0 HashiCorp/1.0 Terraform/1.3.7 (+https://www.terraform.io) terraform-provider-aws/5.57.0 (+https://registry.terraform.io/providers/hashicorp/aws) aws-sdk-go-v2/1.30.1 os/linux lang/go#1.22.4 md/GOOS#linux md/GOARCH#amd64 api/s3#1.58.0]","errorCode":"NoSuchLifecycleConfiguration","errorMessage":"The lifecycle configuration does not exist","requestParameters":{"lifecycle":"","bucketName":"meownitoringtmpbucket","Host":"meownitoringtmpbucket.s3.ap-southeast-1.amazonaws.com"},"responseElements":null,"additionalEventData":{"SignatureVersion":"SigV4","CipherSuite":"ECDHE-RSA-AES128-GCM-SHA256","bytesTransferredIn":0,"AuthenticationMethod":"AuthHeader","x-amz-id-2":"t8OG3qNtreGHjTEC9G8umGYkuo3Zg701fmUz1a39PvgpMsJ986auXoZ4AbnlRS1cRHuSjdedCZw=","bytesTransferredOut":295},"requestID":"CXH6RB8C9RFRQKT3","eventID":"594629af-2655-489e-a463-30b37655aeeb","readOnly":true,"resources":[{"accountId":"637423240666","type":"AWS::S3::Bucket","ARN":"arn:aws:s3:::meownitoringtmpbucket"}],"eventType":"AwsApiCall","managementEvent":true,"recipientAccountId":"637423240666","eventCategory":"Management","tlsDetails":{"tlsVersion":"TLSv1.2","cipherSuite":"ECDHE-RSA-AES128-GCM-SHA256","clientProvidedHostHeader":"meownitoringtmpbucket.s3.ap-southeast-1.amazonaws.com"}},{"eventVersion":"1.09","userIdentity":{"type":"IAMUser","principalId":"AIDAZI2LCYXNLENAY2IQ3","arn":"arn:aws:iam::637423240666:user/dev","accountId":"637423240666","accessKeyId":"AKIAZI2LCYXNH4OISNEW","userName":"dev"},"eventTime":"2024-07-17T06:07:55Z","eventSource":"apigateway.amazonaws.com","eventName":"GetApi","awsRegion":"ap-southeast-1","sourceIPAddress":"8.29.230.19","userAgent":"APN/1.0 HashiCorp/1.0 Terraform/1.3.7 (+https://www.terraform.io) terraform-provider-aws/5.57.0 (+https://registry.terraform.io/providers/hashicorp/aws) aws-sdk-go-v2/1.30.1 os/linux lang/go#1.22.4 md/GOOS#linux md/GOARCH#amd64 api/apigatewayv2#1.22.1","requestParameters":{"apiId":"pxzfkfmjo7"},"responseElements":null,"requestID":"170e5e5e-b4b0-417d-8780-bccf2e94b8f5","eventID":"6689739c-535d-4028-942a-820228492381","readOnly":true,"eventType":"AwsApiCall","managementEvent":true,"recipientAccountId":"637423240666","eventCategory":"Management"},{"eventVersion":"1.09","userIdentity":{"type":"IAMUser","principalId":"AIDAZI2LCYXNLENAY2IQ3","arn":"arn:aws:iam::637423240666:user/dev","accountId":"637423240666","accessKeyId":"AKIAZI2LCYXNH4OISNEW","userName":"dev"},"eventTime":"2024-07-17T06:07:53Z","eventSource":"s3.amazonaws.com","eventName":"GetBucketPolicy","awsRegion":"ap-southeast-1","sourceIPAddress":"8.29.230.19","userAgent":"[APN/1.0 HashiCorp/1.0 Terraform/1.3.7 (+https://www.terraform.io) terraform-provider-aws/5.57.0 (+https://registry.terraform.io/providers/hashicorp/aws) aws-sdk-go-v2/1.30.1 os/linux lang/go#1.22.4 md/GOOS#linux md/GOARCH#amd64 api/s3#1.58.0]","requestParameters":{"bucketName":"meownitoring2024trailbucket","Host":"meownitoring2024trailbucket.s3.ap-southeast-1.amazonaws.com","policy":""},"responseElements":null,"additionalEventData":{"SignatureVersion":"SigV4","CipherSuite":"ECDHE-RSA-AES128-GCM-SHA256","bytesTransferredIn":0,"AuthenticationMethod":"AuthHeader","x-amz-id-2":"ZmLBJtU3TCMacEvnpFll1eSIQwYAl8+FOgQ55/Psf0T3A4IOlUKumbdiSVI4X2LNW6OqT/FGPoQ=","bytesTransferredOut":695},"requestID":"ZCQQCF23CGNWTFE4","eventID":"6df40f23-7fab-40d7-b012-77023baa0ff4","readOnly":true,"resources":[{"accountId":"637423240666","type":"AWS::S3::Bucket","ARN":"arn:aws:s3:::meownitoring2024trailbucket"}],"eventType":"AwsApiCall","managementEvent":true,"recipientAccountId":"637423240666","eventCategory":"Management","tlsDetails":{"tlsVersion":"TLSv1.2","cipherSuite":"ECDHE-RSA-AES128-GCM-SHA256","clientProvidedHostHeader":"meownitoring2024trailbucket.s3.ap-southeast-1.amazonaws.com"}},{"eventVersion":"1.09","userIdentity":{"type":"IAMUser","principalId":"AIDAZI2LCYXNLENAY2IQ3","arn":"arn:aws:iam::637423240666:user/dev","accountId":"637423240666","accessKeyId":"AKIAZI2LCYXNH4OISNEW","userName":"dev"},"eventTime":"2024-07-17T06:07:53Z","eventSource":"s3.amazonaws.com","eventName":"GetBucketVersioning","awsRegion":"ap-southeast-1","sourceIPAddress":"8.29.230.19","userAgent":"[APN/1.0 HashiCorp/1.0 Terraform/1.3.7 (+https://www.terraform.io) terraform-provider-aws/5.57.0 (+https://registry.terraform.io/providers/hashicorp/aws) aws-sdk-go-v2/1.30.1 os/linux lang/go#1.22.4 md/GOOS#linux md/GOARCH#amd64 api/s3#1.58.0]","requestParameters":{"bucketName":"meownitoring2024trailbucket","Host":"meownitoring2024trailbucket.s3.ap-southeast-1.amazonaws.com","versioning":""},"responseElements":null,"additionalEventData":{"SignatureVersion":"SigV4","CipherSuite":"ECDHE-RSA-AES128-GCM-SHA256","bytesTransferredIn":0,"AuthenticationMethod":"AuthHeader","x-amz-id-2":"a9wCmOp0Mrk2+ABnyqf0nIt2SnNSMAT9a5EJP+AZgsELLAG+n6EpOUX+zxQVRqV8RHJtFKKmei0=","bytesTransferredOut":113},"requestID":"ZCQKDYKRJC3QV9TT","eventID":"b04b8a6e-1699-47d5-92dd-1428b7b3f572","readOnly":true,"resources":[{"accountId":"637423240666","type":"AWS::S3::Bucket","ARN":"arn:aws:s3:::meownitoring2024trailbucket"}],"eventType":"AwsApiCall","managementEvent":true,"recipientAccountId":"637423240666","eventCategory":"Management","tlsDetails":{"tlsVersion":"TLSv1.2","cipherSuite":"ECDHE-RSA-AES128-GCM-SHA256","clientProvidedHostHeader":"meownitoring2024trailbucket.s3.ap-southeast-1.amazonaws.com"}},{"eventVersion":"1.09","userIdentity":{"type":"IAMUser","principalId":"AIDAZI2LCYXNLENAY2IQ3","arn":"arn:aws:iam::637423240666:user/dev","accountId":"637423240666","accessKeyId":"AKIAZI2LCYXNH4OISNEW","userName":"dev"},"eventTime":"2024-07-17T06:07:53Z","eventSource":"s3.amazonaws.com","eventName":"GetBucketWebsite","awsRegion":"ap-southeast-1","sourceIPAddress":"8.29.230.19","userAgent":"[APN/1.0 HashiCorp/1.0 Terraform/1.3.7 (+https://www.terraform.io) terraform-provider-aws/5.57.0 (+https://registry.terraform.io/providers/hashicorp/aws) aws-sdk-go-v2/1.30.1 os/linux lang/go#1.22.4 md/GOOS#linux md/GOARCH#amd64 api/s3#1.58.0]","errorCode":"NoSuchWebsiteConfiguration","errorMessage":"The specified bucket does not have a website configuration","requestParameters":{"bucketName":"meownitoring2024trailbucket","website":"","Host":"meownitoring2024trailbucket.s3.ap-southeast-1.amazonaws.com"},"responseElements":null,"additionalEventData":{"SignatureVersion":"SigV4","CipherSuite":"ECDHE-RSA-AES128-GCM-SHA256","bytesTransferredIn":0,"AuthenticationMethod":"AuthHeader","x-amz-id-2":"izBSjP7CBIMgb0hOAtt6Oa5l/zTgBTErF5oIj0icAPlSssaIfSBilQPBxTImGXF7XVwHgodBTLA=","bytesTransferredOut":354},"requestID":"ZCQTZSF65G9WA1EM","eventID":"f299855b-c397-4cb7-95dc-091e576f8fe6","readOnly":true,"resources":[{"accountId":"637423240666","type":"AWS::S3::Bucket","ARN":"arn:aws:s3:::meownitoring2024trailbucket"}],"eventType":"AwsApiCall","managementEvent":true,"recipientAccountId":"637423240666","eventCategory":"Management","tlsDetails":{"tlsVersion":"TLSv1.2","cipherSuite":"ECDHE-RSA-AES128-GCM-SHA256","clientProvidedHostHeader":"meownitoring2024trailbucket.s3.ap-southeast-1.amazonaws.com"}},{"eventVersion":"1.09","userIdentity":{"type":"IAMUser","principalId":"AIDAZI2LCYXNLENAY2IQ3","arn":"arn:aws:iam::637423240666:user/dev","accountId":"637423240666","accessKeyId":"AKIAZI2LCYXNH4OISNEW","userName":"dev"},"eventTime":"2024-07-17T06:07:53Z","eventSource":"s3.amazonaws.com","eventName":"GetBucketAcl","awsRegion":"ap-southeast-1","sourceIPAddress":"8.29.230.19","userAgent":"[APN/1.0 HashiCorp/1.0 Terraform/1.3.7 (+https://www.terraform.io) terraform-provider-aws/5.57.0 (+https://registry.terraform.io/providers/hashicorp/aws) aws-sdk-go-v2/1.30.1 os/linux lang/go#1.22.4 md/GOOS#linux md/GOARCH#amd64 api/s3#1.58.0]","requestParameters":{"bucketName":"meownitoring2024trailbucket","Host":"meownitoring2024trailbucket.s3.ap-southeast-1.amazonaws.com","acl":""},"responseElements":null,"additionalEventData":{"SignatureVersion":"SigV4","CipherSuite":"ECDHE-RSA-AES128-GCM-SHA256","bytesTransferredIn":0,"AuthenticationMethod":"AuthHeader","x-amz-id-2":"zVputnaS4FwXXZrA/vGNN9upX7b1thUcOHSDICYBRlTKyZYk5/Ux/WbK/LwHJOzxiHs+owF0fF0=","bytesTransferredOut":584},"requestID":"ZCQYBDX4VY3AAQZB","eventID":"2fd882ac-91e1-4ca1-8b7e-f15ecab491f4","readOnly":true,"resources":[{"accountId":"637423240666","type":"AWS::S3::Bucket","ARN":"arn:aws:s3:::meownitoring2024trailbucket"}],"eventType":"AwsApiCall","managementEvent":true,"recipientAccountId":"637423240666","eventCategory":"Management","tlsDetails":{"tlsVersion":"TLSv1.2","cipherSuite":"ECDHE-RSA-AES128-GCM-SHA256","clientProvidedHostHeader":"meownitoring2024trailbucket.s3.ap-southeast-1.amazonaws.com"}},{"eventVersion":"1.09","userIdentity":{"type":"IAMUser","principalId":"AIDAZI2LCYXNLENAY2IQ3","arn":"arn:aws:iam::637423240666:user/dev","accountId":"637423240666","accessKeyId":"AKIAZI2LCYXNH4OISNEW","userName":"dev"},"eventTime":"2024-07-17T06:07:53Z","eventSource":"s3.amazonaws.com","eventName":"GetBucketCors","awsRegion":"ap-southeast-1","sourceIPAddress":"8.29.230.19","userAgent":"[APN/1.0 HashiCorp/1.0 Terraform/1.3.7 (+https://www.terraform.io) terraform-provider-aws/5.57.0 (+https://registry.terraform.io/providers/hashicorp/aws) aws-sdk-go-v2/1.30.1 os/linux lang/go#1.22.4 md/GOOS#linux md/GOARCH#amd64 api/s3#1.58.0]","errorCode":"NoSuchCORSConfiguration","errorMessage":"The CORS configuration does not exist","requestParameters":{"bucketName":"meownitoring2024trailbucket","Host":"meownitoring2024trailbucket.s3.ap-southeast-1.amazonaws.com","cors":""},"responseElements":null,"additionalEventData":{"SignatureVersion":"SigV4","CipherSuite":"ECDHE-RSA-AES128-GCM-SHA256","bytesTransferredIn":0,"AuthenticationMethod":"AuthHeader","x-amz-id-2":"vrvItLbr6a6GzUOkaiEytnhopJctbJju1jLe8zgQKAx41jJ1iTDbQuTshPZnXBG8MGIKMqq3H6w=","bytesTransferredOut":330},"requestID":"ZCQK8R2HS5E0CEV5","eventID":"5b93fa51-be72-4ea5-9c58-aabcfc213f73","readOnly":true,"resources":[{"accountId":"637423240666","type":"AWS::S3::Bucket","ARN":"arn:aws:s3:::meownitoring2024trailbucket"}],"eventType":"AwsApiCall","managementEvent":true,"recipientAccountId":"637423240666","eventCategory":"Management","tlsDetails":{"tlsVersion":"TLSv1.2","cipherSuite":"ECDHE-RSA-AES128-GCM-SHA256","clientProvidedHostHeader":"meownitoring2024trailbucket.s3.ap-southeast-1.amazonaws.com"}},{"eventVersion":"1.09","userIdentity":{"type":"IAMUser","principalId":"AIDAZI2LCYXNLENAY2IQ3","arn":"arn:aws:iam::637423240666:user/dev","accountId":"637423240666","accessKeyId":"AKIAZI2LCYXNH4OISNEW","userName":"dev"},"eventTime":"2024-07-17T06:07:54Z","eventSource":"s3.amazonaws.com","eventName":"GetBucketLifecycle","awsRegion":"ap-southeast-1","sourceIPAddress":"8.29.230.19","userAgent":"[APN/1.0 HashiCorp/1.0 Terraform/1.3.7 (+https://www.terraform.io) terraform-provider-aws/5.57.0 (+https://registry.terraform.io/providers/hashicorp/aws) aws-sdk-go-v2/1.30.1 os/linux lang/go#1.22.4 md/GOOS#linux md/GOARCH#amd64 api/s3#1.58.0]","errorCode":"NoSuchLifecycleConfiguration","errorMessage":"The lifecycle configuration does not exist","requestParameters":{"lifecycle":"","bucketName":"meownitoring2024trailbucket","Host":"meownitoring2024trailbucket.s3.ap-southeast-1.amazonaws.com"},"responseElements":null,"additionalEventData":{"SignatureVersion":"SigV4","CipherSuite":"ECDHE-RSA-AES128-GCM-SHA256","bytesTransferredIn":0,"AuthenticationMethod":"AuthHeader","x-amz-id-2":"UHviyeIKRYex5dCwXZIE8GBADlrZXDNHfwcnIVic9ZNPAuChKRZVZOkYgW3Ri5wkvX3bcyCw++k=","bytesTransferredOut":301},"requestID":"CXH31VKHRYBPH3HQ","eventID":"4f2def5e-7e79-4c72-bf1f-eb016bfd6db8","readOnly":true,"resources":[{"accountId":"637423240666","type":"AWS::S3::Bucket","ARN":"arn:aws:s3:::meownitoring2024trailbucket"}],"eventType":"AwsApiCall","managementEvent":true,"recipientAccountId":"637423240666","eventCategory":"Management","tlsDetails":{"tlsVersion":"TLSv1.2","cipherSuite":"ECDHE-RSA-AES128-GCM-SHA256","clientProvidedHostHeader":"meownitoring2024trailbucket.s3.ap-southeast-1.amazonaws.com"}},{"eventVersion":"1.09","userIdentity":{"type":"IAMUser","principalId":"AIDAZI2LCYXNLENAY2IQ3","arn":"arn:aws:iam::637423240666:user/dev","accountId":"637423240666","accessKeyId":"AKIAZI2LCYXNH4OISNEW","userName":"dev"},"eventTime":"2024-07-17T06:07:53Z","eventSource":"s3.amazonaws.com","eventName":"GetAccelerateConfiguration","awsRegion":"ap-southeast-1","sourceIPAddress":"8.29.230.19","userAgent":"[APN/1.0 HashiCorp/1.0 Terraform/1.3.7 (+https://www.terraform.io) terraform-provider-aws/5.57.0 (+https://registry.terraform.io/providers/hashicorp/aws) aws-sdk-go-v2/1.30.1 os/linux lang/go#1.22.4 md/GOOS#linux md/GOARCH#amd64 api/s3#1.58.0]","requestParameters":{"accelerate":"","bucketName":"meownitoring2024trailbucket","Host":"meownitoring2024trailbucket.s3.ap-southeast-1.amazonaws.com"},"responseElements":null,"additionalEventData":{"SignatureVersion":"SigV4","CipherSuite":"ECDHE-RSA-AES128-GCM-SHA256","bytesTransferredIn":0,"AuthenticationMethod":"AuthHeader","x-amz-id-2":"K0rsvAzGmiAJJ04np0Qi3GLC14QYnELg7UtDSvGafwpJmBrAx+FSR4A9cmSyouwPKKXX6NZDj88=","bytesTransferredOut":113},"requestID":"ZCQGCTZX73PKSZ83","eventID":"be93be4b-04b2-4517-a66a-f35d4d3e1632","readOnly":true,"resources":[{"accountId":"637423240666","type":"AWS::S3::Bucket","ARN":"arn:aws:s3:::meownitoring2024trailbucket"}],"eventType":"AwsApiCall","managementEvent":true,"recipientAccountId":"637423240666","eventCategory":"Management","tlsDetails":{"tlsVersion":"TLSv1.2","cipherSuite":"ECDHE-RSA-AES128-GCM-SHA256","clientProvidedHostHeader":"meownitoring2024trailbucket.s3.ap-southeast-1.amazonaws.com"}},{"eventVersion":"1.09","userIdentity":{"type":"IAMUser","principalId":"AIDAZI2LCYXNLENAY2IQ3","arn":"arn:aws:iam::637423240666:user/dev","accountId":"637423240666","accessKeyId":"AKIAZI2LCYXNH4OISNEW","userName":"dev"},"eventTime":"2024-07-17T06:07:54Z","eventSource":"s3.amazonaws.com","eventName":"GetBucketLogging","awsRegion":"ap-southeast-1","sourceIPAddress":"8.29.230.19","userAgent":"[APN/1.0 HashiCorp/1.0 Terraform/1.3.7 (+https://www.terraform.io) terraform-provider-aws/5.57.0 (+https://registry.terraform.io/providers/hashicorp/aws) aws-sdk-go-v2/1.30.1 os/linux lang/go#1.22.4 md/GOOS#linux md/GOARCH#amd64 api/s3#1.58.0]","requestParameters":{"logging":"","bucketName":"meownitoring2024trailbucket","Host":"meownitoring2024trailbucket.s3.ap-southeast-1.amazonaws.com"},"responseElements":null,"additionalEventData":{"SignatureVersion":"SigV4","CipherSuite":"ECDHE-RSA-AES128-GCM-SHA256","bytesTransferredIn":0,"AuthenticationMethod":"AuthHeader","x-amz-id-2":"zeuodkqgXhx1t7vNzVwWGPRPzBrtsH6gB5hJhSlJtdlEY9Hf8xcUKCDxUKPWiGu4lFL888qQwz8=","bytesTransferredOut":289},"requestID":"CXHA5V8VCST5QZ01","eventID":"799bebc3-eb2a-4492-82df-f82daefeaa46","readOnly":true,"resources":[{"accountId":"637423240666","type":"AWS::S3::Bucket","ARN":"arn:aws:s3:::meownitoring2024trailbucket"}],"eventType":"AwsApiCall","managementEvent":true,"recipientAccountId":"637423240666","eventCategory":"Management","tlsDetails":{"tlsVersion":"TLSv1.2","cipherSuite":"ECDHE-RSA-AES128-GCM-SHA256","clientProvidedHostHeader":"meownitoring2024trailbucket.s3.ap-southeast-1.amazonaws.com"}},{"eventVersion":"1.09","userIdentity":{"type":"IAMUser","principalId":"AIDAZI2LCYXNLENAY2IQ3","arn":"arn:aws:iam::637423240666:user/dev","accountId":"637423240666","accessKeyId":"AKIAZI2LCYXNH4OISNEW","userName":"dev"},"eventTime":"2024-07-17T06:07:54Z","eventSource":"s3.amazonaws.com","eventName":"GetBucketRequestPayment","awsRegion":"ap-southeast-1","sourceIPAddress":"8.29.230.19","userAgent":"[APN/1.0 HashiCorp/1.0 Terraform/1.3.7 (+https://www.terraform.io) terraform-provider-aws/5.57.0 (+https://registry.terraform.io/providers/hashicorp/aws) aws-sdk-go-v2/1.30.1 os/linux lang/go#1.22.4 md/GOOS#linux md/GOARCH#amd64 api/s3#1.58.0]","requestParameters":{"bucketName":"meownitoring2024trailbucket","Host":"meownitoring2024trailbucket.s3.ap-southeast-1.amazonaws.com","requestPayment":""},"responseElements":null,"additionalEventData":{"SignatureVersion":"SigV4","CipherSuite":"ECDHE-RSA-AES128-GCM-SHA256","bytesTransferredIn":0,"AuthenticationMethod":"AuthHeader","x-amz-id-2":"EdrX4x3OIiy8Y9ZBJYw7i0RY2z7LNT8Y952XQ5OB8gcWaYlbxlPulbcY/K2hDZaGYFC0iJsX+UA=","bytesTransferredOut":172},"requestID":"CXH2FSYK8WA1SW7W","eventID":"713de39e-13c9-4bec-a917-b36ae01ad360","readOnly":true,"resources":[{"accountId":"637423240666","type":"AWS::S3::Bucket","ARN":"arn:aws:s3:::meownitoring2024trailbucket"}],"eventType":"AwsApiCall","managementEvent":true,"recipientAccountId":"637423240666","eventCategory":"Management","tlsDetails":{"tlsVersion":"TLSv1.2","cipherSuite":"ECDHE-RSA-AES128-GCM-SHA256","clientProvidedHostHeader":"meownitoring2024trailbucket.s3.ap-southeast-1.amazonaws.com"}},{"eventVersion":"1.09","userIdentity":{"type":"IAMUser","principalId":"AIDAZI2LCYXNLENAY2IQ3","arn":"arn:aws:iam::637423240666:user/dev","accountId":"637423240666","accessKeyId":"AKIAZI2LCYXNH4OISNEW","userName":"dev"},"eventTime":"2024-07-17T06:07:54Z","eventSource":"s3.amazonaws.com","eventName":"GetBucketObjectLockConfiguration","awsRegion":"ap-southeast-1","sourceIPAddress":"8.29.230.19","userAgent":"[APN/1.0 HashiCorp/1.0 Terraform/1.3.7 (+https://www.terraform.io) terraform-provider-aws/5.57.0 (+https://registry.terraform.io/providers/hashicorp/aws) aws-sdk-go-v2/1.30.1 os/linux lang/go#1.22.4 md/GOOS#linux md/GOARCH#amd64 api/s3#1.58.0]","errorCode":"ObjectLockConfigurationNotFoundError","errorMessage":"Object Lock configuration does not exist for this bucket","requestParameters":{"bucketName":"meownitoring2024trailbucket","object-lock":"","Host":"meownitoring2024trailbucket.s3.ap-southeast-1.amazonaws.com"},"responseElements":null,"additionalEventData":{"SignatureVersion":"SigV4","CipherSuite":"ECDHE-RSA-AES128-GCM-SHA256","bytesTransferredIn":0,"AuthenticationMethod":"AuthHeader","x-amz-id-2":"vms3gS7Cgk3udfXMwBECTirKFcknJP6DrJwf2LAYmFBKk4QQdvsAfj8GOXupbjckWgdANfhA5f4=","bytesTransferredOut":362},"requestID":"CXHCW67WMEM1FQ7S","eventID":"c01eddbe-f9ae-4d0d-95b9-5785ab0432ee","readOnly":true,"resources":[{"accountId":"637423240666","type":"AWS::S3::Bucket","ARN":"arn:aws:s3:::meownitoring2024trailbucket"}],"eventType":"AwsApiCall","managementEvent":true,"recipientAccountId":"637423240666","eventCategory":"Management","tlsDetails":{"tlsVersion":"TLSv1.2","cipherSuite":"ECDHE-RSA-AES128-GCM-SHA256","clientProvidedHostHeader":"meownitoring2024trailbucket.s3.ap-southeast-1.amazonaws.com"}},{"eventVersion":"1.09","userIdentity":{"type":"IAMUser","principalId":"AIDAZI2LCYXNLENAY2IQ3","arn":"arn:aws:iam::637423240666:user/dev","accountId":"637423240666","accessKeyId":"AKIAZI2LCYXNH4OISNEW","userName":"dev"},"eventTime":"2024-07-17T06:07:54Z","eventSource":"s3.amazonaws.com","eventName":"GetBucketReplication","awsRegion":"ap-southeast-1","sourceIPAddress":"8.29.230.19","userAgent":"[APN/1.0 HashiCorp/1.0 Terraform/1.3.7 (+https://www.terraform.io) terraform-provider-aws/5.57.0 (+https://registry.terraform.io/providers/hashicorp/aws) aws-sdk-go-v2/1.30.1 os/linux lang/go#1.22.4 md/GOOS#linux md/GOARCH#amd64 api/s3#1.58.0]","errorCode":"ReplicationConfigurationNotFoundError","errorMessage":"The replication configuration was not found","requestParameters":{"replication":"","bucketName":"meownitoring2024trailbucket","Host":"meownitoring2024trailbucket.s3.ap-southeast-1.amazonaws.com"},"responseElements":null,"additionalEventData":{"SignatureVersion":"SigV4","CipherSuite":"ECDHE-RSA-AES128-GCM-SHA256","bytesTransferredIn":0,"AuthenticationMethod":"AuthHeader","x-amz-id-2":"9/UzjB3kCJ6Qq/TnMIKkSKetrqF0y9XSJ+VJr2iRyxmSQOHVYFPoeXDm5qMabOdN1Q1BFmE9HlQ=","bytesTransferredOut":350},"requestID":"CXH55071ZJFMQNA8","eventID":"110b5b38-09a7-4ba4-b3d0-bf75143797f1","readOnly":true,"resources":[{"accountId":"637423240666","type":"AWS::S3::Bucket","ARN":"arn:aws:s3:::meownitoring2024trailbucket"}],"eventType":"AwsApiCall","managementEvent":true,"recipientAccountId":"637423240666","eventCategory":"Management","tlsDetails":{"tlsVersion":"TLSv1.2","cipherSuite":"ECDHE-RSA-AES128-GCM-SHA256","clientProvidedHostHeader":"meownitoring2024trailbucket.s3.ap-southeast-1.amazonaws.com"}},{"eventVersion":"1.09","userIdentity":{"type":"IAMUser","principalId":"AIDAZI2LCYXNLENAY2IQ3","arn":"arn:aws:iam::637423240666:user/dev","accountId":"637423240666","accessKeyId":"AKIAZI2LCYXNH4OISNEW","userName":"dev"},"eventTime":"2024-07-17T06:07:54Z","eventSource":"s3.amazonaws.com","eventName":"GetBucketEncryption","awsRegion":"ap-southeast-1","sourceIPAddress":"8.29.230.19","userAgent":"[APN/1.0 HashiCorp/1.0 Terraform/1.3.7 (+https://www.terraform.io) terraform-provider-aws/5.57.0 (+https://registry.terraform.io/providers/hashicorp/aws) aws-sdk-go-v2/1.30.1 os/linux lang/go#1.22.4 md/GOOS#linux md/GOARCH#amd64 api/s3#1.58.0]","requestParameters":{"bucketName":"meownitoring2024trailbucket","Host":"meownitoring2024trailbucket.s3.ap-southeast-1.amazonaws.com","encryption":""},"responseElements":null,"additionalEventData":{"SignatureVersion":"SigV4","CipherSuite":"ECDHE-RSA-AES128-GCM-SHA256","bytesTransferredIn":0,"AuthenticationMethod":"AuthHeader","x-amz-id-2":"KtBMThLe6DPmJqzDE9Ao9KPLpEq5xIzMzWwhT8sm9PTzcwFyn36Q2qzejXJLoZYQIs/ngW4SoSs=","bytesTransferredOut":321},"requestID":"CXH8ADK89THKD0GJ","eventID":"e77ac3ab-8a0a-494a-b71e-d6aca6285f31","readOnly":true,"resources":[{"accountId":"637423240666","type":"AWS::S3::Bucket","ARN":"arn:aws:s3:::meownitoring2024trailbucket"}],"eventType":"AwsApiCall","managementEvent":true,"recipientAccountId":"637423240666","eventCategory":"Management","tlsDetails":{"tlsVersion":"TLSv1.2","cipherSuite":"ECDHE-RSA-AES128-GCM-SHA256","clientProvidedHostHeader":"meownitoring2024trailbucket.s3.ap-southeast-1.amazonaws.com"}},{"eventVersion":"1.09","userIdentity":{"type":"IAMUser","principalId":"AIDAZI2LCYXNLENAY2IQ3","arn":"arn:aws:iam::637423240666:user/dev","accountId":"637423240666","accessKeyId":"AKIAZI2LCYXNH4OISNEW","userName":"dev"},"eventTime":"2024-07-17T06:07:55Z","eventSource":"s3.amazonaws.com","eventName":"GetBucketPolicy","awsRegion":"ap-southeast-1","sourceIPAddress":"8.29.230.19","userAgent":"[APN/1.0 HashiCorp/1.0 Terraform/1.3.7 (+https://www.terraform.io) terraform-provider-aws/5.57.0 (+https://registry.terraform.io/providers/hashicorp/aws) aws-sdk-go-v2/1.30.1 os/linux lang/go#1.22.4 md/GOOS#linux md/GOARCH#amd64 api/s3#1.58.0]","requestParameters":{"bucketName":"meownitoring2024trailbucket","Host":"meownitoring2024trailbucket.s3.ap-southeast-1.amazonaws.com","policy":""},"responseElements":null,"additionalEventData":{"SignatureVersion":"SigV4","CipherSuite":"ECDHE-RSA-AES128-GCM-SHA256","bytesTransferredIn":0,"AuthenticationMethod":"AuthHeader","x-amz-id-2":"QX7k6jwRLK8VQ5bjhJa9KZ7aymG86amEMVtXCMVmgCOXRNpSRa/O+B8ycK2R+DGRVOcMsMAq7vE=","bytesTransferredOut":695},"requestID":"XZX1K01KSN1YCY0R","eventID":"87be2e16-aa5a-45ce-bcb1-1b017d20fc26","readOnly":true,"resources":[{"accountId":"637423240666","type":"AWS::S3::Bucket","ARN":"arn:aws:s3:::meownitoring2024trailbucket"}],"eventType":"AwsApiCall","managementEvent":true,"recipientAccountId":"637423240666","eventCategory":"Management","tlsDetails":{"tlsVersion":"TLSv1.2","cipherSuite":"ECDHE-RSA-AES128-GCM-SHA256","clientProvidedHostHeader":"meownitoring2024trailbucket.s3.ap-southeast-1.amazonaws.com"}},{"eventVersion":"1.09","userIdentity":{"type":"IAMUser","principalId":"AIDAZI2LCYXNLENAY2IQ3","arn":"arn:aws:iam::637423240666:user/dev","accountId":"637423240666","accessKeyId":"AKIAZI2LCYXNH4OISNEW","userName":"dev"},"eventTime":"2024-07-17T06:07:54Z","eventSource":"s3.amazonaws.com","eventName":"GetBucketTagging","awsRegion":"ap-southeast-1","sourceIPAddress":"8.29.230.19","userAgent":"[APN/1.0 HashiCorp/1.0 Terraform/1.3.7 (+https://www.terraform.io) terraform-provider-aws/5.57.0 (+https://registry.terraform.io/providers/hashicorp/aws) aws-sdk-go-v2/1.30.1 os/linux lang/go#1.22.4 md/GOOS#linux md/GOARCH#amd64 api/s3#1.58.0]","errorCode":"NoSuchTagSet","errorMessage":"The TagSet does not exist","requestParameters":{"tagging":"","bucketName":"meownitoring2024trailbucket","Host":"meownitoring2024trailbucket.s3.ap-southeast-1.amazonaws.com"},"responseElements":null,"additionalEventData":{"SignatureVersion":"SigV4","CipherSuite":"ECDHE-RSA-AES128-GCM-SHA256","bytesTransferredIn":0,"AuthenticationMethod":"AuthHeader","x-amz-id-2":"ffvwvxrNEetdmB2TLBQgAjRvHxay4V6+06spaxMkjvvJriO7nTxMhp50w91Avwd06t/Lxj8vVkY=","bytesTransferredOut":307},"requestID":"CXH66F3ACHCSN5RG","eventID":"72c812e9-aacc-4305-8fe7-5213d4911508","readOnly":true,"resources":[{"accountId":"637423240666","type":"AWS::S3::Bucket","ARN":"arn:aws:s3:::meownitoring2024trailbucket"}],"eventType":"AwsApiCall","managementEvent":true,"recipientAccountId":"637423240666","eventCategory":"Management","tlsDetails":{"tlsVersion":"TLSv1.2","cipherSuite":"ECDHE-RSA-AES128-GCM-SHA256","clientProvidedHostHeader":"meownitoring2024trailbucket.s3.ap-southeast-1.amazonaws.com"}},{"eventVersion":"1.10","userIdentity":{"type":"IAMUser","principalId":"AIDAZI2LCYXNLENAY2IQ3","arn":"arn:aws:iam::637423240666:user/dev","accountId":"637423240666","accessKeyId":"AKIAZI2LCYXNH4OISNEW","userName":"dev"},"eventTime":"2024-07-17T06:07:55Z","eventSource":"cloudtrail.amazonaws.com","eventName":"DescribeTrails","awsRegion":"ap-southeast-1","sourceIPAddress":"8.29.230.19","userAgent":"APN/1.0 HashiCorp/1.0 Terraform/1.3.7 (+https://www.terraform.io) terraform-provider-aws/5.57.0 (+https://registry.terraform.io/providers/hashicorp/aws) aws-sdk-go-v2/1.30.1 os/linux lang/go#1.22.4 md/GOOS#linux md/GOARCH#amd64 api/cloudtrail#1.42.1","requestParameters":{"trailNameList":["arn:aws:cloudtrail:ap-southeast-1:637423240666:trail/accountlogs"]},"responseElements":null,"requestID":"32ce764f-1a5d-4a86-add2-a3c294e9a13f","eventID":"350a86ec-1242-458c-83f4-ca8480119a52","readOnly":true,"eventType":"AwsApiCall","managementEvent":true,"recipientAccountId":"637423240666","eventCategory":"Management","tlsDetails":{"tlsVersion":"TLSv1.3","cipherSuite":"TLS_AES_128_GCM_SHA256","clientProvidedHostHeader":"cloudtrail.ap-southeast-1.amazonaws.com"}},{"eventVersion":"1.10","userIdentity":{"type":"IAMUser","principalId":"AIDAZI2LCYXNLENAY2IQ3","arn":"arn:aws:iam::637423240666:user/dev","accountId":"637423240666","accessKeyId":"AKIAZI2LCYXNH4OISNEW","userName":"dev"},"eventTime":"2024-07-17T06:07:55Z","eventSource":"cloudtrail.amazonaws.com","eventName":"GetTrailStatus","awsRegion":"ap-southeast-1","sourceIPAddress":"8.29.230.19","userAgent":"APN/1.0 HashiCorp/1.0 Terraform/1.3.7 (+https://www.terraform.io) terraform-provider-aws/5.57.0 (+https://registry.terraform.io/providers/hashicorp/aws) aws-sdk-go-v2/1.30.1 os/linux lang/go#1.22.4 md/GOOS#linux md/GOARCH#amd64 api/cloudtrail#1.42.1","requestParameters":{"name":"arn:aws:cloudtrail:ap-southeast-1:637423240666:trail/accountlogs"},"responseElements":null,"requestID":"94530e2b-02f0-4f88-a9b7-fe2a7836aac0","eventID":"696bfaa1-57ee-483e-9828-30a9892479c8","readOnly":true,"eventType":"AwsApiCall","managementEvent":true,"recipientAccountId":"637423240666","eventCategory":"Management","tlsDetails":{"tlsVersion":"TLSv1.3","cipherSuite":"TLS_AES_128_GCM_SHA256","clientProvidedHostHeader":"cloudtrail.ap-southeast-1.amazonaws.com"}},{"eventVersion":"1.10","userIdentity":{"type":"IAMUser","principalId":"AIDAZI2LCYXNLENAY2IQ3","arn":"arn:aws:iam::637423240666:user/dev","accountId":"637423240666","accessKeyId":"AKIAZI2LCYXNH4OISNEW","userName":"dev"},"eventTime":"2024-07-17T06:07:55Z","eventSource":"cloudtrail.amazonaws.com","eventName":"ListTags","awsRegion":"ap-southeast-1","sourceIPAddress":"8.29.230.19","userAgent":"APN/1.0 HashiCorp/1.0 Terraform/1.3.7 (+https://www.terraform.io) terraform-provider-aws/5.57.0 (+https://registry.terraform.io/providers/hashicorp/aws) m/C aws-sdk-go-v2/1.30.1 os/linux lang/go#1.22.4 md/GOOS#linux md/GOARCH#amd64 api/cloudtrail#1.42.1","requestParameters":{"resourceIdList":["arn:aws:cloudtrail:ap-southeast-1:637423240666:trail/accountlogs"]},"responseElements":null,"requestID":"689e100f-fd3b-49a9-bae5-fba25670bee6","eventID":"32f2d263-1046-464a-ae69-49fced633618","readOnly":true,"eventType":"AwsApiCall","managementEvent":true,"recipientAccountId":"637423240666","eventCategory":"Management","tlsDetails":{"tlsVersion":"TLSv1.3","cipherSuite":"TLS_AES_128_GCM_SHA256","clientProvidedHostHeader":"cloudtrail.ap-southeast-1.amazonaws.com"}},{"eventVersion":"1.09","userIdentity":{"type":"IAMUser","principalId":"AIDAZI2LCYXNLENAY2IQ3","arn":"arn:aws:iam::637423240666:user/dev","accountId":"637423240666","accessKeyId":"AKIAZI2LCYXNH4OISNEW","userName":"dev"},"eventTime":"2024-07-17T06:07:54Z","eventSource":"s3.amazonaws.com","eventName":"GetBucketObjectLockConfiguration","awsRegion":"ap-southeast-1","sourceIPAddress":"8.29.230.19","userAgent":"[APN/1.0 HashiCorp/1.0 Terraform/1.3.7 (+https://www.terraform.io) terraform-provider-aws/5.57.0 (+https://registry.terraform.io/providers/hashicorp/aws) aws-sdk-go-v2/1.30.1 os/linux lang/go#1.22.4 md/GOOS#linux md/GOARCH#amd64 api/s3#1.58.0]","errorCode":"ObjectLockConfigurationNotFoundError","errorMessage":"Object Lock configuration does not exist for this bucket","requestParameters":{"bucketName":"meownitoringtmpbucket","object-lock":"","Host":"meownitoringtmpbucket.s3.ap-southeast-1.amazonaws.com"},"responseElements":null,"additionalEventData":{"SignatureVersion":"SigV4","CipherSuite":"ECDHE-RSA-AES128-GCM-SHA256","bytesTransferredIn":0,"AuthenticationMethod":"AuthHeader","x-amz-id-2":"GNPiOZ82TLrUzbIg3/Qj4vGvFAgA3fCrw6INFuJaXbE8TfYw/sWv6YIfGSIvsNUJCqKfakHdAZU=","bytesTransferredOut":356},"requestID":"CXH94218JHY5KQ93","eventID":"5d4e9d46-4406-42ff-86c1-8abdc012e04d","readOnly":true,"resources":[{"accountId":"637423240666","type":"AWS::S3::Bucket","ARN":"arn:aws:s3:::meownitoringtmpbucket"}],"eventType":"AwsApiCall","managementEvent":true,"recipientAccountId":"637423240666","eventCategory":"Management","tlsDetails":{"tlsVersion":"TLSv1.2","cipherSuite":"ECDHE-RSA-AES128-GCM-SHA256","clientProvidedHostHeader":"meownitoringtmpbucket.s3.ap-southeast-1.amazonaws.com"}},{"eventVersion":"1.09","userIdentity":{"type":"IAMUser","principalId":"AIDAZI2LCYXNLENAY2IQ3","arn":"arn:aws:iam::637423240666:user/dev","accountId":"637423240666","accessKeyId":"AKIAZI2LCYXNH4OISNEW","userName":"dev"},"eventTime":"2024-07-17T06:07:54Z","eventSource":"s3.amazonaws.com","eventName":"GetBucketTagging","awsRegion":"ap-southeast-1","sourceIPAddress":"8.29.230.19","userAgent":"[APN/1.0 HashiCorp/1.0 Terraform/1.3.7 (+https://www.terraform.io) terraform-provider-aws/5.57.0 (+https://registry.terraform.io/providers/hashicorp/aws) aws-sdk-go-v2/1.30.1 os/linux lang/go#1.22.4 md/GOOS#linux md/GOARCH#amd64 api/s3#1.58.0]","errorCode":"NoSuchTagSet","errorMessage":"The TagSet does not exist","requestParameters":{"tagging":"","bucketName":"meownitoringtmpbucket","Host":"meownitoringtmpbucket.s3.ap-southeast-1.amazonaws.com"},"responseElements":null,"additionalEventData":{"SignatureVersion":"SigV4","CipherSuite":"ECDHE-RSA-AES128-GCM-SHA256","bytesTransferredIn":0,"AuthenticationMethod":"AuthHeader","x-amz-id-2":"gt3Vat1JFMImuKbz1DFacixxrGCUCM7wEwUFskndmN/PXuwHrFPtDjAy2BYH6j8oQOdUW766RYE=","bytesTransferredOut":301},"requestID":"CXHCP9RD138BN4CK","eventID":"7966a3ff-006b-474a-abbc-ed7193444998","readOnly":true,"resources":[{"accountId":"637423240666","type":"AWS::S3::Bucket","ARN":"arn:aws:s3:::meownitoringtmpbucket"}],"eventType":"AwsApiCall","managementEvent":true,"recipientAccountId":"637423240666","eventCategory":"Management","tlsDetails":{"tlsVersion":"TLSv1.2","cipherSuite":"ECDHE-RSA-AES128-GCM-SHA256","clientProvidedHostHeader":"meownitoringtmpbucket.s3.ap-southeast-1.amazonaws.com"}},{"eventVersion":"1.09","userIdentity":{"type":"IAMUser","principalId":"AIDAZI2LCYXNLENAY2IQ3","arn":"arn:aws:iam::637423240666:user/dev","accountId":"637423240666","accessKeyId":"AKIAZI2LCYXNH4OISNEW","userName":"dev"},"eventTime":"2024-07-17T06:07:55Z","eventSource":"apigateway.amazonaws.com","eventName":"GetStage","awsRegion":"ap-southeast-1","sourceIPAddress":"8.29.230.19","userAgent":"APN/1.0 HashiCorp/1.0 Terraform/1.3.7 (+https://www.terraform.io) terraform-provider-aws/5.57.0 (+https://registry.terraform.io/providers/hashicorp/aws) aws-sdk-go-v2/1.30.1 os/linux lang/go#1.22.4 md/GOOS#linux md/GOARCH#amd64 api/apigatewayv2#1.22.1","requestParameters":{"stageName":"5587y0s9d5aed","apiId":"pxzfkfmjo7"},"responseElements":null,"requestID":"8cf051fb-b7ec-42ea-81d5-6fb960093c5e","eventID":"bb3ca003-a78f-4104-af7c-1dc1a7174f4f","readOnly":true,"eventType":"AwsApiCall","managementEvent":true,"recipientAccountId":"637423240666","eventCategory":"Management"},{"eventVersion":"1.09","userIdentity":{"type":"IAMUser","principalId":"AIDAZI2LCYXNLENAY2IQ3","arn":"arn:aws:iam::637423240666:user/dev","accountId":"637423240666","accessKeyId":"AKIAZI2LCYXNH4OISNEW","userName":"dev"},"eventTime":"2024-07-17T06:07:55Z","eventSource":"apigateway.amazonaws.com","eventName":"GetRoute","awsRegion":"ap-southeast-1","sourceIPAddress":"8.29.230.19","userAgent":"APN/1.0 HashiCorp/1.0 Terraform/1.3.7 (+https://www.terraform.io) terraform-provider-aws/5.57.0 (+https://registry.terraform.io/providers/hashicorp/aws) aws-sdk-go-v2/1.30.1 os/linux lang/go#1.22.4 md/GOOS#linux md/GOARCH#amd64 api/apigatewayv2#1.22.1","requestParameters":{"routeId":"id6oeig","apiId":"pxzfkfmjo7"},"responseElements":null,"requestID":"66e4c23d-ff94-4548-9e57-8240a9b7ad30","eventID":"c158eb5d-c5e7-4f17-b1b2-89d2031ec85c","readOnly":true,"eventType":"AwsApiCall","managementEvent":true,"recipientAccountId":"637423240666","eventCategory":"Management"},{"eventVersion":"1.08","userIdentity":{"type":"IAMUser","principalId":"AIDAZI2LCYXNLENAY2IQ3","arn":"arn:aws:iam::637423240666:user/dev","accountId":"637423240666","accessKeyId":"AKIAZI2LCYXNH4OISNEW","userName":"dev"},"eventTime":"2024-07-17T06:07:55Z","eventSource":"lambda.amazonaws.com","eventName":"ListVersionsByFunction20150331","awsRegion":"ap-southeast-1","sourceIPAddress":"8.29.230.19","userAgent":"APN/1.0 HashiCorp/1.0 Terraform/1.3.7 (+https://www.terraform.io) terraform-provider-aws/5.57.0 (+https://registry.terraform.io/providers/hashicorp/aws) m/C aws-sdk-go-v2/1.30.1 os/linux lang/go#1.22.4 md/GOOS#linux md/GOARCH#amd64 api/lambda#1.56.1","requestParameters":{"functionName":"processor","maxItems":10000},"responseElements":null,"requestID":"66712419-eba9-4765-836b-13a6e09ce48a","eventID":"30f94a08-be94-419a-83a8-fbfef946c7ed","readOnly":true,"eventType":"AwsApiCall","managementEvent":true,"recipientAccountId":"637423240666","eventCategory":"Management","tlsDetails":{"tlsVersion":"TLSv1.3","cipherSuite":"TLS_AES_128_GCM_SHA256","clientProvidedHostHeader":"lambda.ap-southeast-1.amazonaws.com"}},{"eventVersion":"1.08","userIdentity":{"type":"IAMUser","principalId":"AIDAZI2LCYXNLENAY2IQ3","arn":"arn:aws:iam::637423240666:user/dev","accountId":"637423240666","accessKeyId":"AKIAZI2LCYXNH4OISNEW","userName":"dev"},"eventTime":"2024-07-17T06:07:56Z","eventSource":"lambda.amazonaws.com","eventName":"GetFunctionCodeSigningConfig","awsRegion":"ap-southeast-1","sourceIPAddress":"8.29.230.19","userAgent":"APN/1.0 HashiCorp/1.0 Terraform/1.3.7 (+https://www.terraform.io) terraform-provider-aws/5.57.0 (+https://registry.terraform.io/providers/hashicorp/aws) aws-sdk-go-v2/1.30.1 os/linux lang/go#1.22.4 md/GOOS#linux md/GOARCH#amd64 api/lambda#1.56.1","requestParameters":{"functionName":"debug-logs-compiler"},"responseElements":null,"requestID":"c4ce20c7-7d78-4892-9adf-7257b99bae0c","eventID":"a6a51744-3047-4cb4-a4ee-b49ab895ed3b","readOnly":true,"eventType":"AwsApiCall","managementEvent":true,"recipientAccountId":"637423240666","eventCategory":"Management","tlsDetails":{"tlsVersion":"TLSv1.3","cipherSuite":"TLS_AES_128_GCM_SHA256","clientProvidedHostHeader":"lambda.ap-southeast-1.amazonaws.com"}},{"eventVersion":"1.09","userIdentity":{"type":"IAMUser","principalId":"AIDAZI2LCYXNLENAY2IQ3","arn":"arn:aws:iam::637423240666:user/dev","accountId":"637423240666","accessKeyId":"AKIAZI2LCYXNH4OISNEW","userName":"dev"},"eventTime":"2024-07-17T06:07:55Z","eventSource":"apigateway.amazonaws.com","eventName":"GetIntegration","awsRegion":"ap-southeast-1","sourceIPAddress":"8.29.230.19","userAgent":"APN/1.0 HashiCorp/1.0 Terraform/1.3.7 (+https://www.terraform.io) terraform-provider-aws/5.57.0 (+https://registry.terraform.io/providers/hashicorp/aws) aws-sdk-go-v2/1.30.1 os/linux lang/go#1.22.4 md/GOOS#linux md/GOARCH#amd64 api/apigatewayv2#1.22.1","requestParameters":{"integrationId":"9wo8sps","apiId":"pxzfkfmjo7"},"responseElements":null,"requestID":"b534e8c6-768a-48a9-b6dc-dd66641588d7","eventID":"415a6927-7977-4652-b2cf-3d497377caf3","readOnly":true,"eventType":"AwsApiCall","managementEvent":true,"recipientAccountId":"637423240666","eventCategory":"Management"},{"eventVersion":"1.08","userIdentity":{"type":"IAMUser","principalId":"AIDAZI2LCYXNLENAY2IQ3","arn":"arn:aws:iam::637423240666:user/dev","accountId":"637423240666","accessKeyId":"AKIAZI2LCYXNH4OISNEW","userName":"dev"},"eventTime":"2024-07-17T06:07:55Z","eventSource":"lambda.amazonaws.com","eventName":"GetFunctionCodeSigningConfig","awsRegion":"ap-southeast-1","sourceIPAddress":"8.29.230.19","userAgent":"APN/1.0 HashiCorp/1.0 Terraform/1.3.7 (+https://www.terraform.io) terraform-provider-aws/5.57.0 (+https://registry.terraform.io/providers/hashicorp/aws) aws-sdk-go-v2/1.30.1 os/linux lang/go#1.22.4 md/GOOS#linux md/GOARCH#amd64 api/lambda#1.56.1","requestParameters":{"functionName":"processor"},"responseElements":null,"requestID":"a966c974-fd37-4600-96d8-1da48e0e0219","eventID":"de6908b3-2025-41d5-9abe-74186beea874","readOnly":true,"eventType":"AwsApiCall","managementEvent":true,"recipientAccountId":"637423240666","eventCategory":"Management","tlsDetails":{"tlsVersion":"TLSv1.3","cipherSuite":"TLS_AES_128_GCM_SHA256","clientProvidedHostHeader":"lambda.ap-southeast-1.amazonaws.com"}},{"eventVersion":"1.08","userIdentity":{"type":"IAMUser","principalId":"AIDAZI2LCYXNLENAY2IQ3","arn":"arn:aws:iam::637423240666:user/dev","accountId":"637423240666","accessKeyId":"AKIAZI2LCYXNH4OISNEW","userName":"dev"},"eventTime":"2024-07-17T06:07:56Z","eventSource":"lambda.amazonaws.com","eventName":"GetFunction20150331v2","awsRegion":"ap-southeast-1","sourceIPAddress":"8.29.230.19","userAgent":"APN/1.0 HashiCorp/1.0 Terraform/1.3.7 (+https://www.terraform.io) terraform-provider-aws/5.57.0 (+https://registry.terraform.io/providers/hashicorp/aws) aws-sdk-go-v2/1.30.1 os/linux lang/go#1.22.4 md/GOOS#linux md/GOARCH#amd64 api/lambda#1.56.1","requestParameters":{"functionName":"debug-logs-compiler"},"responseElements":null,"requestID":"3da74bbb-dd18-4bb9-918a-9c758248f5bc","eventID":"ad8a81bd-e377-4e9c-b82b-c79f03807954","readOnly":true,"eventType":"AwsApiCall","managementEvent":true,"recipientAccountId":"637423240666","eventCategory":"Management","tlsDetails":{"tlsVersion":"TLSv1.3","cipherSuite":"TLS_AES_128_GCM_SHA256","clientProvidedHostHeader":"lambda.ap-southeast-1.amazonaws.com"}},{"eventVersion":"1.08","userIdentity":{"type":"IAMUser","principalId":"AIDAZI2LCYXNLENAY2IQ3","arn":"arn:aws:iam::637423240666:user/dev","accountId":"637423240666","accessKeyId":"AKIAZI2LCYXNH4OISNEW","userName":"dev"},"eventTime":"2024-07-17T06:07:55Z","eventSource":"lambda.amazonaws.com","eventName":"GetPolicy20150331v2","awsRegion":"ap-southeast-1","sourceIPAddress":"8.29.230.19","userAgent":"APN/1.0 HashiCorp/1.0 Terraform/1.3.7 (+https://www.terraform.io) terraform-provider-aws/5.57.0 (+https://registry.terraform.io/providers/hashicorp/aws) aws-sdk-go-v2/1.30.1 os/linux lang/go#1.22.4 md/GOOS#linux md/GOARCH#amd64 api/lambda#1.56.1","requestParameters":{"functionName":"processor"},"responseElements":null,"requestID":"d0d0d4a7-af32-402e-ab66-0e99cafbc798","eventID":"67f5c447-5291-4b40-8310-d5b8e3e0b704","readOnly":true,"eventType":"AwsApiCall","managementEvent":true,"recipientAccountId":"637423240666","eventCategory":"Management","tlsDetails":{"tlsVersion":"TLSv1.3","cipherSuite":"TLS_AES_128_GCM_SHA256","clientProvidedHostHeader":"lambda.ap-southeast-1.amazonaws.com"}},{"eventVersion":"1.08","userIdentity":{"type":"IAMUser","principalId":"AIDAZI2LCYXNLENAY2IQ3","arn":"arn:aws:iam::637423240666:user/dev","accountId":"637423240666","accessKeyId":"AKIAZI2LCYXNH4OISNEW","userName":"dev"},"eventTime":"2024-07-17T06:07:55Z","eventSource":"lambda.amazonaws.com","eventName":"GetFunction20150331v2","awsRegion":"ap-southeast-1","sourceIPAddress":"8.29.230.19","userAgent":"APN/1.0 HashiCorp/1.0 Terraform/1.3.7 (+https://www.terraform.io) terraform-provider-aws/5.57.0 (+https://registry.terraform.io/providers/hashicorp/aws) aws-sdk-go-v2/1.30.1 os/linux lang/go#1.22.4 md/GOOS#linux md/GOARCH#amd64 api/lambda#1.56.1","requestParameters":{"functionName":"processor"},"responseElements":null,"requestID":"4c3d1028-3552-4a69-824a-e81e5777c856","eventID":"30eb40d0-5b48-415d-b491-06094d86a58b","readOnly":true,"eventType":"AwsApiCall","managementEvent":true,"recipientAccountId":"637423240666","eventCategory":"Management","tlsDetails":{"tlsVersion":"TLSv1.3","cipherSuite":"TLS_AES_128_GCM_SHA256","clientProvidedHostHeader":"lambda.ap-southeast-1.amazonaws.com"}},{"eventVersion":"1.08","userIdentity":{"type":"IAMUser","principalId":"AIDAZI2LCYXNLENAY2IQ3","arn":"arn:aws:iam::637423240666:user/dev","accountId":"637423240666","accessKeyId":"AKIAZI2LCYXNH4OISNEW","userName":"dev"},"eventTime":"2024-07-17T06:07:56Z","eventSource":"lambda.amazonaws.com","eventName":"ListVersionsByFunction20150331","awsRegion":"ap-southeast-1","sourceIPAddress":"8.29.230.19","userAgent":"APN/1.0 HashiCorp/1.0 Terraform/1.3.7 (+https://www.terraform.io) terraform-provider-aws/5.57.0 (+https://registry.terraform.io/providers/hashicorp/aws) m/C aws-sdk-go-v2/1.30.1 os/linux lang/go#1.22.4 md/GOOS#linux md/GOARCH#amd64 api/lambda#1.56.1","requestParameters":{"functionName":"debug-logs-compiler","maxItems":10000},"responseElements":null,"requestID":"ea1000bd-a5ec-4af6-96b1-b552654d9843","eventID":"ad408ca4-f189-4dd6-9a55-62e1a17d124e","readOnly":true,"eventType":"AwsApiCall","managementEvent":true,"recipientAccountId":"637423240666","eventCategory":"Management","tlsDetails":{"tlsVersion":"TLSv1.3","cipherSuite":"TLS_AES_128_GCM_SHA256","clientProvidedHostHeader":"lambda.ap-southeast-1.amazonaws.com"}},{"eventVersion":"1.09","userIdentity":{"type":"IAMUser","principalId":"AIDAZI2LCYXNLENAY2IQ3","arn":"arn:aws:iam::637423240666:user/dev","accountId":"637423240666","accessKeyId":"AKIAZI2LCYXNH4OISNEW","userName":"dev"},"eventTime":"2024-07-17T06:07:56Z","eventSource":"logs.amazonaws.com","eventName":"DescribeLogGroups","awsRegion":"ap-southeast-1","sourceIPAddress":"8.29.230.19","userAgent":"APN/1.0 HashiCorp/1.0 Terraform/1.3.7 (+https://www.terraform.io) terraform-provider-aws/5.57.0 (+https://registry.terraform.io/providers/hashicorp/aws) m/C aws-sdk-go-v2/1.30.1 os/linux lang/go#1.22.4 md/GOOS#linux md/GOARCH#amd64 api/cloudwatchlogs#1.37.1","requestParameters":{"logGroupNamePrefix":"/aws/lambda/debug-logs-compiler"},"responseElements":null,"requestID":"52e9ca20-7742-48e8-9e40-1ceb65ba9f1e","eventID":"527dc9c7-2ea9-449e-a7f7-725189474431","readOnly":true,"resources":[{"accountId":"637423240666","type":"AWS::Logs::LogGroup","ARN":"arn:aws:logs:ap-southeast-1:637423240666:log-group:/aws/lambda/debug-logs-compiler"}],"eventType":"AwsApiCall","apiVersion":"20140328","managementEvent":true,"recipientAccountId":"637423240666","eventCategory":"Management","tlsDetails":{"tlsVersion":"TLSv1.3","cipherSuite":"TLS_AES_128_GCM_SHA256","clientProvidedHostHeader":"logs.ap-southeast-1.amazonaws.com"}},{"eventVersion":"1.09","userIdentity":{"type":"IAMUser","principalId":"AIDAZI2LCYXNLENAY2IQ3","arn":"arn:aws:iam::637423240666:user/dev","accountId":"637423240666","accessKeyId":"AKIAZI2LCYXNH4OISNEW","userName":"dev"},"eventTime":"2024-07-17T06:07:56Z","eventSource":"logs.amazonaws.com","eventName":"ListTagsForResource","awsRegion":"ap-southeast-1","sourceIPAddress":"8.29.230.19","userAgent":"APN/1.0 HashiCorp/1.0 Terraform/1.3.7 (+https://www.terraform.io) terraform-provider-aws/5.57.0 (+https://registry.terraform.io/providers/hashicorp/aws) aws-sdk-go-v2/1.30.1 os/linux lang/go#1.22.4 md/GOOS#linux md/GOARCH#amd64 api/cloudwatchlogs#1.37.1","requestParameters":{"resourceArn":"arn:aws:logs:ap-southeast-1:637423240666:log-group:/aws/lambda/debug-logs-compiler"},"responseElements":null,"requestID":"8b5340ba-537d-47be-b7d8-a26a2ac5b6c2","eventID":"c63171a0-aa5e-4b76-a029-d68f06e08408","readOnly":true,"eventType":"AwsApiCall","apiVersion":"20140328","managementEvent":true,"recipientAccountId":"637423240666","eventCategory":"Management","tlsDetails":{"tlsVersion":"TLSv1.3","cipherSuite":"TLS_AES_128_GCM_SHA256","clientProvidedHostHeader":"logs.ap-southeast-1.amazonaws.com"}},{"eventVersion":"1.09","userIdentity":{"type":"IAMUser","principalId":"AIDAZI2LCYXNLENAY2IQ3","arn":"arn:aws:iam::637423240666:user/dev","accountId":"637423240666","accessKeyId":"AKIAZI2LCYXNH4OISNEW","userName":"dev"},"eventTime":"2024-07-17T06:07:56Z","eventSource":"logs.amazonaws.com","eventName":"GetDataProtectionPolicy","awsRegion":"ap-southeast-1","sourceIPAddress":"8.29.230.19","userAgent":"APN/1.0 HashiCorp/1.0 Terraform/1.3.7 (+https://www.terraform.io) terraform-provider-aws/5.57.0 (+https://registry.terraform.io/providers/hashicorp/aws) aws-sdk-go-v2/1.30.1 os/linux lang/go#1.22.4 md/GOOS#linux md/GOARCH#amd64 api/cloudwatchlogs#1.37.1","requestParameters":{"logGroupIdentifier":"/aws/lambda/debug-logs-compiler"},"responseElements":null,"requestID":"90f6ce06-59c6-40c5-95a4-251d560bccab","eventID":"156d89b0-678a-4d45-9c07-3cb13f313e23","readOnly":true,"resources":[{"accountId":"637423240666","type":"AWS::Logs::LogGroup","ARN":"arn:aws:logs:ap-southeast-1:637423240666:log-group:/aws/lambda/debug-logs-compiler:log-stream:"}],"eventType":"AwsApiCall","apiVersion":"20140328","managementEvent":true,"recipientAccountId":"637423240666","eventCategory":"Management","tlsDetails":{"tlsVersion":"TLSv1.3","cipherSuite":"TLS_AES_128_GCM_SHA256","clientProvidedHostHeader":"logs.ap-southeast-1.amazonaws.com"}},{"eventVersion":"1.10","userIdentity":{"type":"IAMUser","principalId":"AIDAZI2LCYXNLENAY2IQ3","arn":"arn:aws:iam::637423240666:user/dev","accountId":"637423240666","accessKeyId":"AKIAZI2LCYXNH4OISNEW","userName":"dev"},"eventTime":"2024-07-17T06:08:15Z","eventSource":"cloudtrail.amazonaws.com","eventName":"StopLogging","awsRegion":"ap-southeast-1","sourceIPAddress":"8.29.230.19","userAgent":"APN/1.0 HashiCorp/1.0 Terraform/1.3.7 (+https://www.terraform.io) terraform-provider-aws/5.57.0 (+https://registry.terraform.io/providers/hashicorp/aws) aws-sdk-go-v2/1.30.1 os/linux lang/go#1.22.4 md/GOOS#linux md/GOARCH#amd64 api/cloudtrail#1.42.1","requestParameters":{"name":"arn:aws:cloudtrail:ap-southeast-1:637423240666:trail/accountlogs"},"responseElements":null,"requestID":"84e44be2-b592-46f6-818b-3b851cdcfbda","eventID":"b90a1246-e1e5-44fd-8edd-5d46b3abfaa8","readOnly":false,"eventType":"AwsApiCall","managementEvent":true,"recipientAccountId":"637423240666","eventCategory":"Management","tlsDetails":{"tlsVersion":"TLSv1.3","cipherSuite":"TLS_AES_128_GCM_SHA256","clientProvidedHostHeader":"cloudtrail.ap-southeast-1.amazonaws.com"}},{"eventVersion":"1.10","userIdentity":{"type":"IAMUser","principalId":"AIDAZI2LCYXNLENAY2IQ3","arn":"arn:aws:iam::637423240666:user/dev","accountId":"637423240666","accessKeyId":"AKIAZI2LCYXNH4OISNEW","userName":"dev"},"eventTime":"2024-07-17T06:08:15Z","eventSource":"cloudtrail.amazonaws.com","eventName":"DescribeTrails","awsRegion":"ap-southeast-1","sourceIPAddress":"8.29.230.19","userAgent":"APN/1.0 HashiCorp/1.0 Terraform/1.3.7 (+https://www.terraform.io) terraform-provider-aws/5.57.0 (+https://registry.terraform.io/providers/hashicorp/aws) aws-sdk-go-v2/1.30.1 os/linux lang/go#1.22.4 md/GOOS#linux md/GOARCH#amd64 api/cloudtrail#1.42.1","requestParameters":{"trailNameList":["arn:aws:cloudtrail:ap-southeast-1:637423240666:trail/accountlogs"]},"responseElements":null,"requestID":"da22cfd1-3159-40f3-8195-fde5105c7b2d","eventID":"0eb1ddbd-0131-4589-95d5-cba34089b63d","readOnly":true,"eventType":"AwsApiCall","managementEvent":true,"recipientAccountId":"637423240666","eventCategory":"Management","tlsDetails":{"tlsVersion":"TLSv1.3","cipherSuite":"TLS_AES_128_GCM_SHA256","clientProvidedHostHeader":"cloudtrail.ap-southeast-1.amazonaws.com"}},{"eventVersion":"1.10","userIdentity":{"type":"IAMUser","principalId":"AIDAZI2LCYXNLENAY2IQ3","arn":"arn:aws:iam::637423240666:user/dev","accountId":"637423240666","accessKeyId":"AKIAZI2LCYXNH4OISNEW","userName":"dev"},"eventTime":"2024-07-17T06:08:15Z","eventSource":"cloudtrail.amazonaws.com","eventName":"GetTrailStatus","awsRegion":"ap-southeast-1","sourceIPAddress":"8.29.230.19","userAgent":"APN/1.0 HashiCorp/1.0 Terraform/1.3.7 (+https://www.terraform.io) terraform-provider-aws/5.57.0 (+https://registry.terraform.io/providers/hashicorp/aws) aws-sdk-go-v2/1.30.1 os/linux lang/go#1.22.4 md/GOOS#linux md/GOARCH#amd64 api/cloudtrail#1.42.1","requestParameters":{"name":"arn:aws:cloudtrail:ap-southeast-1:637423240666:trail/accountlogs"},"responseElements":null,"requestID":"20392db9-bb6b-456a-bf2d-16ec5ff15c43","eventID":"26058f8d-7b2c-4f1c-af66-fdac5f0390c1","readOnly":true,"eventType":"AwsApiCall","managementEvent":true,"recipientAccountId":"637423240666","eventCategory":"Management","tlsDetails":{"tlsVersion":"TLSv1.3","cipherSuite":"TLS_AES_128_GCM_SHA256","clientProvidedHostHeader":"cloudtrail.ap-southeast-1.amazonaws.com"}},{"eventVersion":"1.10","userIdentity":{"type":"IAMUser","principalId":"AIDAZI2LCYXNLENAY2IQ3","arn":"arn:aws:iam::637423240666:user/dev","accountId":"637423240666","accessKeyId":"AKIAZI2LCYXNH4OISNEW","userName":"dev"},"eventTime":"2024-07-17T06:08:15Z","eventSource":"cloudtrail.amazonaws.com","eventName":"ListTags","awsRegion":"ap-southeast-1","sourceIPAddress":"8.29.230.19","userAgent":"APN/1.0 HashiCorp/1.0 Terraform/1.3.7 (+https://www.terraform.io) terraform-provider-aws/5.57.0 (+https://registry.terraform.io/providers/hashicorp/aws) m/C aws-sdk-go-v2/1.30.1 os/linux lang/go#1.22.4 md/GOOS#linux md/GOARCH#amd64 api/cloudtrail#1.42.1","requestParameters":{"resourceIdList":["arn:aws:cloudtrail:ap-southeast-1:637423240666:trail/accountlogs"]},"responseElements":null,"requestID":"1073eb69-b99a-4d69-acaf-b05b5bda5806","eventID":"7f0c0dd2-1f5f-4032-8f70-acc104d449c7","readOnly":true,"eventType":"AwsApiCall","managementEvent":true,"recipientAccountId":"637423240666","eventCategory":"Management","tlsDetails":{"tlsVersion":"TLSv1.3","cipherSuite":"TLS_AES_128_GCM_SHA256","clientProvidedHostHeader":"cloudtrail.ap-southeast-1.amazonaws.com"}}]}