{"Records":[{"eventVersion":"1.08","userIdentity":{"type":"IAMUser","principalId":"AIDAZI2LCYXNLENAY2IQ3","arn":"arn:aws:iam::637423240666:user/dev","accountId":"637423240666","accessKeyId":"AKIAZI2LCYXNH4OISNEW","userName":"dev"},"eventTime":"2024-07-17T05:51:17Z","eventSource":"sts.amazonaws.com","eventName":"GetCallerIdentity","awsRegion":"ap-southeast-1","sourceIPAddress":"8.29.230.19","userAgent":"APN/1.0 HashiCorp/1.0 Terraform/1.3.7 (+https://www.terraform.io) terraform-provider-aws/5.57.0 (+https://registry.terraform.io/providers/hashicorp/aws) aws-sdk-go-v2/1.30.1 os/linux lang/go#1.22.4 md/GOOS#linux md/GOARCH#amd64 api/sts#1.30.1","requestParameters":null,"responseElements":null,"requestID":"dd47b881-0488-4c8c-9884-5f73c2649a50","eventID":"dc67a298-3ed0-4082-b3f0-76af2bd45ded","readOnly":true,"eventType":"AwsApiCall","managementEvent":true,"recipientAccountId":"637423240666","eventCategory":"Management","tlsDetails":{"tlsVersion":"TLSv1.3","cipherSuite":"TLS_AES_128_GCM_SHA256","clientProvidedHostHeader":"sts.ap-southeast-1.amazonaws.com"}},{"eventVersion":"1.09","userIdentity":{"type":"IAMUser","principalId":"AIDAZI2LCYXNLENAY2IQ3","arn":"arn:aws:iam::637423240666:user/dev","accountId":"637423240666","accessKeyId":"AKIAZI2LCYXNH4OISNEW","userName":"dev"},"eventTime":"2024-07-17T05:51:20Z","eventSource":"apigateway.amazonaws.com","eventName":"GetRoute","awsRegion":"ap-southeast-1","sourceIPAddress":"8.29.230.19","userAgent":"APN/1.0 HashiCorp/1.0 Terraform/1.3.7 (+https://www.terraform.io) terraform-provider-aws/5.57.0 (+https://registry.terraform.io/providers/hashicorp/aws) aws-sdk-go-v2/1.30.1 os/linux lang/go#1.22.4 md/GOOS#linux md/GOARCH#amd64 api/apigatewayv2#1.22.1","requestParameters":{"routeId":"id6oeig","apiId":"pxzfkfmjo7"},"responseElements":null,"requestID":"e237feb6-ad47-46f2-a059-20918f110033","eventID":"2e9a0171-02a0-45cc-857a-eb01f6ec04af","readOnly":true,"eventType":"AwsApiCall","managementEvent":true,"recipientAccountId":"637423240666","eventCategory":"Management"},{"eventVersion":"1.09","userIdentity":{"type":"IAMUser","principalId":"AIDAZI2LCYXNLENAY2IQ3","arn":"arn:aws:iam::637423240666:user/dev","accountId":"637423240666","accessKeyId":"AKIAZI2LCYXNH4OISNEW","userName":"dev"},"eventTime":"2024-07-17T05:51:16Z","eventSource":"apigateway.amazonaws.com","eventName":"GetRoute","awsRegion":"ap-southeast-1","sourceIPAddress":"8.29.230.19","userAgent":"APN/1.0 HashiCorp/1.0 Terraform/1.3.7 (+https://www.terraform.io) terraform-provider-aws/5.57.0 (+https://registry.terraform.io/providers/hashicorp/aws) aws-sdk-go-v2/1.30.1 os/linux lang/go#1.22.4 md/GOOS#linux md/GOARCH#amd64 api/apigatewayv2#1.22.1","requestParameters":{"routeId":"r957wtt","apiId":"kv0g2hke5e"},"responseElements":null,"requestID":"35c6b5f6-79e6-409b-b233-f72f487d82e2","eventID":"d209e3f8-6c43-4a26-941d-595f0ae0dd7c","readOnly":true,"eventType":"AwsApiCall","managementEvent":true,"recipientAccountId":"637423240666","eventCategory":"Management"},{"eventVersion":"1.09","userIdentity":{"type":"IAMUser","principalId":"AIDAZI2LCYXNLENAY2IQ3","arn":"arn:aws:iam::637423240666:user/dev","accountId":"637423240666","accessKeyId":"AKIAZI2LCYXNH4OISNEW","userName":"dev"},"eventTime":"2024-07-17T05:51:16Z","eventSource":"apigateway.amazonaws.com","eventName":"GetRoute","awsRegion":"ap-southeast-1","sourceIPAddress":"8.29.230.19","userAgent":"APN/1.0 HashiCorp/1.0 Terraform/1.3.7 (+https://www.terraform.io) terraform-provider-aws/5.57.0 (+https://registry.terraform.io/providers/hashicorp/aws) aws-sdk-go-v2/1.30.1 os/linux lang/go#1.22.4 md/GOOS#linux md/GOARCH#amd64 api/apigatewayv2#1.22.1","requestParameters":{"routeId":"uc8o7a8","apiId":"f7x7yzf9j2"},"responseElements":null,"requestID":"f74719d3-98b8-4851-808a-eb450d8e7a57","eventID":"5c115d0f-5f82-4c6e-9a6d-dbd1a643b3b1","readOnly":true,"eventType":"AwsApiCall","managementEvent":true,"recipientAccountId":"637423240666","eventCategory":"Management"},{"eventVersion":"1.09","userIdentity":{"type":"IAMUser","principalId":"AIDAZI2LCYXNLENAY2IQ3","arn":"arn:aws:iam::637423240666:user/dev","accountId":"637423240666","accessKeyId":"AKIAZI2LCYXNH4OISNEW","userName":"dev"},"eventTime":"2024-07-17T05:51:35Z","eventSource":"apigateway.amazonaws.com","eventName":"DeleteRoute","awsRegion":"ap-southeast-1","sourceIPAddress":"8.29.230.19","userAgent":"APN/1.0 HashiCorp/1.0 Terraform/1.3.7 (+https://www.terraform.io) terraform-provider-aws/5.57.0 (+https://registry.terraform.io/providers/hashicorp/aws) aws-sdk-go-v2/1.30.1 os/linux lang/go#1.22.4 md/GOOS#linux md/GOARCH#amd64 api/apigatewayv2#1.22.1","requestParameters":{"routeId":"uc8o7a8","apiId":"f7x7yzf9j2"},"responseElements":null,"requestID":"094becac-1b1e-4e55-b152-885c618e9ffd","eventID":"ac37f850-6ebe-467b-a0c6-ebd7468b47cb","readOnly":false,"eventType":"AwsApiCall","managementEvent":true,"recipientAccountId":"637423240666","eventCategory":"Management"},{"eventVersion":"1.09","userIdentity":{"type":"IAMUser","principalId":"AIDAZI2LCYXNLENAY2IQ3","arn":"arn:aws:iam::637423240666:user/dev","accountId":"637423240666","accessKeyId":"AKIAZI2LCYXNH4OISNEW","userName":"dev"},"eventTime":"2024-07-17T05:51:35Z","eventSource":"apigateway.amazonaws.com","eventName":"DeleteRoute","awsRegion":"ap-southeast-1","sourceIPAddress":"8.29.230.19","userAgent":"APN/1.0 HashiCorp/1.0 Terraform/1.3.7 (+https://www.terraform.io) terraform-provider-aws/5.57.0 (+https://registry.terraform.io/providers/hashicorp/aws) aws-sdk-go-v2/1.30.1 os/linux lang/go#1.22.4 md/GOOS#linux md/GOARCH#amd64 api/apigatewayv2#1.22.1","requestParameters":{"routeId":"v7r95o6","apiId":"f7x7yzf9j2"},"responseElements":null,"requestID":"ac31a45e-5cac-4776-917a-c638d34eccfa","eventID":"bdeaad39-1581-41e7-8165-473b87fb4779","readOnly":false,"eventType":"AwsApiCall","managementEvent":true,"recipientAccountId":"637423240666","eventCategory":"Management"},{"eventVersion":"1.09","userIdentity":{"type":"IAMUser","principalId":"AIDAZI2LCYXNLENAY2IQ3","arn":"arn:aws:iam::637423240666:user/dev","accountId":"637423240666","accessKeyId":"AKIAZI2LCYXNH4OISNEW","userName":"dev"},"eventTime":"2024-07-17T05:51:35Z","eventSource":"apigateway.amazonaws.com","eventName":"DeleteRoute","awsRegion":"ap-southeast-1","sourceIPAddress":"8.29.230.19","userAgent":"APN/1.0 HashiCorp/1.0 Terraform/1.3.7 (+https://www.terraform.io) terraform-provider-aws/5.57.0 (+https://registry.terraform.io/providers/hashicorp/aws) aws-sdk-go-v2/1.30.1 os/linux lang/go#1.22.4 md/GOOS#linux md/GOARCH#amd64 api/apigatewayv2#1.22.1","requestParameters":{"routeId":"3tz43hh","apiId":"kv0g2hke5e"},"responseElements":null,"requestID":"6a23907b-82ba-46ed-87bd-1b55389064ae","eventID":"2421aa51-f249-4760-8f94-c8067d59cef3","readOnly":false,"eventType":"AwsApiCall","managementEvent":true,"recipientAccountId":"637423240666","eventCategory":"Management"},{"eventVersion":"1.09","userIdentity":{"type":"IAMUser","principalId":"AIDAZI2LCYXNLENAY2IQ3","arn":"arn:aws:iam::637423240666:user/dev","accountId":"637423240666","accessKeyId":"AKIAZI2LCYXNH4OISNEW","userName":"dev"},"eventTime":"2024-07-17T05:51:43Z","eventSource":"apigateway.amazonaws.com","eventName":"DeleteIntegration","awsRegion":"ap-southeast-1","sourceIPAddress":"8.29.230.19","userAgent":"APN/1.0 HashiCorp/1.0 Terraform/1.3.7 (+https://www.terraform.io) terraform-provider-aws/5.57.0 (+https://registry.terraform.io/providers/hashicorp/aws) aws-sdk-go-v2/1.30.1 os/linux lang/go#1.22.4 md/GOOS#linux md/GOARCH#amd64 api/apigatewayv2#1.22.1","requestParameters":{"integrationId":"jlfvx0m","apiId":"kv0g2hke5e"},"responseElements":null,"requestID":"bf80e1c0-17a2-481a-ae9a-8885b85f8889","eventID":"8d9f6901-d94d-45ad-b966-88dd2a49a0c8","readOnly":false,"eventType":"AwsApiCall","managementEvent":true,"recipientAccountId":"637423240666","eventCategory":"Management"},{"eventVersion":"1.09","userIdentity":{"type":"IAMUser","principalId":"AIDAZI2LCYXNLENAY2IQ3","arn":"arn:aws:iam::637423240666:user/dev","accountId":"637423240666","accessKeyId":"AKIAZI2LCYXNH4OISNEW","userName":"dev"},"eventTime":"2024-07-17T05:51:45Z","eventSource":"apigateway.amazonaws.com","eventName":"DeleteApi","awsRegion":"ap-southeast-1","sourceIPAddress":"8.29.230.19","userAgent":"APN/1.0 HashiCorp/1.0 Terraform/1.3.7 (+https://www.terraform.io) terraform-provider-aws/5.57.0 (+https://registry.terraform.io/providers/hashicorp/aws) aws-sdk-go-v2/1.30.1 os/linux lang/go#1.22.4 md/GOOS#linux md/GOARCH#amd64 api/apigatewayv2#1.22.1","requestParameters":{"apiId":"kv0g2hke5e"},"responseElements":null,"requestID":"7ba6d8b3-d7d0-4edc-89d0-74cc15ffbf37","eventID":"bfb30905-eacf-49bf-a294-c4f0c81da06f","readOnly":false,"eventType":"AwsApiCall","managementEvent":true,"recipientAccountId":"637423240666","eventCategory":"Management"},{"eventVersion":"1.08","userIdentity":{"type":"IAMUser","principalId":"AIDAZI2LCYXNLENAY2IQ3","arn":"arn:aws:iam::637423240666:user/dev","accountId":"637423240666","accessKeyId":"AKIAZI2LCYXNH4OISNEW","userName":"dev"},"eventTime":"2024-07-17T05:54:39Z","eventSource":"sts.amazonaws.com","eventName":"GetCallerIdentity","awsRegion":"ap-southeast-1","sourceIPAddress":"8.29.230.19","userAgent":"APN/1.0 HashiCorp/1.0 Terraform/1.3.7 (+https://www.terraform.io) terraform-provider-aws/5.57.0 (+https://registry.terraform.io/providers/hashicorp/aws) aws-sdk-go-v2/1.30.1 os/linux lang/go#1.22.4 md/GOOS#linux md/GOARCH#amd64 api/sts#1.30.1","requestParameters":null,"responseElements":null,"requestID":"cd7692ff-1a1e-4610-8319-98f9aa175333","eventID":"c3c9ec19-2b6f-4276-b1f2-17d2156546df","readOnly":true,"eventType":"AwsApiCall","managementEvent":true,"recipientAccountId":"637423240666","eventCategory":"Management","tlsDetails":{"tlsVersion":"TLSv1.3","cipherSuite":"TLS_AES_128_GCM_SHA256","clientProvidedHostHeader":"sts.ap-southeast-1.amazonaws.com"}},{"eventVersion":"1.08","userIdentity":{"type":"IAMUser","principalId":"AIDAZI2LCYXNLENAY2IQ3","arn":"arn:aws:iam::637423240666:user/dev","accountId":"637423240666","accessKeyId":"AKIAZI2LCYXNH4OISNEW","userName":"dev"},"eventTime":"2024-07-17T05:54:39Z","eventSource":"sts.amazonaws.com","eventName":"GetCallerIdentity","awsRegion":"ap-southeast-1","sourceIPAddress":"8.29.230.19","userAgent":"APN/1.0 HashiCorp/1.0 Terraform/1.3.7 (+https://www.terraform.io) terraform-provider-aws/5.57.0 (+https://registry.terraform.io/providers/hashicorp/aws) aws-sdk-go-v2/1.30.1 os/linux lang/go#1.22.4 md/GOOS#linux md/GOARCH#amd64 api/sts#1.30.1","requestParameters":null,"responseElements":null,"requestID":"529a1b67-a447-477d-8768-890a5aecd346","eventID":"88681795-746c-4ae6-87bc-d9c9b39a026e","readOnly":true,"eventType":"AwsApiCall","managementEvent":true,"recipientAccountId":"637423240666","eventCategory":"Management","tlsDetails":{"tlsVersion":"TLSv1.3","cipherSuite":"TLS_AES_128_GCM_SHA256","clientProvidedHostHeader":"sts.ap-southeast-1.amazonaws.com"}},{"eventVersion":"1.09","userIdentity":{"type":"IAMUser","principalId":"AIDAZI2LCYXNLENAY2IQ3","arn":"arn:aws:iam::637423240666:user/dev","accountId":"637423240666","accessKeyId":"AKIAZI2LCYXNH4OISNEW","userName":"dev"},"eventTime":"2024-07-17T05:54:39Z","eventSource":"s3.amazonaws.com","eventName":"GetBucketPolicy","awsRegion":"ap-southeast-1","sourceIPAddress":"8.29.230.19","userAgent":"[APN/1.0 HashiCorp/1.0 Terraform/1.3.7 (+https://www.terraform.io) terraform-provider-aws/5.57.0 (+https://registry.terraform.io/providers/hashicorp/aws) aws-sdk-go-v2/1.30.1 os/linux lang/go#1.22.4 md/GOOS#linux md/GOARCH#amd64 api/s3#1.58.0]","requestParameters":{"bucketName":"meownitoring2024trailbucket","Host":"meownitoring2024trailbucket.s3.ap-southeast-1.amazonaws.com","policy":""},"responseElements":null,"additionalEventData":{"SignatureVersion":"SigV4","CipherSuite":"TLS_AES_128_GCM_SHA256","bytesTransferredIn":0,"AuthenticationMethod":"AuthHeader","x-amz-id-2":"IRL67XPCuAEnObrCGxUMqYcAsVjqstwwx9dO4pnvqL6dxy8esEU1VJ9pf3UJU/lf261aOYvikds=","bytesTransferredOut":695},"requestID":"SRPCCCXR7CA5NZF8","eventID":"0deb8b43-5002-4b94-9be2-ea8b3db65ba0","readOnly":true,"resources":[{"accountId":"637423240666","type":"AWS::S3::Bucket","ARN":"arn:aws:s3:::meownitoring2024trailbucket"}],"eventType":"AwsApiCall","managementEvent":true,"recipientAccountId":"637423240666","eventCategory":"Management","tlsDetails":{"tlsVersion":"TLSv1.3","cipherSuite":"TLS_AES_128_GCM_SHA256","clientProvidedHostHeader":"meownitoring2024trailbucket.s3.ap-southeast-1.amazonaws.com"}},{"eventVersion":"1.09","userIdentity":{"type":"IAMUser","principalId":"AIDAZI2LCYXNLENAY2IQ3","arn":"arn:aws:iam::637423240666:user/dev","accountId":"637423240666","accessKeyId":"AKIAZI2LCYXNH4OISNEW","userName":"dev"},"eventTime":"2024-07-17T05:54:39Z","eventSource":"s3.amazonaws.com","eventName":"GetBucketAcl","awsRegion":"ap-southeast-1","sourceIPAddress":"8.29.230.19","userAgent":"[APN/1.0 HashiCorp/1.0 Terraform/1.3.7 (+https://www.terraform.io) terraform-provider-aws/5.57.0 (+https://registry.terraform.io/providers/hashicorp/aws) aws-sdk-go-v2/1.30.1 os/linux lang/go#1.22.4 md/GOOS#linux md/GOARCH#amd64 api/s3#1.58.0]","requestParameters":{"bucketName":"meownitoring2024trailbucket","Host":"meownitoring2024trailbucket.s3.ap-southeast-1.amazonaws.com","acl":""},"responseElements":null,"additionalEventData":{"SignatureVersion":"SigV4","CipherSuite":"TLS_AES_128_GCM_SHA256","bytesTransferredIn":0,"AuthenticationMethod":"AuthHeader","x-amz-id-2":"C7ZUVlgWmCE7QMSKrNZMKyfR2tfm6U32JXrlLJh3FHtwv305uCqTo/FJMCcD0gV7rkBMZWD9sLs=","bytesTransferredOut":584},"requestID":"SRP7HYYFCMP795JV","eventID":"ae3caa07-c935-4287-8a96-41cbfc0567e2","readOnly":true,"resources":[{"accountId":"637423240666","type":"AWS::S3::Bucket","ARN":"arn:aws:s3:::meownitoring2024trailbucket"}],"eventType":"AwsApiCall","managementEvent":true,"recipientAccountId":"637423240666","eventCategory":"Management","tlsDetails":{"tlsVersion":"TLSv1.3","cipherSuite":"TLS_AES_128_GCM_SHA256","clientProvidedHostHeader":"meownitoring2024trailbucket.s3.ap-southeast-1.amazonaws.com"}},{"eventVersion":"1.09","userIdentity":{"type":"IAMUser","principalId":"AIDAZI2LCYXNLENAY2IQ3","arn":"arn:aws:iam::637423240666:user/dev","accountId":"637423240666","accessKeyId":"AKIAZI2LCYXNH4OISNEW","userName":"dev"},"eventTime":"2024-07-17T05:54:39Z","eventSource":"s3.amazonaws.com","eventName":"GetBucketCors","awsRegion":"ap-southeast-1","sourceIPAddress":"8.29.230.19","userAgent":"[APN/1.0 HashiCorp/1.0 Terraform/1.3.7 (+https://www.terraform.io) terraform-provider-aws/5.57.0 (+https://registry.terraform.io/providers/hashicorp/aws) aws-sdk-go-v2/1.30.1 os/linux lang/go#1.22.4 md/GOOS#linux md/GOARCH#amd64 api/s3#1.58.0]","errorCode":"NoSuchCORSConfiguration","errorMessage":"The CORS configuration does not exist","requestParameters":{"bucketName":"meownitoring2024trailbucket","Host":"meownitoring2024trailbucket.s3.ap-southeast-1.amazonaws.com","cors":""},"responseElements":null,"additionalEventData":{"SignatureVersion":"SigV4","CipherSuite":"TLS_AES_128_GCM_SHA256","bytesTransferredIn":0,"AuthenticationMethod":"AuthHeader","x-amz-id-2":"sIZTFuLpGYNTsE9k4AmAIVoxE9Io+Nz9+k747miWAVg4YOlJ8xZ3bZN7VAKhY86eCmeqTF2YKqc=","bytesTransferredOut":330},"requestID":"SRP5J0GDP41SSY0E","eventID":"46ce09b2-ed6b-41d2-817d-3d2c4a08da30","readOnly":true,"resources":[{"accountId":"637423240666","type":"AWS::S3::Bucket","ARN":"arn:aws:s3:::meownitoring2024trailbucket"}],"eventType":"AwsApiCall","managementEvent":true,"recipientAccountId":"637423240666","eventCategory":"Management","tlsDetails":{"tlsVersion":"TLSv1.3","cipherSuite":"TLS_AES_128_GCM_SHA256","clientProvidedHostHeader":"meownitoring2024trailbucket.s3.ap-southeast-1.amazonaws.com"}},{"eventVersion":"1.09","userIdentity":{"type":"IAMUser","principalId":"AIDAZI2LCYXNLENAY2IQ3","arn":"arn:aws:iam::637423240666:user/dev","accountId":"637423240666","accessKeyId":"AKIAZI2LCYXNH4OISNEW","userName":"dev"},"eventTime":"2024-07-17T05:54:39Z","eventSource":"s3.amazonaws.com","eventName":"GetBucketWebsite","awsRegion":"ap-southeast-1","sourceIPAddress":"8.29.230.19","userAgent":"[APN/1.0 HashiCorp/1.0 Terraform/1.3.7 (+https://www.terraform.io) terraform-provider-aws/5.57.0 (+https://registry.terraform.io/providers/hashicorp/aws) aws-sdk-go-v2/1.30.1 os/linux lang/go#1.22.4 md/GOOS#linux md/GOARCH#amd64 api/s3#1.58.0]","errorCode":"NoSuchWebsiteConfiguration","errorMessage":"The specified bucket does not have a website configuration","requestParameters":{"bucketName":"meownitoring2024trailbucket","website":"","Host":"meownitoring2024trailbucket.s3.ap-southeast-1.amazonaws.com"},"responseElements":null,"additionalEventData":{"SignatureVersion":"SigV4","CipherSuite":"TLS_AES_128_GCM_SHA256","bytesTransferredIn":0,"AuthenticationMethod":"AuthHeader","x-amz-id-2":"VCWfsnkHba59L+wqJxCZwQIQZ4vwO/UMWo4sShs19s8MrqO0iZAg4ExstGhb/S/vDqCru+Cz8A0=","bytesTransferredOut":354},"requestID":"SRPDE83XFRJD645J","eventID":"4c1f17b2-7dc8-4ece-891a-1b0c7dafb044","readOnly":true,"resources":[{"accountId":"637423240666","type":"AWS::S3::Bucket","ARN":"arn:aws:s3:::meownitoring2024trailbucket"}],"eventType":"AwsApiCall","managementEvent":true,"recipientAccountId":"637423240666","eventCategory":"Management","tlsDetails":{"tlsVersion":"TLSv1.3","cipherSuite":"TLS_AES_128_GCM_SHA256","clientProvidedHostHeader":"meownitoring2024trailbucket.s3.ap-southeast-1.amazonaws.com"}},{"eventVersion":"1.09","userIdentity":{"type":"IAMUser","principalId":"AIDAZI2LCYXNLENAY2IQ3","arn":"arn:aws:iam::637423240666:user/dev","accountId":"637423240666","accessKeyId":"AKIAZI2LCYXNH4OISNEW","userName":"dev"},"eventTime":"2024-07-17T05:54:39Z","eventSource":"s3.amazonaws.com","eventName":"GetBucketVersioning","awsRegion":"ap-southeast-1","sourceIPAddress":"8.29.230.19","userAgent":"[APN/1.0 HashiCorp/1.0 Terraform/1.3.7 (+https://www.terraform.io) terraform-provider-aws/5.57.0 (+https://registry.terraform.io/providers/hashicorp/aws) aws-sdk-go-v2/1.30.1 os/linux lang/go#1.22.4 md/GOOS#linux md/GOARCH#amd64 api/s3#1.58.0]","requestParameters":{"bucketName":"meownitoring2024trailbucket","Host":"meownitoring2024trailbucket.s3.ap-southeast-1.amazonaws.com","versioning":""},"responseElements":null,"additionalEventData":{"SignatureVersion":"SigV4","CipherSuite":"TLS_AES_128_GCM_SHA256","bytesTransferredIn":0,"AuthenticationMethod":"AuthHeader","x-amz-id-2":"/+RzDq+V83A9EUYBLcc07b3LNhK2Ttzmiqe/RhlqBj3cISoE/UH4ENv98yjaKwVpnvLWXXH2faQ=","bytesTransferredOut":113},"requestID":"SRPEKEHJY4XHW91T","eventID":"e5e40011-6f43-46e2-bed2-e3e9f5dcfe00","readOnly":true,"resources":[{"accountId":"637423240666","type":"AWS::S3::Bucket","ARN":"arn:aws:s3:::meownitoring2024trailbucket"}],"eventType":"AwsApiCall","managementEvent":true,"recipientAccountId":"637423240666","eventCategory":"Management","tlsDetails":{"tlsVersion":"TLSv1.3","cipherSuite":"TLS_AES_128_GCM_SHA256","clientProvidedHostHeader":"meownitoring2024trailbucket.s3.ap-southeast-1.amazonaws.com"}},{"eventVersion":"1.09","userIdentity":{"type":"IAMUser","principalId":"AIDAZI2LCYXNLENAY2IQ3","arn":"arn:aws:iam::637423240666:user/dev","accountId":"637423240666","accessKeyId":"AKIAZI2LCYXNH4OISNEW","userName":"dev"},"eventTime":"2024-07-17T05:54:40Z","eventSource":"s3.amazonaws.com","eventName":"GetAccelerateConfiguration","awsRegion":"ap-southeast-1","sourceIPAddress":"8.29.230.19","userAgent":"[APN/1.0 HashiCorp/1.0 Terraform/1.3.7 (+https://www.terraform.io) terraform-provider-aws/5.57.0 (+https://registry.terraform.io/providers/hashicorp/aws) aws-sdk-go-v2/1.30.1 os/linux lang/go#1.22.4 md/GOOS#linux md/GOARCH#amd64 api/s3#1.58.0]","requestParameters":{"accelerate":"","bucketName":"meownitoring2024trailbucket","Host":"meownitoring2024trailbucket.s3.ap-southeast-1.amazonaws.com"},"responseElements":null,"additionalEventData":{"SignatureVersion":"SigV4","CipherSuite":"TLS_AES_128_GCM_SHA256","bytesTransferredIn":0,"AuthenticationMethod":"AuthHeader","x-amz-id-2":"JoORnj7o8PL3vBLpMgRR3ZRZATWr3G7g62i/a189CWLWCx5pV0H+AFY4hB+XiYIk2BjELozI7i0=","bytesTransferredOut":113},"requestID":"3TR0XWXY16DHH8SY","eventID":"67fb95f2-9261-4ae0-86ec-1d60fdf024bb","readOnly":true,"resources":[{"accountId":"637423240666","type":"AWS::S3::Bucket","ARN":"arn:aws:s3:::meownitoring2024trailbucket"}],"eventType":"AwsApiCall","managementEvent":true,"recipientAccountId":"637423240666","eventCategory":"Management","tlsDetails":{"tlsVersion":"TLSv1.3","cipherSuite":"TLS_AES_128_GCM_SHA256","clientProvidedHostHeader":"meownitoring2024trailbucket.s3.ap-southeast-1.amazonaws.com"}},{"eventVersion":"1.09","userIdentity":{"type":"IAMUser","principalId":"AIDAZI2LCYXNLENAY2IQ3","arn":"arn:aws:iam::637423240666:user/dev","accountId":"637423240666","accessKeyId":"AKIAZI2LCYXNH4OISNEW","userName":"dev"},"eventTime":"2024-07-17T05:54:40Z","eventSource":"s3.amazonaws.com","eventName":"GetBucketLogging","awsRegion":"ap-southeast-1","sourceIPAddress":"8.29.230.19","userAgent":"[APN/1.0 HashiCorp/1.0 Terraform/1.3.7 (+https://www.terraform.io) terraform-provider-aws/5.57.0 (+https://registry.terraform.io/providers/hashicorp/aws) aws-sdk-go-v2/1.30.1 os/linux lang/go#1.22.4 md/GOOS#linux md/GOARCH#amd64 api/s3#1.58.0]","requestParameters":{"logging":"","bucketName":"meownitoring2024trailbucket","Host":"meownitoring2024trailbucket.s3.ap-southeast-1.amazonaws.com"},"responseElements":null,"additionalEventData":{"SignatureVersion":"SigV4","CipherSuite":"TLS_AES_128_GCM_SHA256","bytesTransferredIn":0,"AuthenticationMethod":"AuthHeader","x-amz-id-2":"y0+H+TP0E1+bh1slqQviaY32ylUWBiY7atP8XjL7OWDWIL7HEyMETDOc4iyOW6dR0nkeCjKsoIg=","bytesTransferredOut":289},"requestID":"3TRDRMBMZD7NR2WD","eventID":"6450f35d-84d2-449a-b78d-b463a569da9b","readOnly":true,"resources":[{"accountId":"637423240666","type":"AWS::S3::Bucket","ARN":"arn:aws:s3:::meownitoring2024trailbucket"}],"eventType":"AwsApiCall","managementEvent":true,"recipientAccountId":"637423240666","eventCategory":"Management","tlsDetails":{"tlsVersion":"TLSv1.3","cipherSuite":"TLS_AES_128_GCM_SHA256","clientProvidedHostHeader":"meownitoring2024trailbucket.s3.ap-southeast-1.amazonaws.com"}},{"eventVersion":"1.09","userIdentity":{"type":"IAMUser","principalId":"AIDAZI2LCYXNLENAY2IQ3","arn":"arn:aws:iam::637423240666:user/dev","accountId":"637423240666","accessKeyId":"AKIAZI2LCYXNH4OISNEW","userName":"dev"},"eventTime":"2024-07-17T05:54:40Z","eventSource":"s3.amazonaws.com","eventName":"GetBucketRequestPayment","awsRegion":"ap-southeast-1","sourceIPAddress":"8.29.230.19","userAgent":"[APN/1.0 HashiCorp/1.0 Terraform/1.3.7 (+https://www.terraform.io) terraform-provider-aws/5.57.0 (+https://registry.terraform.io/providers/hashicorp/aws) aws-sdk-go-v2/1.30.1 os/linux lang/go#1.22.4 md/GOOS#linux md/GOARCH#amd64 api/s3#1.58.0]","requestParameters":{"bucketName":"meownitoring2024trailbucket","Host":"meownitoring2024trailbucket.s3.ap-southeast-1.amazonaws.com","requestPayment":""},"responseElements":null,"additionalEventData":{"SignatureVersion":"SigV4","CipherSuite":"TLS_AES_128_GCM_SHA256","bytesTransferredIn":0,"AuthenticationMethod":"AuthHeader","x-amz-id-2":"yPPyJkFm1y/IVuwRQr4OpH6k7TvM9qopNU3JB/DnhWBkXlftsJ1gYW2OY0cOxueTz6vnRg722ZM=","bytesTransferredOut":172},"requestID":"3TRCC0HD0MH2D5H6","eventID":"61b75049-a13b-47c8-8def-86a9a9e159de","readOnly":true,"resources":[{"accountId":"637423240666","type":"AWS::S3::Bucket","ARN":"arn:aws:s3:::meownitoring2024trailbucket"}],"eventType":"AwsApiCall","managementEvent":true,"recipientAccountId":"637423240666","eventCategory":"Management","tlsDetails":{"tlsVersion":"TLSv1.3","cipherSuite":"TLS_AES_128_GCM_SHA256","clientProvidedHostHeader":"meownitoring2024trailbucket.s3.ap-southeast-1.amazonaws.com"}},{"eventVersion":"1.09","userIdentity":{"type":"IAMUser","principalId":"AIDAZI2LCYXNLENAY2IQ3","arn":"arn:aws:iam::637423240666:user/dev","accountId":"637423240666","accessKeyId":"AKIAZI2LCYXNH4OISNEW","userName":"dev"},"eventTime":"2024-07-17T05:54:40Z","eventSource":"s3.amazonaws.com","eventName":"GetBucketReplication","awsRegion":"ap-southeast-1","sourceIPAddress":"8.29.230.19","userAgent":"[APN/1.0 HashiCorp/1.0 Terraform/1.3.7 (+https://www.terraform.io) terraform-provider-aws/5.57.0 (+https://registry.terraform.io/providers/hashicorp/aws) aws-sdk-go-v2/1.30.1 os/linux lang/go#1.22.4 md/GOOS#linux md/GOARCH#amd64 api/s3#1.58.0]","errorCode":"ReplicationConfigurationNotFoundError","errorMessage":"The replication configuration was not found","requestParameters":{"replication":"","bucketName":"meownitoring2024trailbucket","Host":"meownitoring2024trailbucket.s3.ap-southeast-1.amazonaws.com"},"responseElements":null,"additionalEventData":{"SignatureVersion":"SigV4","CipherSuite":"TLS_AES_128_GCM_SHA256","bytesTransferredIn":0,"AuthenticationMethod":"AuthHeader","x-amz-id-2":"MevFkMi6jbAgMGtagqUeoaqre934WszgbGQp6xsJAnI5hmX4Z/2XKEEweU41vCrQohwUaYz1olE=","bytesTransferredOut":350},"requestID":"3TRCGW0C3S7ABZF7","eventID":"8700a3ad-fba3-4ca3-b272-933679684dea","readOnly":true,"resources":[{"accountId":"637423240666","type":"AWS::S3::Bucket","ARN":"arn:aws:s3:::meownitoring2024trailbucket"}],"eventType":"AwsApiCall","managementEvent":true,"recipientAccountId":"637423240666","eventCategory":"Management","tlsDetails":{"tlsVersion":"TLSv1.3","cipherSuite":"TLS_AES_128_GCM_SHA256","clientProvidedHostHeader":"meownitoring2024trailbucket.s3.ap-southeast-1.amazonaws.com"}},{"eventVersion":"1.09","userIdentity":{"type":"IAMUser","principalId":"AIDAZI2LCYXNLENAY2IQ3","arn":"arn:aws:iam::637423240666:user/dev","accountId":"637423240666","accessKeyId":"AKIAZI2LCYXNH4OISNEW","userName":"dev"},"eventTime":"2024-07-17T05:54:40Z","eventSource":"s3.amazonaws.com","eventName":"GetBucketLifecycle","awsRegion":"ap-southeast-1","sourceIPAddress":"8.29.230.19","userAgent":"[APN/1.0 HashiCorp/1.0 Terraform/1.3.7 (+https://www.terraform.io) terraform-provider-aws/5.57.0 (+https://registry.terraform.io/providers/hashicorp/aws) aws-sdk-go-v2/1.30.1 os/linux lang/go#1.22.4 md/GOOS#linux md/GOARCH#amd64 api/s3#1.58.0]","errorCode":"NoSuchLifecycleConfiguration","errorMessage":"The lifecycle configuration does not exist","requestParameters":{"lifecycle":"","bucketName":"meownitoring2024trailbucket","Host":"meownitoring2024trailbucket.s3.ap-southeast-1.amazonaws.com"},"responseElements":null,"additionalEventData":{"SignatureVersion":"SigV4","CipherSuite":"TLS_AES_128_GCM_SHA256","bytesTransferredIn":0,"AuthenticationMethod":"AuthHeader","x-amz-id-2":"Cc3aMSWCpPTfv6lc9176QxbYR0tjvIG/+BUfc65mJzE67ygY7PrRDqljHj75OT+mgWvsXtGOqnQ=","bytesTransferredOut":301},"requestID":"3TR3SFKNKRKZCJRA","eventID":"250b133b-aa84-4499-9fb1-890719c950f2","readOnly":true,"resources":[{"accountId":"637423240666","type":"AWS::S3::Bucket","ARN":"arn:aws:s3:::meownitoring2024trailbucket"}],"eventType":"AwsApiCall","managementEvent":true,"recipientAccountId":"637423240666","eventCategory":"Management","tlsDetails":{"tlsVersion":"TLSv1.3","cipherSuite":"TLS_AES_128_GCM_SHA256","clientProvidedHostHeader":"meownitoring2024trailbucket.s3.ap-southeast-1.amazonaws.com"}},{"eventVersion":"1.09","userIdentity":{"type":"IAMUser","principalId":"AIDAZI2LCYXNLENAY2IQ3","arn":"arn:aws:iam::637423240666:user/dev","accountId":"637423240666","accessKeyId":"AKIAZI2LCYXNH4OISNEW","userName":"dev"},"eventTime":"2024-07-17T05:54:40Z","eventSource":"s3.amazonaws.com","eventName":"GetBucketEncryption","awsRegion":"ap-southeast-1","sourceIPAddress":"8.29.230.19","userAgent":"[APN/1.0 HashiCorp/1.0 Terraform/1.3.7 (+https://www.terraform.io) terraform-provider-aws/5.57.0 (+https://registry.terraform.io/providers/hashicorp/aws) aws-sdk-go-v2/1.30.1 os/linux lang/go#1.22.4 md/GOOS#linux md/GOARCH#amd64 api/s3#1.58.0]","requestParameters":{"bucketName":"meownitoring2024trailbucket","Host":"meownitoring2024trailbucket.s3.ap-southeast-1.amazonaws.com","encryption":""},"responseElements":null,"additionalEventData":{"SignatureVersion":"SigV4","CipherSuite":"TLS_AES_128_GCM_SHA256","bytesTransferredIn":0,"AuthenticationMethod":"AuthHeader","x-amz-id-2":"UTRm1bI6eIDY14+mmB+Sz+Zbm47mlZejhJ8h8MI5zvZ8RXyNVQy56iSMfIbiNAXuNbVa4PSVTZw=","bytesTransferredOut":321},"requestID":"3TR8NT7R62T7VY4J","eventID":"a2bbc6cd-8bd1-404e-b087-3453266a3198","readOnly":true,"resources":[{"accountId":"637423240666","type":"AWS::S3::Bucket","ARN":"arn:aws:s3:::meownitoring2024trailbucket"}],"eventType":"AwsApiCall","managementEvent":true,"recipientAccountId":"637423240666","eventCategory":"Management","tlsDetails":{"tlsVersion":"TLSv1.3","cipherSuite":"TLS_AES_128_GCM_SHA256","clientProvidedHostHeader":"meownitoring2024trailbucket.s3.ap-southeast-1.amazonaws.com"}},{"eventVersion":"1.09","userIdentity":{"type":"IAMUser","principalId":"AIDAZI2LCYXNLENAY2IQ3","arn":"arn:aws:iam::637423240666:user/dev","accountId":"637423240666","accessKeyId":"AKIAZI2LCYXNH4OISNEW","userName":"dev"},"eventTime":"2024-07-17T05:54:40Z","eventSource":"s3.amazonaws.com","eventName":"GetBucketTagging","awsRegion":"ap-southeast-1","sourceIPAddress":"8.29.230.19","userAgent":"[APN/1.0 HashiCorp/1.0 Terraform/1.3.7 (+https://www.terraform.io) terraform-provider-aws/5.57.0 (+https://registry.terraform.io/providers/hashicorp/aws) aws-sdk-go-v2/1.30.1 os/linux lang/go#1.22.4 md/GOOS#linux md/GOARCH#amd64 api/s3#1.58.0]","errorCode":"NoSuchTagSet","errorMessage":"The TagSet does not exist","requestParameters":{"tagging":"","bucketName":"meownitoring2024trailbucket","Host":"meownitoring2024trailbucket.s3.ap-southeast-1.amazonaws.com"},"responseElements":null,"additionalEventData":{"SignatureVersion":"SigV4","CipherSuite":"TLS_AES_128_GCM_SHA256","bytesTransferredIn":0,"AuthenticationMethod":"AuthHeader","x-amz-id-2":"OZxLeN4kJjrHUj/i6bDzw67ZAEN4mO9JWCFA6PRbMLGc9atAIQVoxdEh4yR1DuGI+978HSv92PE=","bytesTransferredOut":307},"requestID":"3TR86QEHZTQ0ZSFC","eventID":"87d29c74-9a34-4870-b884-ca446faeabd3","readOnly":true,"resources":[{"accountId":"637423240666","type":"AWS::S3::Bucket","ARN":"arn:aws:s3:::meownitoring2024trailbucket"}],"eventType":"AwsApiCall","managementEvent":true,"recipientAccountId":"637423240666","eventCategory":"Management","tlsDetails":{"tlsVersion":"TLSv1.3","cipherSuite":"TLS_AES_128_GCM_SHA256","clientProvidedHostHeader":"meownitoring2024trailbucket.s3.ap-southeast-1.amazonaws.com"}},{"eventVersion":"1.09","userIdentity":{"type":"IAMUser","principalId":"AIDAZI2LCYXNLENAY2IQ3","arn":"arn:aws:iam::637423240666:user/dev","accountId":"637423240666","accessKeyId":"AKIAZI2LCYXNH4OISNEW","userName":"dev"},"eventTime":"2024-07-17T05:54:40Z","eventSource":"s3.amazonaws.com","eventName":"GetBucketObjectLockConfiguration","awsRegion":"ap-southeast-1","sourceIPAddress":"8.29.230.19","userAgent":"[APN/1.0 HashiCorp/1.0 Terraform/1.3.7 (+https://www.terraform.io) terraform-provider-aws/5.57.0 (+https://registry.terraform.io/providers/hashicorp/aws) aws-sdk-go-v2/1.30.1 os/linux lang/go#1.22.4 md/GOOS#linux md/GOARCH#amd64 api/s3#1.58.0]","errorCode":"ObjectLockConfigurationNotFoundError","errorMessage":"Object Lock configuration does not exist for this bucket","requestParameters":{"bucketName":"meownitoring2024trailbucket","object-lock":"","Host":"meownitoring2024trailbucket.s3.ap-southeast-1.amazonaws.com"},"responseElements":null,"additionalEventData":{"SignatureVersion":"SigV4","CipherSuite":"TLS_AES_128_GCM_SHA256","bytesTransferredIn":0,"AuthenticationMethod":"AuthHeader","x-amz-id-2":"bhhy0C2faOEmvmkYGAkmZfZui96jNZ7q19epgHi7/3n/IedlL8TJ2l4aDMoIOPVqxWffX5JXRjo=","bytesTransferredOut":362},"requestID":"3TR4S2GH8GQC2GJ6","eventID":"9947d8aa-f74f-4e35-9452-92ea8a00ac11","readOnly":true,"resources":[{"accountId":"637423240666","type":"AWS::S3::Bucket","ARN":"arn:aws:s3:::meownitoring2024trailbucket"}],"eventType":"AwsApiCall","managementEvent":true,"recipientAccountId":"637423240666","eventCategory":"Management","tlsDetails":{"tlsVersion":"TLSv1.3","cipherSuite":"TLS_AES_128_GCM_SHA256","clientProvidedHostHeader":"meownitoring2024trailbucket.s3.ap-southeast-1.amazonaws.com"}},{"eventVersion":"1.10","userIdentity":{"type":"IAMUser","principalId":"AIDAZI2LCYXNLENAY2IQ3","arn":"arn:aws:iam::637423240666:user/dev","accountId":"637423240666","accessKeyId":"AKIAZI2LCYXNH4OISNEW","userName":"dev"},"eventTime":"2024-07-17T05:54:42Z","eventSource":"cloudtrail.amazonaws.com","eventName":"DescribeTrails","awsRegion":"ap-southeast-1","sourceIPAddress":"8.29.230.19","userAgent":"APN/1.0 HashiCorp/1.0 Terraform/1.3.7 (+https://www.terraform.io) terraform-provider-aws/5.57.0 (+https://registry.terraform.io/providers/hashicorp/aws) aws-sdk-go-v2/1.30.1 os/linux lang/go#1.22.4 md/GOOS#linux md/GOARCH#amd64 api/cloudtrail#1.42.1","requestParameters":{"trailNameList":["arn:aws:cloudtrail:ap-southeast-1:637423240666:trail/accountlogs"]},"responseElements":null,"requestID":"6cecaf5a-5cc0-4912-921d-1bdfadb74c7e","eventID":"ac88f299-ca79-4ef7-a046-100b87a333db","readOnly":true,"eventType":"AwsApiCall","managementEvent":true,"recipientAccountId":"637423240666","eventCategory":"Management","tlsDetails":{"tlsVersion":"TLSv1.3","cipherSuite":"TLS_AES_128_GCM_SHA256","clientProvidedHostHeader":"cloudtrail.ap-southeast-1.amazonaws.com"}},{"eventVersion":"1.10","userIdentity":{"type":"IAMUser","principalId":"AIDAZI2LCYXNLENAY2IQ3","arn":"arn:aws:iam::637423240666:user/dev","accountId":"637423240666","accessKeyId":"AKIAZI2LCYXNH4OISNEW","userName":"dev"},"eventTime":"2024-07-17T05:54:42Z","eventSource":"cloudtrail.amazonaws.com","eventName":"GetTrailStatus","awsRegion":"ap-southeast-1","sourceIPAddress":"8.29.230.19","userAgent":"APN/1.0 HashiCorp/1.0 Terraform/1.3.7 (+https://www.terraform.io) terraform-provider-aws/5.57.0 (+https://registry.terraform.io/providers/hashicorp/aws) aws-sdk-go-v2/1.30.1 os/linux lang/go#1.22.4 md/GOOS#linux md/GOARCH#amd64 api/cloudtrail#1.42.1","requestParameters":{"name":"arn:aws:cloudtrail:ap-southeast-1:637423240666:trail/accountlogs"},"responseElements":null,"requestID":"44f6b687-739e-4b7e-8b25-a7de73847128","eventID":"558e13cc-8362-4537-a16a-6ad21040d255","readOnly":true,"eventType":"AwsApiCall","managementEvent":true,"recipientAccountId":"637423240666","eventCategory":"Management","tlsDetails":{"tlsVersion":"TLSv1.3","cipherSuite":"TLS_AES_128_GCM_SHA256","clientProvidedHostHeader":"cloudtrail.ap-southeast-1.amazonaws.com"}},{"eventVersion":"1.10","userIdentity":{"type":"IAMUser","principalId":"AIDAZI2LCYXNLENAY2IQ3","arn":"arn:aws:iam::637423240666:user/dev","accountId":"637423240666","accessKeyId":"AKIAZI2LCYXNH4OISNEW","userName":"dev"},"eventTime":"2024-07-17T05:54:42Z","eventSource":"cloudtrail.amazonaws.com","eventName":"ListTags","awsRegion":"ap-southeast-1","sourceIPAddress":"8.29.230.19","userAgent":"APN/1.0 HashiCorp/1.0 Terraform/1.3.7 (+https://www.terraform.io) terraform-provider-aws/5.57.0 (+https://registry.terraform.io/providers/hashicorp/aws) m/C aws-sdk-go-v2/1.30.1 os/linux lang/go#1.22.4 md/GOOS#linux md/GOARCH#amd64 api/cloudtrail#1.42.1","requestParameters":{"resourceIdList":["arn:aws:cloudtrail:ap-southeast-1:637423240666:trail/accountlogs"]},"responseElements":null,"requestID":"3e7b07d9-37fe-4be7-bb5d-bfa09aa45cc9","eventID":"a42e7eb4-88ab-46a8-815f-4aef622f5325","readOnly":true,"eventType":"AwsApiCall","managementEvent":true,"recipientAccountId":"637423240666","eventCategory":"Management","tlsDetails":{"tlsVersion":"TLSv1.3","cipherSuite":"TLS_AES_128_GCM_SHA256","clientProvidedHostHeader":"cloudtrail.ap-southeast-1.amazonaws.com"}},{"eventVersion":"1.09","userIdentity":{"type":"IAMUser","principalId":"AIDAZI2LCYXNLENAY2IQ3","arn":"arn:aws:iam::637423240666:user/dev","accountId":"637423240666","accessKeyId":"AKIAZI2LCYXNH4OISNEW","userName":"dev"},"eventTime":"2024-07-17T05:54:39Z","eventSource":"s3.amazonaws.com","eventName":"GetBucketPolicy","awsRegion":"ap-southeast-1","sourceIPAddress":"8.29.230.19","userAgent":"[APN/1.0 HashiCorp/1.0 Terraform/1.3.7 (+https://www.terraform.io) terraform-provider-aws/5.57.0 (+https://registry.terraform.io/providers/hashicorp/aws) aws-sdk-go-v2/1.30.1 os/linux lang/go#1.22.4 md/GOOS#linux md/GOARCH#amd64 api/s3#1.58.0]","errorCode":"NoSuchBucketPolicy","errorMessage":"The bucket policy does not exist","requestParameters":{"bucketName":"meownitoringtmpbucket","Host":"meownitoringtmpbucket.s3.ap-southeast-1.amazonaws.com","policy":""},"responseElements":null,"additionalEventData":{"SignatureVersion":"SigV4","CipherSuite":"ECDHE-RSA-AES128-GCM-SHA256","bytesTransferredIn":0,"AuthenticationMethod":"AuthHeader","x-amz-id-2":"e8hHhC4+KDJzRnoW0z+UPCcl/fHVnQD2QXzBEi3YC5xxSggOJYOZs35JMD3P0Tf0GRvZJRHN+rl0lp+I1LW/IA==","bytesTransferredOut":326},"requestID":"SRP7ZCT5Y60269S9","eventID":"34004894-f50a-40a6-9090-2cb4fd191ba1","readOnly":true,"resources":[{"accountId":"637423240666","type":"AWS::S3::Bucket","ARN":"arn:aws:s3:::meownitoringtmpbucket"}],"eventType":"AwsApiCall","managementEvent":true,"recipientAccountId":"637423240666","eventCategory":"Management","tlsDetails":{"tlsVersion":"TLSv1.2","cipherSuite":"ECDHE-RSA-AES128-GCM-SHA256","clientProvidedHostHeader":"meownitoringtmpbucket.s3.ap-southeast-1.amazonaws.com"}},{"eventVersion":"1.09","userIdentity":{"type":"IAMUser","principalId":"AIDAZI2LCYXNLENAY2IQ3","arn":"arn:aws:iam::637423240666:user/dev","accountId":"637423240666","accessKeyId":"AKIAZI2LCYXNH4OISNEW","userName":"dev"},"eventTime":"2024-07-17T05:54:39Z","eventSource":"s3.amazonaws.com","eventName":"GetBucketWebsite","awsRegion":"ap-southeast-1","sourceIPAddress":"8.29.230.19","userAgent":"[APN/1.0 HashiCorp/1.0 Terraform/1.3.7 (+https://www.terraform.io) terraform-provider-aws/5.57.0 (+https://registry.terraform.io/providers/hashicorp/aws) aws-sdk-go-v2/1.30.1 os/linux lang/go#1.22.4 md/GOOS#linux md/GOARCH#amd64 api/s3#1.58.0]","errorCode":"NoSuchWebsiteConfiguration","errorMessage":"The specified bucket does not have a website configuration","requestParameters":{"bucketName":"meownitoringtmpbucket","website":"","Host":"meownitoringtmpbucket.s3.ap-southeast-1.amazonaws.com"},"responseElements":null,"additionalEventData":{"SignatureVersion":"SigV4","CipherSuite":"ECDHE-RSA-AES128-GCM-SHA256","bytesTransferredIn":0,"AuthenticationMethod":"AuthHeader","x-amz-id-2":"nRO1b4Wlp09Kmk2JCXiPuFo3/OeYaB7ZNwri3ZpIw3YkFrWnqc8CtKDFOfeMg+phcYOm+nvX4RrMwfW6OD5nSg==","bytesTransferredOut":360},"requestID":"SRP8ZKVQ4BZH5E15","eventID":"0e12e461-522e-4395-bf94-09682c58d48a","readOnly":true,"resources":[{"accountId":"637423240666","type":"AWS::S3::Bucket","ARN":"arn:aws:s3:::meownitoringtmpbucket"}],"eventType":"AwsApiCall","managementEvent":true,"recipientAccountId":"637423240666","eventCategory":"Management","tlsDetails":{"tlsVersion":"TLSv1.2","cipherSuite":"ECDHE-RSA-AES128-GCM-SHA256","clientProvidedHostHeader":"meownitoringtmpbucket.s3.ap-southeast-1.amazonaws.com"}},{"eventVersion":"1.09","userIdentity":{"type":"IAMUser","principalId":"AIDAZI2LCYXNLENAY2IQ3","arn":"arn:aws:iam::637423240666:user/dev","accountId":"637423240666","accessKeyId":"AKIAZI2LCYXNH4OISNEW","userName":"dev"},"eventTime":"2024-07-17T05:54:40Z","eventSource":"s3.amazonaws.com","eventName":"GetBucketRequestPayment","awsRegion":"ap-southeast-1","sourceIPAddress":"8.29.230.19","userAgent":"[APN/1.0 HashiCorp/1.0 Terraform/1.3.7 (+https://www.terraform.io) terraform-provider-aws/5.57.0 (+https://registry.terraform.io/providers/hashicorp/aws) aws-sdk-go-v2/1.30.1 os/linux lang/go#1.22.4 md/GOOS#linux md/GOARCH#amd64 api/s3#1.58.0]","requestParameters":{"bucketName":"meownitoringtmpbucket","Host":"meownitoringtmpbucket.s3.ap-southeast-1.amazonaws.com","requestPayment":""},"responseElements":null,"additionalEventData":{"SignatureVersion":"SigV4","CipherSuite":"ECDHE-RSA-AES128-GCM-SHA256","bytesTransferredIn":0,"AuthenticationMethod":"AuthHeader","x-amz-id-2":"+cvC4vAFTIMFqDfamhmgpGuWmU46uD7GjCaA9eC87vClaK4VqqGQWPDDQV11xj9J57XDXw3k2stHsCKfpTVJQQ==","bytesTransferredOut":172},"requestID":"3TR1GW430W5N01AF","eventID":"112903d1-0b72-42a5-b180-01446bb6a291","readOnly":true,"resources":[{"accountId":"637423240666","type":"AWS::S3::Bucket","ARN":"arn:aws:s3:::meownitoringtmpbucket"}],"eventType":"AwsApiCall","managementEvent":true,"recipientAccountId":"637423240666","eventCategory":"Management","tlsDetails":{"tlsVersion":"TLSv1.2","cipherSuite":"ECDHE-RSA-AES128-GCM-SHA256","clientProvidedHostHeader":"meownitoringtmpbucket.s3.ap-southeast-1.amazonaws.com"}},{"eventVersion":"1.09","userIdentity":{"type":"IAMUser","principalId":"AIDAZI2LCYXNLENAY2IQ3","arn":"arn:aws:iam::637423240666:user/dev","accountId":"637423240666","accessKeyId":"AKIAZI2LCYXNH4OISNEW","userName":"dev"},"eventTime":"2024-07-17T05:54:40Z","eventSource":"s3.amazonaws.com","eventName":"GetBucketReplication","awsRegion":"ap-southeast-1","sourceIPAddress":"8.29.230.19","userAgent":"[APN/1.0 HashiCorp/1.0 Terraform/1.3.7 (+https://www.terraform.io) terraform-provider-aws/5.57.0 (+https://registry.terraform.io/providers/hashicorp/aws) aws-sdk-go-v2/1.30.1 os/linux lang/go#1.22.4 md/GOOS#linux md/GOARCH#amd64 api/s3#1.58.0]","errorCode":"ReplicationConfigurationNotFoundError","errorMessage":"The replication configuration was not found","requestParameters":{"replication":"","bucketName":"meownitoringtmpbucket","Host":"meownitoringtmpbucket.s3.ap-southeast-1.amazonaws.com"},"responseElements":null,"additionalEventData":{"SignatureVersion":"SigV4","CipherSuite":"ECDHE-RSA-AES128-GCM-SHA256","bytesTransferredIn":0,"AuthenticationMethod":"AuthHeader","x-amz-id-2":"dzW6eBlUlrCWB+osy2me1kpwWCuufRLefsKkgILir0ThNwn1r9lqxIgCrmE96SpcTi0yRQo5iLKQkp0Hvd3cFw==","bytesTransferredOut":356},"requestID":"3TRC2AR91KFQYEC9","eventID":"748e9299-7c3b-4201-8e86-795d8bd0a8c2","readOnly":true,"resources":[{"accountId":"637423240666","type":"AWS::S3::Bucket","ARN":"arn:aws:s3:::meownitoringtmpbucket"}],"eventType":"AwsApiCall","managementEvent":true,"recipientAccountId":"637423240666","eventCategory":"Management","tlsDetails":{"tlsVersion":"TLSv1.2","cipherSuite":"ECDHE-RSA-AES128-GCM-SHA256","clientProvidedHostHeader":"meownitoringtmpbucket.s3.ap-southeast-1.amazonaws.com"}},{"eventVersion":"1.09","userIdentity":{"type":"IAMUser","principalId":"AIDAZI2LCYXNLENAY2IQ3","arn":"arn:aws:iam::637423240666:user/dev","accountId":"637423240666","accessKeyId":"AKIAZI2LCYXNH4OISNEW","userName":"dev"},"eventTime":"2024-07-17T05:54:39Z","eventSource":"s3.amazonaws.com","eventName":"GetBucketCors","awsRegion":"ap-southeast-1","sourceIPAddress":"8.29.230.19","userAgent":"[APN/1.0 HashiCorp/1.0 Terraform/1.3.7 (+https://www.terraform.io) terraform-provider-aws/5.57.0 (+https://registry.terraform.io/providers/hashicorp/aws) aws-sdk-go-v2/1.30.1 os/linux lang/go#1.22.4 md/GOOS#linux md/GOARCH#amd64 api/s3#1.58.0]","errorCode":"NoSuchCORSConfiguration","errorMessage":"The CORS configuration does not exist","requestParameters":{"bucketName":"meownitoringtmpbucket","Host":"meownitoringtmpbucket.s3.ap-southeast-1.amazonaws.com","cors":""},"responseElements":null,"additionalEventData":{"SignatureVersion":"SigV4","CipherSuite":"ECDHE-RSA-AES128-GCM-SHA256","bytesTransferredIn":0,"AuthenticationMethod":"AuthHeader","x-amz-id-2":"FekXrYm+q/5kN5XZJ78KJJXuC2kA13wWgW6fUTBwRNACxpuxcn+UMua/WfJ5KmxCQgR+oJw7mrDXWV95Wxe2Eg==","bytesTransferredOut":336},"requestID":"SRP31HWE6QDFKSAP","eventID":"ce3c16ed-05c8-4a83-8b14-29926e1aa61c","readOnly":true,"resources":[{"accountId":"637423240666","type":"AWS::S3::Bucket","ARN":"arn:aws:s3:::meownitoringtmpbucket"}],"eventType":"AwsApiCall","managementEvent":true,"recipientAccountId":"637423240666","eventCategory":"Management","tlsDetails":{"tlsVersion":"TLSv1.2","cipherSuite":"ECDHE-RSA-AES128-GCM-SHA256","clientProvidedHostHeader":"meownitoringtmpbucket.s3.ap-southeast-1.amazonaws.com"}},{"eventVersion":"1.09","userIdentity":{"type":"IAMUser","principalId":"AIDAZI2LCYXNLENAY2IQ3","arn":"arn:aws:iam::637423240666:user/dev","accountId":"637423240666","accessKeyId":"AKIAZI2LCYXNH4OISNEW","userName":"dev"},"eventTime":"2024-07-17T05:54:39Z","eventSource":"s3.amazonaws.com","eventName":"GetBucketAcl","awsRegion":"ap-southeast-1","sourceIPAddress":"8.29.230.19","userAgent":"[APN/1.0 HashiCorp/1.0 Terraform/1.3.7 (+https://www.terraform.io) terraform-provider-aws/5.57.0 (+https://registry.terraform.io/providers/hashicorp/aws) aws-sdk-go-v2/1.30.1 os/linux lang/go#1.22.4 md/GOOS#linux md/GOARCH#amd64 api/s3#1.58.0]","requestParameters":{"bucketName":"meownitoringtmpbucket","Host":"meownitoringtmpbucket.s3.ap-southeast-1.amazonaws.com","acl":""},"responseElements":null,"additionalEventData":{"SignatureVersion":"SigV4","CipherSuite":"ECDHE-RSA-AES128-GCM-SHA256","bytesTransferredIn":0,"AuthenticationMethod":"AuthHeader","x-amz-id-2":"sTz+NaHjonUHMn7+qo0V59oro1+YKl/XQxFkPlQiPGoakWLKhL0WvWJA9NQxo0DhXnEJrP3nY1Fk0IshhUHjsg==","bytesTransferredOut":584},"requestID":"SRP5M9NRZ72ZRJ61","eventID":"06a3d565-1630-4f41-9cf9-9f395dde0095","readOnly":true,"resources":[{"accountId":"637423240666","type":"AWS::S3::Bucket","ARN":"arn:aws:s3:::meownitoringtmpbucket"}],"eventType":"AwsApiCall","managementEvent":true,"recipientAccountId":"637423240666","eventCategory":"Management","tlsDetails":{"tlsVersion":"TLSv1.2","cipherSuite":"ECDHE-RSA-AES128-GCM-SHA256","clientProvidedHostHeader":"meownitoringtmpbucket.s3.ap-southeast-1.amazonaws.com"}},{"eventVersion":"1.09","userIdentity":{"type":"IAMUser","principalId":"AIDAZI2LCYXNLENAY2IQ3","arn":"arn:aws:iam::637423240666:user/dev","accountId":"637423240666","accessKeyId":"AKIAZI2LCYXNH4OISNEW","userName":"dev"},"eventTime":"2024-07-17T05:54:40Z","eventSource":"s3.amazonaws.com","eventName":"GetBucketEncryption","awsRegion":"ap-southeast-1","sourceIPAddress":"8.29.230.19","userAgent":"[APN/1.0 HashiCorp/1.0 Terraform/1.3.7 (+https://www.terraform.io) terraform-provider-aws/5.57.0 (+https://registry.terraform.io/providers/hashicorp/aws) aws-sdk-go-v2/1.30.1 os/linux lang/go#1.22.4 md/GOOS#linux md/GOARCH#amd64 api/s3#1.58.0]","requestParameters":{"bucketName":"meownitoringtmpbucket","Host":"meownitoringtmpbucket.s3.ap-southeast-1.amazonaws.com","encryption":""},"responseElements":null,"additionalEventData":{"SignatureVersion":"SigV4","CipherSuite":"ECDHE-RSA-AES128-GCM-SHA256","bytesTransferredIn":0,"AuthenticationMethod":"AuthHeader","x-amz-id-2":"T1I4NL8RhmqmUWKymB2bvNgCbUznEd7KU+p8jL8iT44O9TC6/H2orF1c5VGznrEK59MoraJnq3UCAuOo2I5iYA==","bytesTransferredOut":321},"requestID":"3TR9TBHHP0FEVRZ5","eventID":"92d00528-ff0c-45f6-a6f4-5b60382dbf8c","readOnly":true,"resources":[{"accountId":"637423240666","type":"AWS::S3::Bucket","ARN":"arn:aws:s3:::meownitoringtmpbucket"}],"eventType":"AwsApiCall","managementEvent":true,"recipientAccountId":"637423240666","eventCategory":"Management","tlsDetails":{"tlsVersion":"TLSv1.2","cipherSuite":"ECDHE-RSA-AES128-GCM-SHA256","clientProvidedHostHeader":"meownitoringtmpbucket.s3.ap-southeast-1.amazonaws.com"}},{"eventVersion":"1.09","userIdentity":{"type":"IAMUser","principalId":"AIDAZI2LCYXNLENAY2IQ3","arn":"arn:aws:iam::637423240666:user/dev","accountId":"637423240666","accessKeyId":"AKIAZI2LCYXNH4OISNEW","userName":"dev"},"eventTime":"2024-07-17T05:54:39Z","eventSource":"s3.amazonaws.com","eventName":"GetBucketVersioning","awsRegion":"ap-southeast-1","sourceIPAddress":"8.29.230.19","userAgent":"[APN/1.0 HashiCorp/1.0 Terraform/1.3.7 (+https://www.terraform.io) terraform-provider-aws/5.57.0 (+https://registry.terraform.io/providers/hashicorp/aws) aws-sdk-go-v2/1.30.1 os/linux lang/go#1.22.4 md/GOOS#linux md/GOARCH#amd64 api/s3#1.58.0]","requestParameters":{"bucketName":"meownitoringtmpbucket","Host":"meownitoringtmpbucket.s3.ap-southeast-1.amazonaws.com","versioning":""},"responseElements":null,"additionalEventData":{"SignatureVersion":"SigV4","CipherSuite":"ECDHE-RSA-AES128-GCM-SHA256","bytesTransferredIn":0,"AuthenticationMethod":"AuthHeader","x-amz-id-2":"GklZ19F149HCghgn7qA61aSrrzpaH2fYTqYuWot8o5l+DNKAAlsolkNFcvp0MrlzfKguMEe3Fdz6xYzNCpV+Ag==","bytesTransferredOut":113},"requestID":"SRP6AKKJSZBJJCHP","eventID":"1c8deea9-9d84-440f-b169-8f3c64045dab","readOnly":true,"resources":[{"accountId":"637423240666","type":"AWS::S3::Bucket","ARN":"arn:aws:s3:::meownitoringtmpbucket"}],"eventType":"AwsApiCall","managementEvent":true,"recipientAccountId":"637423240666","eventCategory":"Management","tlsDetails":{"tlsVersion":"TLSv1.2","cipherSuite":"ECDHE-RSA-AES128-GCM-SHA256","clientProvidedHostHeader":"meownitoringtmpbucket.s3.ap-southeast-1.amazonaws.com"}},{"eventVersion":"1.09","userIdentity":{"type":"IAMUser","principalId":"AIDAZI2LCYXNLENAY2IQ3","arn":"arn:aws:iam::637423240666:user/dev","accountId":"637423240666","accessKeyId":"AKIAZI2LCYXNH4OISNEW","userName":"dev"},"eventTime":"2024-07-17T05:54:40Z","eventSource":"s3.amazonaws.com","eventName":"GetBucketObjectLockConfiguration","awsRegion":"ap-southeast-1","sourceIPAddress":"8.29.230.19","userAgent":"[APN/1.0 HashiCorp/1.0 Terraform/1.3.7 (+https://www.terraform.io) terraform-provider-aws/5.57.0 (+https://registry.terraform.io/providers/hashicorp/aws) aws-sdk-go-v2/1.30.1 os/linux lang/go#1.22.4 md/GOOS#linux md/GOARCH#amd64 api/s3#1.58.0]","errorCode":"ObjectLockConfigurationNotFoundError","errorMessage":"Object Lock configuration does not exist for this bucket","requestParameters":{"bucketName":"meownitoringtmpbucket","object-lock":"","Host":"meownitoringtmpbucket.s3.ap-southeast-1.amazonaws.com"},"responseElements":null,"additionalEventData":{"SignatureVersion":"SigV4","CipherSuite":"ECDHE-RSA-AES128-GCM-SHA256","bytesTransferredIn":0,"AuthenticationMethod":"AuthHeader","x-amz-id-2":"LEscWKvBmoSfqq4ajBqLsAUwO2tW8OivgkCOCaysXLatiTrxq6fgef/iCmMr5sMiRBQC0HJiqPEsK96e7kSZNw==","bytesTransferredOut":368},"requestID":"3TR7R4NH6TM79CZ5","eventID":"e5f79198-2d29-443f-813b-5747080eef3b","readOnly":true,"resources":[{"accountId":"637423240666","type":"AWS::S3::Bucket","ARN":"arn:aws:s3:::meownitoringtmpbucket"}],"eventType":"AwsApiCall","managementEvent":true,"recipientAccountId":"637423240666","eventCategory":"Management","tlsDetails":{"tlsVersion":"TLSv1.2","cipherSuite":"ECDHE-RSA-AES128-GCM-SHA256","clientProvidedHostHeader":"meownitoringtmpbucket.s3.ap-southeast-1.amazonaws.com"}},{"eventVersion":"1.09","userIdentity":{"type":"IAMUser","principalId":"AIDAZI2LCYXNLENAY2IQ3","arn":"arn:aws:iam::637423240666:user/dev","accountId":"637423240666","accessKeyId":"AKIAZI2LCYXNH4OISNEW","userName":"dev"},"eventTime":"2024-07-17T05:54:40Z","eventSource":"s3.amazonaws.com","eventName":"GetBucketLogging","awsRegion":"ap-southeast-1","sourceIPAddress":"8.29.230.19","userAgent":"[APN/1.0 HashiCorp/1.0 Terraform/1.3.7 (+https://www.terraform.io) terraform-provider-aws/5.57.0 (+https://registry.terraform.io/providers/hashicorp/aws) aws-sdk-go-v2/1.30.1 os/linux lang/go#1.22.4 md/GOOS#linux md/GOARCH#amd64 api/s3#1.58.0]","requestParameters":{"logging":"","bucketName":"meownitoringtmpbucket","Host":"meownitoringtmpbucket.s3.ap-southeast-1.amazonaws.com"},"responseElements":null,"additionalEventData":{"SignatureVersion":"SigV4","CipherSuite":"ECDHE-RSA-AES128-GCM-SHA256","bytesTransferredIn":0,"AuthenticationMethod":"AuthHeader","x-amz-id-2":"LgmckSMqNAkt7ufGdxFcMeWweAA0Qwmc8StwxQDwLlQy32GPXEApTitIoKoKVbgHoUzbXN3VWPlKarZ9jKl/5Q==","bytesTransferredOut":289},"requestID":"3TRBAKZM5JQY4NH6","eventID":"6d02b0b8-7da4-4a77-95de-ecc227806ac8","readOnly":true,"resources":[{"accountId":"637423240666","type":"AWS::S3::Bucket","ARN":"arn:aws:s3:::meownitoringtmpbucket"}],"eventType":"AwsApiCall","managementEvent":true,"recipientAccountId":"637423240666","eventCategory":"Management","tlsDetails":{"tlsVersion":"TLSv1.2","cipherSuite":"ECDHE-RSA-AES128-GCM-SHA256","clientProvidedHostHeader":"meownitoringtmpbucket.s3.ap-southeast-1.amazonaws.com"}},{"eventVersion":"1.09","userIdentity":{"type":"IAMUser","principalId":"AIDAZI2LCYXNLENAY2IQ3","arn":"arn:aws:iam::637423240666:user/dev","accountId":"637423240666","accessKeyId":"AKIAZI2LCYXNH4OISNEW","userName":"dev"},"eventTime":"2024-07-17T05:54:40Z","eventSource":"s3.amazonaws.com","eventName":"GetBucketTagging","awsRegion":"ap-southeast-1","sourceIPAddress":"8.29.230.19","userAgent":"[APN/1.0 HashiCorp/1.0 Terraform/1.3.7 (+https://www.terraform.io) terraform-provider-aws/5.57.0 (+https://registry.terraform.io/providers/hashicorp/aws) aws-sdk-go-v2/1.30.1 os/linux lang/go#1.22.4 md/GOOS#linux md/GOARCH#amd64 api/s3#1.58.0]","errorCode":"NoSuchTagSet","errorMessage":"The TagSet does not exist","requestParameters":{"tagging":"","bucketName":"meownitoringtmpbucket","Host":"meownitoringtmpbucket.s3.ap-southeast-1.amazonaws.com"},"responseElements":null,"additionalEventData":{"SignatureVersion":"SigV4","CipherSuite":"ECDHE-RSA-AES128-GCM-SHA256","bytesTransferredIn":0,"AuthenticationMethod":"AuthHeader","x-amz-id-2":"dHUqeQ6LfGNjTnKq/tyx5rg5T3PagxpWIVZAhUVloxbBXPhH6SjDlgTBnKP92K1AIbuD7wAuexDZ54gpev1stw==","bytesTransferredOut":313},"requestID":"3TRBW0EKXGFFKG3Y","eventID":"b8bc338b-4bb2-4952-ba2a-6c3fca2061ec","readOnly":true,"resources":[{"accountId":"637423240666","type":"AWS::S3::Bucket","ARN":"arn:aws:s3:::meownitoringtmpbucket"}],"eventType":"AwsApiCall","managementEvent":true,"recipientAccountId":"637423240666","eventCategory":"Management","tlsDetails":{"tlsVersion":"TLSv1.2","cipherSuite":"ECDHE-RSA-AES128-GCM-SHA256","clientProvidedHostHeader":"meownitoringtmpbucket.s3.ap-southeast-1.amazonaws.com"}},{"eventVersion":"1.09","userIdentity":{"type":"IAMUser","principalId":"AIDAZI2LCYXNLENAY2IQ3","arn":"arn:aws:iam::637423240666:user/dev","accountId":"637423240666","accessKeyId":"AKIAZI2LCYXNH4OISNEW","userName":"dev"},"eventTime":"2024-07-17T05:54:40Z","eventSource":"s3.amazonaws.com","eventName":"GetBucketLifecycle","awsRegion":"ap-southeast-1","sourceIPAddress":"8.29.230.19","userAgent":"[APN/1.0 HashiCorp/1.0 Terraform/1.3.7 (+https://www.terraform.io) terraform-provider-aws/5.57.0 (+https://registry.terraform.io/providers/hashicorp/aws) aws-sdk-go-v2/1.30.1 os/linux lang/go#1.22.4 md/GOOS#linux md/GOARCH#amd64 api/s3#1.58.0]","errorCode":"NoSuchLifecycleConfiguration","errorMessage":"The lifecycle configuration does not exist","requestParameters":{"lifecycle":"","bucketName":"meownitoringtmpbucket","Host":"meownitoringtmpbucket.s3.ap-southeast-1.amazonaws.com"},"responseElements":null,"additionalEventData":{"SignatureVersion":"SigV4","CipherSuite":"ECDHE-RSA-AES128-GCM-SHA256","bytesTransferredIn":0,"AuthenticationMethod":"AuthHeader","x-amz-id-2":"ys4NdeJPStIA63UnEUk0JNk7/WmTX8XLJ61CFMw/0fn4h1zEgQy2CBPFEXLOky3rhDjJKEwNG5VhVUYZYjtGgQ==","bytesTransferredOut":307},"requestID":"3TRF1SAZGFA32E78","eventID":"3235ad00-558a-4682-83b0-1448c135b785","readOnly":true,"resources":[{"accountId":"637423240666","type":"AWS::S3::Bucket","ARN":"arn:aws:s3:::meownitoringtmpbucket"}],"eventType":"AwsApiCall","managementEvent":true,"recipientAccountId":"637423240666","eventCategory":"Management","tlsDetails":{"tlsVersion":"TLSv1.2","cipherSuite":"ECDHE-RSA-AES128-GCM-SHA256","clientProvidedHostHeader":"meownitoringtmpbucket.s3.ap-southeast-1.amazonaws.com"}},{"eventVersion":"1.09","userIdentity":{"type":"IAMUser","principalId":"AIDAZI2LCYXNLENAY2IQ3","arn":"arn:aws:iam::637423240666:user/dev","accountId":"637423240666","accessKeyId":"AKIAZI2LCYXNH4OISNEW","userName":"dev"},"eventTime":"2024-07-17T05:54:40Z","eventSource":"s3.amazonaws.com","eventName":"GetAccelerateConfiguration","awsRegion":"ap-southeast-1","sourceIPAddress":"8.29.230.19","userAgent":"[APN/1.0 HashiCorp/1.0 Terraform/1.3.7 (+https://www.terraform.io) terraform-provider-aws/5.57.0 (+https://registry.terraform.io/providers/hashicorp/aws) aws-sdk-go-v2/1.30.1 os/linux lang/go#1.22.4 md/GOOS#linux md/GOARCH#amd64 api/s3#1.58.0]","requestParameters":{"accelerate":"","bucketName":"meownitoringtmpbucket","Host":"meownitoringtmpbucket.s3.ap-southeast-1.amazonaws.com"},"responseElements":null,"additionalEventData":{"SignatureVersion":"SigV4","CipherSuite":"ECDHE-RSA-AES128-GCM-SHA256","bytesTransferredIn":0,"AuthenticationMethod":"AuthHeader","x-amz-id-2":"Ow5MUkAM73cN5ZEnorOhwj3Q1mmfeEtbWLz52XI9CSuLlutuMKA7sbZL75Lp3YJDGyqaIWM2IzdEaS1hLor89g==","bytesTransferredOut":113},"requestID":"3TRE5SY1M4RTQ5NY","eventID":"526edc64-f526-4c03-a8ed-62e457a81e7b","readOnly":true,"resources":[{"accountId":"637423240666","type":"AWS::S3::Bucket","ARN":"arn:aws:s3:::meownitoringtmpbucket"}],"eventType":"AwsApiCall","managementEvent":true,"recipientAccountId":"637423240666","eventCategory":"Management","tlsDetails":{"tlsVersion":"TLSv1.2","cipherSuite":"ECDHE-RSA-AES128-GCM-SHA256","clientProvidedHostHeader":"meownitoringtmpbucket.s3.ap-southeast-1.amazonaws.com"}},{"eventVersion":"1.09","userIdentity":{"type":"IAMUser","principalId":"AIDAZI2LCYXNLENAY2IQ3","arn":"arn:aws:iam::637423240666:user/dev","accountId":"637423240666","accessKeyId":"AKIAZI2LCYXNH4OISNEW","userName":"dev"},"eventTime":"2024-07-17T05:54:42Z","eventSource":"s3.amazonaws.com","eventName":"GetBucketPolicy","awsRegion":"ap-southeast-1","sourceIPAddress":"8.29.230.19","userAgent":"[APN/1.0 HashiCorp/1.0 Terraform/1.3.7 (+https://www.terraform.io) terraform-provider-aws/5.57.0 (+https://registry.terraform.io/providers/hashicorp/aws) aws-sdk-go-v2/1.30.1 os/linux lang/go#1.22.4 md/GOOS#linux md/GOARCH#amd64 api/s3#1.58.0]","requestParameters":{"bucketName":"meownitoring2024trailbucket","Host":"meownitoring2024trailbucket.s3.ap-southeast-1.amazonaws.com","policy":""},"responseElements":null,"additionalEventData":{"SignatureVersion":"SigV4","CipherSuite":"TLS_AES_128_GCM_SHA256","bytesTransferredIn":0,"AuthenticationMethod":"AuthHeader","x-amz-id-2":"trHzd2zYG9C9niE7N5DmrH+ecGsVQ+JoYQzphy0SWijzdNhvWccy5qo/RIfUBwpoA4I/KPxUY7k=","bytesTransferredOut":695},"requestID":"7Z5F7SRJSF5KETNV","eventID":"70c17f8c-baff-4748-a38e-a0602bb11c83","readOnly":true,"resources":[{"accountId":"637423240666","type":"AWS::S3::Bucket","ARN":"arn:aws:s3:::meownitoring2024trailbucket"}],"eventType":"AwsApiCall","managementEvent":true,"recipientAccountId":"637423240666","eventCategory":"Management","tlsDetails":{"tlsVersion":"TLSv1.3","cipherSuite":"TLS_AES_128_GCM_SHA256","clientProvidedHostHeader":"meownitoring2024trailbucket.s3.ap-southeast-1.amazonaws.com"}},{"eventVersion":"1.08","userIdentity":{"type":"IAMUser","principalId":"AIDAZI2LCYXNLENAY2IQ3","arn":"arn:aws:iam::637423240666:user/dev","accountId":"637423240666","accessKeyId":"AKIAZI2LCYXNH4OISNEW","userName":"dev"},"eventTime":"2024-07-17T05:54:42Z","eventSource":"lambda.amazonaws.com","eventName":"ListVersionsByFunction20150331","awsRegion":"ap-southeast-1","sourceIPAddress":"8.29.230.19","userAgent":"APN/1.0 HashiCorp/1.0 Terraform/1.3.7 (+https://www.terraform.io) terraform-provider-aws/5.57.0 (+https://registry.terraform.io/providers/hashicorp/aws) m/C aws-sdk-go-v2/1.30.1 os/linux lang/go#1.22.4 md/GOOS#linux md/GOARCH#amd64 api/lambda#1.56.1","requestParameters":{"functionName":"processor","maxItems":10000},"responseElements":null,"requestID":"8b422ef9-dc81-47b7-873a-ae0c607ad9d1","eventID":"d4a9d1ba-4647-431a-b5ef-e927e756d593","readOnly":true,"eventType":"AwsApiCall","managementEvent":true,"recipientAccountId":"637423240666","eventCategory":"Management","tlsDetails":{"tlsVersion":"TLSv1.3","cipherSuite":"TLS_AES_128_GCM_SHA256","clientProvidedHostHeader":"lambda.ap-southeast-1.amazonaws.com"}},{"eventVersion":"1.08","userIdentity":{"type":"IAMUser","principalId":"AIDAZI2LCYXNLENAY2IQ3","arn":"arn:aws:iam::637423240666:user/dev","accountId":"637423240666","accessKeyId":"AKIAZI2LCYXNH4OISNEW","userName":"dev"},"eventTime":"2024-07-17T05:54:42Z","eventSource":"lambda.amazonaws.com","eventName":"GetFunction20150331v2","awsRegion":"ap-southeast-1","sourceIPAddress":"8.29.230.19","userAgent":"APN/1.0 HashiCorp/1.0 Terraform/1.3.7 (+https://www.terraform.io) terraform-provider-aws/5.57.0 (+https://registry.terraform.io/providers/hashicorp/aws) aws-sdk-go-v2/1.30.1 os/linux lang/go#1.22.4 md/GOOS#linux md/GOARCH#amd64 api/lambda#1.56.1","requestParameters":{"functionName":"processor"},"responseElements":null,"requestID":"6ac19357-0421-4651-b31f-07dd9d295f85","eventID":"be058720-cd2d-4ff4-8f7a-2ba172cec79a","readOnly":true,"eventType":"AwsApiCall","managementEvent":true,"recipientAccountId":"637423240666","eventCategory":"Management","tlsDetails":{"tlsVersion":"TLSv1.3","cipherSuite":"TLS_AES_128_GCM_SHA256","clientProvidedHostHeader":"lambda.ap-southeast-1.amazonaws.com"}},{"eventVersion":"1.09","userIdentity":{"type":"IAMUser","principalId":"AIDAZI2LCYXNLENAY2IQ3","arn":"arn:aws:iam::637423240666:user/dev","accountId":"637423240666","accessKeyId":"AKIAZI2LCYXNH4OISNEW","userName":"dev"},"eventTime":"2024-07-17T05:54:42Z","eventSource":"apigateway.amazonaws.com","eventName":"GetApi","awsRegion":"ap-southeast-1","sourceIPAddress":"8.29.230.19","userAgent":"APN/1.0 HashiCorp/1.0 Terraform/1.3.7 (+https://www.terraform.io) terraform-provider-aws/5.57.0 (+https://registry.terraform.io/providers/hashicorp/aws) aws-sdk-go-v2/1.30.1 os/linux lang/go#1.22.4 md/GOOS#linux md/GOARCH#amd64 api/apigatewayv2#1.22.1","requestParameters":{"apiId":"pxzfkfmjo7"},"responseElements":null,"requestID":"325ca96c-9526-4f7c-8747-5068eaa97d57","eventID":"923e8a90-8c83-4571-a1f4-eb8c530389d9","readOnly":true,"eventType":"AwsApiCall","managementEvent":true,"recipientAccountId":"637423240666","eventCategory":"Management"},{"eventVersion":"1.09","userIdentity":{"type":"IAMUser","principalId":"AIDAZI2LCYXNLENAY2IQ3","arn":"arn:aws:iam::637423240666:user/dev","accountId":"637423240666","accessKeyId":"AKIAZI2LCYXNH4OISNEW","userName":"dev"},"eventTime":"2024-07-17T05:54:39Z","eventSource":"apigateway.amazonaws.com","eventName":"GetApi","awsRegion":"ap-southeast-1","sourceIPAddress":"8.29.230.19","userAgent":"APN/1.0 HashiCorp/1.0 Terraform/1.3.7 (+https://www.terraform.io) terraform-provider-aws/5.57.0 (+https://registry.terraform.io/providers/hashicorp/aws) aws-sdk-go-v2/1.30.1 os/linux lang/go#1.22.4 md/GOOS#linux md/GOARCH#amd64 api/apigatewayv2#1.22.1","requestParameters":{"apiId":"pxzfkfmjo7"},"responseElements":null,"requestID":"40a5baa7-b222-4c56-991e-755f68311933","eventID":"dc627d93-8e4e-4fd7-9cb5-144a3f9a3493","readOnly":true,"eventType":"AwsApiCall","managementEvent":true,"recipientAccountId":"637423240666","eventCategory":"Management"},{"eventVersion":"1.08","userIdentity":{"type":"IAMUser","principalId":"AIDAZI2LCYXNLENAY2IQ3","arn":"arn:aws:iam::637423240666:user/dev","accountId":"637423240666","accessKeyId":"AKIAZI2LCYXNH4OISNEW","userName":"dev"},"eventTime":"2024-07-17T05:54:42Z","eventSource":"lambda.amazonaws.com","eventName":"GetFunctionCodeSigningConfig","awsRegion":"ap-southeast-1","sourceIPAddress":"8.29.230.19","userAgent":"APN/1.0 HashiCorp/1.0 Terraform/1.3.7 (+https://www.terraform.io) terraform-provider-aws/5.57.0 (+https://registry.terraform.io/providers/hashicorp/aws) aws-sdk-go-v2/1.30.1 os/linux lang/go#1.22.4 md/GOOS#linux md/GOARCH#amd64 api/lambda#1.56.1","requestParameters":{"functionName":"debug-logs-compiler"},"responseElements":null,"requestID":"e5df93e3-168a-4e49-86a7-f795f24ad32f","eventID":"8586a029-cc3d-4c25-b215-862362d575c9","readOnly":true,"eventType":"AwsApiCall","managementEvent":true,"recipientAccountId":"637423240666","eventCategory":"Management","tlsDetails":{"tlsVersion":"TLSv1.3","cipherSuite":"TLS_AES_128_GCM_SHA256","clientProvidedHostHeader":"lambda.ap-southeast-1.amazonaws.com"}},{"eventVersion":"1.08","userIdentity":{"type":"IAMUser","principalId":"AIDAZI2LCYXNLENAY2IQ3","arn":"arn:aws:iam::637423240666:user/dev","accountId":"637423240666","accessKeyId":"AKIAZI2LCYXNH4OISNEW","userName":"dev"},"eventTime":"2024-07-17T05:54:42Z","eventSource":"lambda.amazonaws.com","eventName":"GetPolicy20150331v2","awsRegion":"ap-southeast-1","sourceIPAddress":"8.29.230.19","userAgent":"APN/1.0 HashiCorp/1.0 Terraform/1.3.7 (+https://www.terraform.io) terraform-provider-aws/5.57.0 (+https://registry.terraform.io/providers/hashicorp/aws) aws-sdk-go-v2/1.30.1 os/linux lang/go#1.22.4 md/GOOS#linux md/GOARCH#amd64 api/lambda#1.56.1","requestParameters":{"functionName":"processor"},"responseElements":null,"requestID":"1f58add3-f502-4471-b085-fe00ff3f0dd1","eventID":"0aac2b7d-59fe-4991-8ae1-3c17885f5bde","readOnly":true,"eventType":"AwsApiCall","managementEvent":true,"recipientAccountId":"637423240666","eventCategory":"Management","tlsDetails":{"tlsVersion":"TLSv1.3","cipherSuite":"TLS_AES_128_GCM_SHA256","clientProvidedHostHeader":"lambda.ap-southeast-1.amazonaws.com"}},{"eventVersion":"1.09","userIdentity":{"type":"IAMUser","principalId":"AIDAZI2LCYXNLENAY2IQ3","arn":"arn:aws:iam::637423240666:user/dev","accountId":"637423240666","accessKeyId":"AKIAZI2LCYXNH4OISNEW","userName":"dev"},"eventTime":"2024-07-17T05:54:42Z","eventSource":"logs.amazonaws.com","eventName":"DescribeLogGroups","awsRegion":"ap-southeast-1","sourceIPAddress":"8.29.230.19","userAgent":"APN/1.0 HashiCorp/1.0 Terraform/1.3.7 (+https://www.terraform.io) terraform-provider-aws/5.57.0 (+https://registry.terraform.io/providers/hashicorp/aws) m/C aws-sdk-go-v2/1.30.1 os/linux lang/go#1.22.4 md/GOOS#linux md/GOARCH#amd64 api/cloudwatchlogs#1.37.1","requestParameters":{"logGroupNamePrefix":"/aws/lambda/debug-logs-compiler"},"responseElements":null,"requestID":"b76cebd2-0527-4791-924c-9fd7315b0bc0","eventID":"6876ef87-9898-4ca5-a7f6-9970e8507c6a","readOnly":true,"resources":[{"accountId":"637423240666","type":"AWS::Logs::LogGroup","ARN":"arn:aws:logs:ap-southeast-1:637423240666:log-group:/aws/lambda/debug-logs-compiler"}],"eventType":"AwsApiCall","apiVersion":"20140328","managementEvent":true,"recipientAccountId":"637423240666","eventCategory":"Management","tlsDetails":{"tlsVersion":"TLSv1.3","cipherSuite":"TLS_AES_128_GCM_SHA256","clientProvidedHostHeader":"logs.ap-southeast-1.amazonaws.com"}},{"eventVersion":"1.09","userIdentity":{"type":"IAMUser","principalId":"AIDAZI2LCYXNLENAY2IQ3","arn":"arn:aws:iam::637423240666:user/dev","accountId":"637423240666","accessKeyId":"AKIAZI2LCYXNH4OISNEW","userName":"dev"},"eventTime":"2024-07-17T05:54:43Z","eventSource":"logs.amazonaws.com","eventName":"ListTagsForResource","awsRegion":"ap-southeast-1","sourceIPAddress":"8.29.230.19","userAgent":"APN/1.0 HashiCorp/1.0 Terraform/1.3.7 (+https://www.terraform.io) terraform-provider-aws/5.57.0 (+https://registry.terraform.io/providers/hashicorp/aws) aws-sdk-go-v2/1.30.1 os/linux lang/go#1.22.4 md/GOOS#linux md/GOARCH#amd64 api/cloudwatchlogs#1.37.1","requestParameters":{"resourceArn":"arn:aws:logs:ap-southeast-1:637423240666:log-group:/aws/lambda/debug-logs-compiler"},"responseElements":null,"requestID":"e5e52480-8877-457d-8cbb-59e7e89f1e73","eventID":"ebe4e9e0-59ee-4243-86ce-4583f06070e8","readOnly":true,"eventType":"AwsApiCall","apiVersion":"20140328","managementEvent":true,"recipientAccountId":"637423240666","eventCategory":"Management","tlsDetails":{"tlsVersion":"TLSv1.3","cipherSuite":"TLS_AES_128_GCM_SHA256","clientProvidedHostHeader":"logs.ap-southeast-1.amazonaws.com"}},{"eventVersion":"1.09","userIdentity":{"type":"IAMUser","principalId":"AIDAZI2LCYXNLENAY2IQ3","arn":"arn:aws:iam::637423240666:user/dev","accountId":"637423240666","accessKeyId":"AKIAZI2LCYXNH4OISNEW","userName":"dev"},"eventTime":"2024-07-17T05:54:43Z","eventSource":"logs.amazonaws.com","eventName":"GetDataProtectionPolicy","awsRegion":"ap-southeast-1","sourceIPAddress":"8.29.230.19","userAgent":"APN/1.0 HashiCorp/1.0 Terraform/1.3.7 (+https://www.terraform.io) terraform-provider-aws/5.57.0 (+https://registry.terraform.io/providers/hashicorp/aws) aws-sdk-go-v2/1.30.1 os/linux lang/go#1.22.4 md/GOOS#linux md/GOARCH#amd64 api/cloudwatchlogs#1.37.1","requestParameters":{"logGroupIdentifier":"/aws/lambda/debug-logs-compiler"},"responseElements":null,"requestID":"ac1cc9f2-e351-4890-b1fd-51ec46eace9a","eventID":"382ebc13-44d5-4650-845a-f488ee10e710","readOnly":true,"resources":[{"accountId":"637423240666","type":"AWS::Logs::LogGroup","ARN":"arn:aws:logs:ap-southeast-1:637423240666:log-group:/aws/lambda/debug-logs-compiler:log-stream:"}],"eventType":"AwsApiCall","apiVersion":"20140328","managementEvent":true,"recipientAccountId":"637423240666","eventCategory":"Management","tlsDetails":{"tlsVersion":"TLSv1.3","cipherSuite":"TLS_AES_128_GCM_SHA256","clientProvidedHostHeader":"logs.ap-southeast-1.amazonaws.com"}},{"eventVersion":"1.09","userIdentity":{"type":"IAMUser","principalId":"AIDAZI2LCYXNLENAY2IQ3","arn":"arn:aws:iam::637423240666:user/dev","accountId":"637423240666","accessKeyId":"AKIAZI2LCYXNH4OISNEW","userName":"dev"},"eventTime":"2024-07-17T05:54:42Z","eventSource":"apigateway.amazonaws.com","eventName":"GetRoute","awsRegion":"ap-southeast-1","sourceIPAddress":"8.29.230.19","userAgent":"APN/1.0 HashiCorp/1.0 Terraform/1.3.7 (+https://www.terraform.io) terraform-provider-aws/5.57.0 (+https://registry.terraform.io/providers/hashicorp/aws) aws-sdk-go-v2/1.30.1 os/linux lang/go#1.22.4 md/GOOS#linux md/GOARCH#amd64 api/apigatewayv2#1.22.1","requestParameters":{"routeId":"id6oeig","apiId":"pxzfkfmjo7"},"responseElements":null,"requestID":"0d573b44-ea14-4036-846e-c68b2b529e7d","eventID":"f0133a57-14db-44c1-a3f9-14c970cfc25a","readOnly":true,"eventType":"AwsApiCall","managementEvent":true,"recipientAccountId":"637423240666","eventCategory":"Management"},{"eventVersion":"1.08","userIdentity":{"type":"IAMUser","principalId":"AIDAZI2LCYXNLENAY2IQ3","arn":"arn:aws:iam::637423240666:user/dev","accountId":"637423240666","accessKeyId":"AKIAZI2LCYXNH4OISNEW","userName":"dev"},"eventTime":"2024-07-17T05:54:42Z","eventSource":"lambda.amazonaws.com","eventName":"GetFunction20150331v2","awsRegion":"ap-southeast-1","sourceIPAddress":"8.29.230.19","userAgent":"APN/1.0 HashiCorp/1.0 Terraform/1.3.7 (+https://www.terraform.io) terraform-provider-aws/5.57.0 (+https://registry.terraform.io/providers/hashicorp/aws) aws-sdk-go-v2/1.30.1 os/linux lang/go#1.22.4 md/GOOS#linux md/GOARCH#amd64 api/lambda#1.56.1","requestParameters":{"functionName":"debug-logs-compiler"},"responseElements":null,"requestID":"42be2614-b918-445a-9d38-271e4afe02b7","eventID":"596c43b2-cc52-4741-99b0-7edb9baa5488","readOnly":true,"eventType":"AwsApiCall","managementEvent":true,"recipientAccountId":"637423240666","eventCategory":"Management","tlsDetails":{"tlsVersion":"TLSv1.3","cipherSuite":"TLS_AES_128_GCM_SHA256","clientProvidedHostHeader":"lambda.ap-southeast-1.amazonaws.com"}},{"eventVersion":"1.09","userIdentity":{"type":"IAMUser","principalId":"AIDAZI2LCYXNLENAY2IQ3","arn":"arn:aws:iam::637423240666:user/dev","accountId":"637423240666","accessKeyId":"AKIAZI2LCYXNH4OISNEW","userName":"dev"},"eventTime":"2024-07-17T05:54:42Z","eventSource":"apigateway.amazonaws.com","eventName":"GetStage","awsRegion":"ap-southeast-1","sourceIPAddress":"8.29.230.19","userAgent":"APN/1.0 HashiCorp/1.0 Terraform/1.3.7 (+https://www.terraform.io) terraform-provider-aws/5.57.0 (+https://registry.terraform.io/providers/hashicorp/aws) aws-sdk-go-v2/1.30.1 os/linux lang/go#1.22.4 md/GOOS#linux md/GOARCH#amd64 api/apigatewayv2#1.22.1","requestParameters":{"stageName":"0c39562660b39d7","apiId":"pxzfkfmjo7"},"responseElements":null,"requestID":"32bd9211-4672-4ac1-a6c5-2a9988170a56","eventID":"0f637598-a6f9-4cd1-8571-751e7e178853","readOnly":true,"eventType":"AwsApiCall","managementEvent":true,"recipientAccountId":"637423240666","eventCategory":"Management"},{"eventVersion":"1.09","userIdentity":{"type":"IAMUser","principalId":"AIDAZI2LCYXNLENAY2IQ3","arn":"arn:aws:iam::637423240666:user/dev","accountId":"637423240666","accessKeyId":"AKIAZI2LCYXNH4OISNEW","userName":"dev"},"eventTime":"2024-07-17T05:54:42Z","eventSource":"apigateway.amazonaws.com","eventName":"GetIntegration","awsRegion":"ap-southeast-1","sourceIPAddress":"8.29.230.19","userAgent":"APN/1.0 HashiCorp/1.0 Terraform/1.3.7 (+https://www.terraform.io) terraform-provider-aws/5.57.0 (+https://registry.terraform.io/providers/hashicorp/aws) aws-sdk-go-v2/1.30.1 os/linux lang/go#1.22.4 md/GOOS#linux md/GOARCH#amd64 api/apigatewayv2#1.22.1","requestParameters":{"integrationId":"9wo8sps","apiId":"pxzfkfmjo7"},"responseElements":null,"requestID":"e52240a6-112f-429b-839a-d7740ed17b09","eventID":"0615efb5-a902-45de-b1bf-c1f0f34cb537","readOnly":true,"eventType":"AwsApiCall","managementEvent":true,"recipientAccountId":"637423240666","eventCategory":"Management"},{"eventVersion":"1.08","userIdentity":{"type":"IAMUser","principalId":"AIDAZI2LCYXNLENAY2IQ3","arn":"arn:aws:iam::637423240666:user/dev","accountId":"637423240666","accessKeyId":"AKIAZI2LCYXNH4OISNEW","userName":"dev"},"eventTime":"2024-07-17T05:54:42Z","eventSource":"lambda.amazonaws.com","eventName":"ListVersionsByFunction20150331","awsRegion":"ap-southeast-1","sourceIPAddress":"8.29.230.19","userAgent":"APN/1.0 HashiCorp/1.0 Terraform/1.3.7 (+https://www.terraform.io) terraform-provider-aws/5.57.0 (+https://registry.terraform.io/providers/hashicorp/aws) m/C aws-sdk-go-v2/1.30.1 os/linux lang/go#1.22.4 md/GOOS#linux md/GOARCH#amd64 api/lambda#1.56.1","requestParameters":{"functionName":"debug-logs-compiler","maxItems":10000},"responseElements":null,"requestID":"fbac4620-8ebf-4c6d-b828-3ad2ed948582","eventID":"bd79af68-b6e3-4344-a260-77265c071cd5","readOnly":true,"eventType":"AwsApiCall","managementEvent":true,"recipientAccountId":"637423240666","eventCategory":"Management","tlsDetails":{"tlsVersion":"TLSv1.3","cipherSuite":"TLS_AES_128_GCM_SHA256","clientProvidedHostHeader":"lambda.ap-southeast-1.amazonaws.com"}},{"eventVersion":"1.08","userIdentity":{"type":"IAMUser","principalId":"AIDAZI2LCYXNLENAY2IQ3","arn":"arn:aws:iam::637423240666:user/dev","accountId":"637423240666","accessKeyId":"AKIAZI2LCYXNH4OISNEW","userName":"dev"},"eventTime":"2024-07-17T05:54:42Z","eventSource":"lambda.amazonaws.com","eventName":"GetFunctionCodeSigningConfig","awsRegion":"ap-southeast-1","sourceIPAddress":"8.29.230.19","userAgent":"APN/1.0 HashiCorp/1.0 Terraform/1.3.7 (+https://www.terraform.io) terraform-provider-aws/5.57.0 (+https://registry.terraform.io/providers/hashicorp/aws) aws-sdk-go-v2/1.30.1 os/linux lang/go#1.22.4 md/GOOS#linux md/GOARCH#amd64 api/lambda#1.56.1","requestParameters":{"functionName":"processor"},"responseElements":null,"requestID":"cf87e8e7-f823-478f-a9ca-e5988322d7dd","eventID":"2578cb7a-5cd6-450c-ab7c-9ba880083fce","readOnly":true,"eventType":"AwsApiCall","managementEvent":true,"recipientAccountId":"637423240666","eventCategory":"Management","tlsDetails":{"tlsVersion":"TLSv1.3","cipherSuite":"TLS_AES_128_GCM_SHA256","clientProvidedHostHeader":"lambda.ap-southeast-1.amazonaws.com"}}]}