{"Records":[{"eventVersion":"1.08","userIdentity":{"type":"IAMUser","principalId":"AIDAZI2LCYXNLENAY2IQ3","arn":"arn:aws:iam::637423240666:user/dev","accountId":"637423240666","accessKeyId":"AKIAZI2LCYXNH4OISNEW","userName":"dev"},"eventTime":"2024-07-17T05:51:16Z","eventSource":"sts.amazonaws.com","eventName":"GetCallerIdentity","awsRegion":"ap-southeast-1","sourceIPAddress":"8.29.230.19","userAgent":"APN/1.0 HashiCorp/1.0 Terraform/1.3.7 (+https://www.terraform.io) terraform-provider-aws/5.57.0 (+https://registry.terraform.io/providers/hashicorp/aws) aws-sdk-go-v2/1.30.1 os/linux lang/go#1.22.4 md/GOOS#linux md/GOARCH#amd64 api/sts#1.30.1","requestParameters":null,"responseElements":null,"requestID":"53d0f523-3e3a-44db-bb51-539e8a2aa749","eventID":"c051e852-6533-47ba-b6bd-ea154be69388","readOnly":true,"eventType":"AwsApiCall","managementEvent":true,"recipientAccountId":"637423240666","eventCategory":"Management","tlsDetails":{"tlsVersion":"TLSv1.3","cipherSuite":"TLS_AES_128_GCM_SHA256","clientProvidedHostHeader":"sts.ap-southeast-1.amazonaws.com"}},{"eventVersion":"1.09","userIdentity":{"type":"IAMUser","principalId":"AIDAZI2LCYXNLENAY2IQ3","arn":"arn:aws:iam::637423240666:user/dev","accountId":"637423240666","accessKeyId":"AKIAZI2LCYXNH4OISNEW","userName":"dev"},"eventTime":"2024-07-17T05:51:16Z","eventSource":"apigateway.amazonaws.com","eventName":"GetRoute","awsRegion":"ap-southeast-1","sourceIPAddress":"8.29.230.19","userAgent":"APN/1.0 HashiCorp/1.0 Terraform/1.3.7 (+https://www.terraform.io) terraform-provider-aws/5.57.0 (+https://registry.terraform.io/providers/hashicorp/aws) aws-sdk-go-v2/1.30.1 os/linux lang/go#1.22.4 md/GOOS#linux md/GOARCH#amd64 api/apigatewayv2#1.22.1","requestParameters":{"routeId":"459xgqc","apiId":"f7x7yzf9j2"},"responseElements":null,"requestID":"c83761d2-981a-4e8d-8d6f-4360e6ba5675","eventID":"d5def8ba-8552-4b68-a19c-dae794b2a5c7","readOnly":true,"eventType":"AwsApiCall","managementEvent":true,"recipientAccountId":"637423240666","eventCategory":"Management"},{"eventVersion":"1.09","userIdentity":{"type":"IAMUser","principalId":"AIDAZI2LCYXNLENAY2IQ3","arn":"arn:aws:iam::637423240666:user/dev","accountId":"637423240666","accessKeyId":"AKIAZI2LCYXNH4OISNEW","userName":"dev"},"eventTime":"2024-07-17T05:51:17Z","eventSource":"s3.amazonaws.com","eventName":"GetBucketPolicy","awsRegion":"ap-southeast-1","sourceIPAddress":"8.29.230.19","userAgent":"[APN/1.0 HashiCorp/1.0 Terraform/1.3.7 (+https://www.terraform.io) terraform-provider-aws/5.57.0 (+https://registry.terraform.io/providers/hashicorp/aws) aws-sdk-go-v2/1.30.1 os/linux lang/go#1.22.4 md/GOOS#linux md/GOARCH#amd64 api/s3#1.58.0]","requestParameters":{"bucketName":"meownitoring2024trailbucket","Host":"meownitoring2024trailbucket.s3.ap-southeast-1.amazonaws.com","policy":""},"responseElements":null,"additionalEventData":{"SignatureVersion":"SigV4","CipherSuite":"TLS_AES_128_GCM_SHA256","bytesTransferredIn":0,"AuthenticationMethod":"AuthHeader","x-amz-id-2":"FwTqVtvrQKQ1Z/3jlmU+KWPd6NXBJD13C266CbivjYqztWy5IFmESUSmp9d4qckqYr+NJlP3l/0lJMII5o373Q==","bytesTransferredOut":695},"requestID":"JDK46J7NVDM5JFWD","eventID":"000447ea-a1a9-4ab6-8731-23de0359f5cb","readOnly":true,"resources":[{"accountId":"637423240666","type":"AWS::S3::Bucket","ARN":"arn:aws:s3:::meownitoring2024trailbucket"}],"eventType":"AwsApiCall","managementEvent":true,"recipientAccountId":"637423240666","eventCategory":"Management","tlsDetails":{"tlsVersion":"TLSv1.3","cipherSuite":"TLS_AES_128_GCM_SHA256","clientProvidedHostHeader":"meownitoring2024trailbucket.s3.ap-southeast-1.amazonaws.com"}},{"eventVersion":"1.09","userIdentity":{"type":"IAMUser","principalId":"AIDAZI2LCYXNLENAY2IQ3","arn":"arn:aws:iam::637423240666:user/dev","accountId":"637423240666","accessKeyId":"AKIAZI2LCYXNH4OISNEW","userName":"dev"},"eventTime":"2024-07-17T05:51:18Z","eventSource":"s3.amazonaws.com","eventName":"GetBucketVersioning","awsRegion":"ap-southeast-1","sourceIPAddress":"8.29.230.19","userAgent":"[APN/1.0 HashiCorp/1.0 Terraform/1.3.7 (+https://www.terraform.io) terraform-provider-aws/5.57.0 (+https://registry.terraform.io/providers/hashicorp/aws) aws-sdk-go-v2/1.30.1 os/linux lang/go#1.22.4 md/GOOS#linux md/GOARCH#amd64 api/s3#1.58.0]","requestParameters":{"bucketName":"meownitoring2024trailbucket","Host":"meownitoring2024trailbucket.s3.ap-southeast-1.amazonaws.com","versioning":""},"responseElements":null,"additionalEventData":{"SignatureVersion":"SigV4","CipherSuite":"TLS_AES_128_GCM_SHA256","bytesTransferredIn":0,"AuthenticationMethod":"AuthHeader","x-amz-id-2":"Rg/+UubyWap/gFeBc/hxGhAihauGyhY79tKcyFK6tJN1d7Q8LeUunNI8jOYwcwydlamRZetPdnjg42egQuCrGg==","bytesTransferredOut":113},"requestID":"7032ZKR5E0GZ9EEM","eventID":"66a840de-047f-4b04-91e7-354629d41373","readOnly":true,"resources":[{"accountId":"637423240666","type":"AWS::S3::Bucket","ARN":"arn:aws:s3:::meownitoring2024trailbucket"}],"eventType":"AwsApiCall","managementEvent":true,"recipientAccountId":"637423240666","eventCategory":"Management","tlsDetails":{"tlsVersion":"TLSv1.3","cipherSuite":"TLS_AES_128_GCM_SHA256","clientProvidedHostHeader":"meownitoring2024trailbucket.s3.ap-southeast-1.amazonaws.com"}},{"eventVersion":"1.09","userIdentity":{"type":"IAMUser","principalId":"AIDAZI2LCYXNLENAY2IQ3","arn":"arn:aws:iam::637423240666:user/dev","accountId":"637423240666","accessKeyId":"AKIAZI2LCYXNH4OISNEW","userName":"dev"},"eventTime":"2024-07-17T05:51:17Z","eventSource":"s3.amazonaws.com","eventName":"GetBucketCors","awsRegion":"ap-southeast-1","sourceIPAddress":"8.29.230.19","userAgent":"[APN/1.0 HashiCorp/1.0 Terraform/1.3.7 (+https://www.terraform.io) terraform-provider-aws/5.57.0 (+https://registry.terraform.io/providers/hashicorp/aws) aws-sdk-go-v2/1.30.1 os/linux lang/go#1.22.4 md/GOOS#linux md/GOARCH#amd64 api/s3#1.58.0]","errorCode":"NoSuchCORSConfiguration","errorMessage":"The CORS configuration does not exist","requestParameters":{"bucketName":"meownitoring2024trailbucket","Host":"meownitoring2024trailbucket.s3.ap-southeast-1.amazonaws.com","cors":""},"responseElements":null,"additionalEventData":{"SignatureVersion":"SigV4","CipherSuite":"TLS_AES_128_GCM_SHA256","bytesTransferredIn":0,"AuthenticationMethod":"AuthHeader","x-amz-id-2":"8gISFt3lHWfd92FI7PFEcBrW1rivJvKnVYNg1bzi7sGVMaXf6Ds3SgIQT7LJsjqSOZfbN8nKpdCDV8GqnSis+A==","bytesTransferredOut":342},"requestID":"JDK15FVVJH73SNEC","eventID":"107418fe-369e-41d5-b2fa-abb9470fd04b","readOnly":true,"resources":[{"accountId":"637423240666","type":"AWS::S3::Bucket","ARN":"arn:aws:s3:::meownitoring2024trailbucket"}],"eventType":"AwsApiCall","managementEvent":true,"recipientAccountId":"637423240666","eventCategory":"Management","tlsDetails":{"tlsVersion":"TLSv1.3","cipherSuite":"TLS_AES_128_GCM_SHA256","clientProvidedHostHeader":"meownitoring2024trailbucket.s3.ap-southeast-1.amazonaws.com"}},{"eventVersion":"1.09","userIdentity":{"type":"IAMUser","principalId":"AIDAZI2LCYXNLENAY2IQ3","arn":"arn:aws:iam::637423240666:user/dev","accountId":"637423240666","accessKeyId":"AKIAZI2LCYXNH4OISNEW","userName":"dev"},"eventTime":"2024-07-17T05:51:17Z","eventSource":"s3.amazonaws.com","eventName":"GetBucketAcl","awsRegion":"ap-southeast-1","sourceIPAddress":"8.29.230.19","userAgent":"[APN/1.0 HashiCorp/1.0 Terraform/1.3.7 (+https://www.terraform.io) terraform-provider-aws/5.57.0 (+https://registry.terraform.io/providers/hashicorp/aws) aws-sdk-go-v2/1.30.1 os/linux lang/go#1.22.4 md/GOOS#linux md/GOARCH#amd64 api/s3#1.58.0]","requestParameters":{"bucketName":"meownitoring2024trailbucket","Host":"meownitoring2024trailbucket.s3.ap-southeast-1.amazonaws.com","acl":""},"responseElements":null,"additionalEventData":{"SignatureVersion":"SigV4","CipherSuite":"TLS_AES_128_GCM_SHA256","bytesTransferredIn":0,"AuthenticationMethod":"AuthHeader","x-amz-id-2":"vW4uMAeVhXk58U1QgZFRFYeJPrsAjgRkDfyoBLT0+sG8AZQ0sGwE1qUu95El2xk9WPvuNxBWINM0POT4CsW7Bw==","bytesTransferredOut":584},"requestID":"JDK15XCN64PVVCFZ","eventID":"a212ec3e-460f-4be5-8c3c-e795048a67af","readOnly":true,"resources":[{"accountId":"637423240666","type":"AWS::S3::Bucket","ARN":"arn:aws:s3:::meownitoring2024trailbucket"}],"eventType":"AwsApiCall","managementEvent":true,"recipientAccountId":"637423240666","eventCategory":"Management","tlsDetails":{"tlsVersion":"TLSv1.3","cipherSuite":"TLS_AES_128_GCM_SHA256","clientProvidedHostHeader":"meownitoring2024trailbucket.s3.ap-southeast-1.amazonaws.com"}},{"eventVersion":"1.09","userIdentity":{"type":"IAMUser","principalId":"AIDAZI2LCYXNLENAY2IQ3","arn":"arn:aws:iam::637423240666:user/dev","accountId":"637423240666","accessKeyId":"AKIAZI2LCYXNH4OISNEW","userName":"dev"},"eventTime":"2024-07-17T05:51:18Z","eventSource":"s3.amazonaws.com","eventName":"GetBucketWebsite","awsRegion":"ap-southeast-1","sourceIPAddress":"8.29.230.19","userAgent":"[APN/1.0 HashiCorp/1.0 Terraform/1.3.7 (+https://www.terraform.io) terraform-provider-aws/5.57.0 (+https://registry.terraform.io/providers/hashicorp/aws) aws-sdk-go-v2/1.30.1 os/linux lang/go#1.22.4 md/GOOS#linux md/GOARCH#amd64 api/s3#1.58.0]","errorCode":"NoSuchWebsiteConfiguration","errorMessage":"The specified bucket does not have a website configuration","requestParameters":{"bucketName":"meownitoring2024trailbucket","website":"","Host":"meownitoring2024trailbucket.s3.ap-southeast-1.amazonaws.com"},"responseElements":null,"additionalEventData":{"SignatureVersion":"SigV4","CipherSuite":"TLS_AES_128_GCM_SHA256","bytesTransferredIn":0,"AuthenticationMethod":"AuthHeader","x-amz-id-2":"U6APtGHN99VhlYi3Axu2WL+yRvtkSLxZN6qUq8LyrnQDfTjsjmsN0KXOt8BQhJkImnErjVVdsAsWLWMSjNgAbg==","bytesTransferredOut":366},"requestID":"JDK4H2592CVXEFR3","eventID":"60d0070b-5952-491d-9e52-b104038a1f66","readOnly":true,"resources":[{"accountId":"637423240666","type":"AWS::S3::Bucket","ARN":"arn:aws:s3:::meownitoring2024trailbucket"}],"eventType":"AwsApiCall","managementEvent":true,"recipientAccountId":"637423240666","eventCategory":"Management","tlsDetails":{"tlsVersion":"TLSv1.3","cipherSuite":"TLS_AES_128_GCM_SHA256","clientProvidedHostHeader":"meownitoring2024trailbucket.s3.ap-southeast-1.amazonaws.com"}},{"eventVersion":"1.09","userIdentity":{"type":"IAMUser","principalId":"AIDAZI2LCYXNLENAY2IQ3","arn":"arn:aws:iam::637423240666:user/dev","accountId":"637423240666","accessKeyId":"AKIAZI2LCYXNH4OISNEW","userName":"dev"},"eventTime":"2024-07-17T05:51:16Z","eventSource":"apigateway.amazonaws.com","eventName":"GetApi","awsRegion":"ap-southeast-1","sourceIPAddress":"8.29.230.19","userAgent":"APN/1.0 HashiCorp/1.0 Terraform/1.3.7 (+https://www.terraform.io) terraform-provider-aws/5.57.0 (+https://registry.terraform.io/providers/hashicorp/aws) aws-sdk-go-v2/1.30.1 os/linux lang/go#1.22.4 md/GOOS#linux md/GOARCH#amd64 api/apigatewayv2#1.22.1","requestParameters":{"apiId":"kv0g2hke5e"},"responseElements":null,"requestID":"497c7d00-88f0-42c5-a1b0-65e0462aac50","eventID":"5f97051a-c56d-4644-98e4-8f12dadb79b0","readOnly":true,"eventType":"AwsApiCall","managementEvent":true,"recipientAccountId":"637423240666","eventCategory":"Management"},{"eventVersion":"1.09","userIdentity":{"type":"IAMUser","principalId":"AIDAZI2LCYXNLENAY2IQ3","arn":"arn:aws:iam::637423240666:user/dev","accountId":"637423240666","accessKeyId":"AKIAZI2LCYXNH4OISNEW","userName":"dev"},"eventTime":"2024-07-17T05:51:16Z","eventSource":"apigateway.amazonaws.com","eventName":"GetRoute","awsRegion":"ap-southeast-1","sourceIPAddress":"8.29.230.19","userAgent":"APN/1.0 HashiCorp/1.0 Terraform/1.3.7 (+https://www.terraform.io) terraform-provider-aws/5.57.0 (+https://registry.terraform.io/providers/hashicorp/aws) aws-sdk-go-v2/1.30.1 os/linux lang/go#1.22.4 md/GOOS#linux md/GOARCH#amd64 api/apigatewayv2#1.22.1","requestParameters":{"routeId":"v7r95o6","apiId":"f7x7yzf9j2"},"responseElements":null,"requestID":"8f10c109-f69d-4212-a12b-594b351cde46","eventID":"3260babf-a664-4578-8eed-5ca96fbb6467","readOnly":true,"eventType":"AwsApiCall","managementEvent":true,"recipientAccountId":"637423240666","eventCategory":"Management"},{"eventVersion":"1.09","userIdentity":{"type":"IAMUser","principalId":"AIDAZI2LCYXNLENAY2IQ3","arn":"arn:aws:iam::637423240666:user/dev","accountId":"637423240666","accessKeyId":"AKIAZI2LCYXNH4OISNEW","userName":"dev"},"eventTime":"2024-07-17T05:51:17Z","eventSource":"s3.amazonaws.com","eventName":"GetBucketCors","awsRegion":"ap-southeast-1","sourceIPAddress":"8.29.230.19","userAgent":"[APN/1.0 HashiCorp/1.0 Terraform/1.3.7 (+https://www.terraform.io) terraform-provider-aws/5.57.0 (+https://registry.terraform.io/providers/hashicorp/aws) aws-sdk-go-v2/1.30.1 os/linux lang/go#1.22.4 md/GOOS#linux md/GOARCH#amd64 api/s3#1.58.0]","errorCode":"NoSuchCORSConfiguration","errorMessage":"The CORS configuration does not exist","requestParameters":{"bucketName":"meownitoringtmpbucket","Host":"meownitoringtmpbucket.s3.ap-southeast-1.amazonaws.com","cors":""},"responseElements":null,"additionalEventData":{"SignatureVersion":"SigV4","CipherSuite":"TLS_AES_128_GCM_SHA256","bytesTransferredIn":0,"AuthenticationMethod":"AuthHeader","x-amz-id-2":"bRbtjBtV7ZQnhVH3xUJCX5XlCemysfRfQ3Lp6TLYmmtazEK9z9AgT7ibe5ssqLsqHNeM/L9ao6Q=","bytesTransferredOut":324},"requestID":"JDKE35ZXYHB3MXQJ","eventID":"d78a909d-d62b-4c5c-9960-8f049491c8ae","readOnly":true,"resources":[{"accountId":"637423240666","type":"AWS::S3::Bucket","ARN":"arn:aws:s3:::meownitoringtmpbucket"}],"eventType":"AwsApiCall","managementEvent":true,"recipientAccountId":"637423240666","eventCategory":"Management","tlsDetails":{"tlsVersion":"TLSv1.3","cipherSuite":"TLS_AES_128_GCM_SHA256","clientProvidedHostHeader":"meownitoringtmpbucket.s3.ap-southeast-1.amazonaws.com"}},{"eventVersion":"1.09","userIdentity":{"type":"IAMUser","principalId":"AIDAZI2LCYXNLENAY2IQ3","arn":"arn:aws:iam::637423240666:user/dev","accountId":"637423240666","accessKeyId":"AKIAZI2LCYXNH4OISNEW","userName":"dev"},"eventTime":"2024-07-17T05:51:16Z","eventSource":"s3.amazonaws.com","eventName":"GetBucketPolicy","awsRegion":"ap-southeast-1","sourceIPAddress":"8.29.230.19","userAgent":"[APN/1.0 HashiCorp/1.0 Terraform/1.3.7 (+https://www.terraform.io) terraform-provider-aws/5.57.0 (+https://registry.terraform.io/providers/hashicorp/aws) aws-sdk-go-v2/1.30.1 os/linux lang/go#1.22.4 md/GOOS#linux md/GOARCH#amd64 api/s3#1.58.0]","errorCode":"NoSuchBucketPolicy","errorMessage":"The bucket policy does not exist","requestParameters":{"bucketName":"meownitoringtmpbucket","Host":"meownitoringtmpbucket.s3.ap-southeast-1.amazonaws.com","policy":""},"responseElements":null,"additionalEventData":{"SignatureVersion":"SigV4","CipherSuite":"TLS_AES_128_GCM_SHA256","bytesTransferredIn":0,"AuthenticationMethod":"AuthHeader","x-amz-id-2":"w/qSYGAqG0BC0JT87ioUUZCYoDuIKp/upHnCLdPZ1BGageTC+lDo3i1DvVOYMEW1Gpw/3QuhV4s=","bytesTransferredOut":314},"requestID":"N4P4E2R6ZD6ATHHP","eventID":"80b53163-5b95-42f1-bca6-6ac7fa9c850c","readOnly":true,"resources":[{"accountId":"637423240666","type":"AWS::S3::Bucket","ARN":"arn:aws:s3:::meownitoringtmpbucket"}],"eventType":"AwsApiCall","managementEvent":true,"recipientAccountId":"637423240666","eventCategory":"Management","tlsDetails":{"tlsVersion":"TLSv1.3","cipherSuite":"TLS_AES_128_GCM_SHA256","clientProvidedHostHeader":"meownitoringtmpbucket.s3.ap-southeast-1.amazonaws.com"}},{"eventVersion":"1.09","userIdentity":{"type":"IAMUser","principalId":"AIDAZI2LCYXNLENAY2IQ3","arn":"arn:aws:iam::637423240666:user/dev","accountId":"637423240666","accessKeyId":"AKIAZI2LCYXNH4OISNEW","userName":"dev"},"eventTime":"2024-07-17T05:51:17Z","eventSource":"s3.amazonaws.com","eventName":"GetBucketWebsite","awsRegion":"ap-southeast-1","sourceIPAddress":"8.29.230.19","userAgent":"[APN/1.0 HashiCorp/1.0 Terraform/1.3.7 (+https://www.terraform.io) terraform-provider-aws/5.57.0 (+https://registry.terraform.io/providers/hashicorp/aws) aws-sdk-go-v2/1.30.1 os/linux lang/go#1.22.4 md/GOOS#linux md/GOARCH#amd64 api/s3#1.58.0]","errorCode":"NoSuchWebsiteConfiguration","errorMessage":"The specified bucket does not have a website configuration","requestParameters":{"bucketName":"meownitoringtmpbucket","website":"","Host":"meownitoringtmpbucket.s3.ap-southeast-1.amazonaws.com"},"responseElements":null,"additionalEventData":{"SignatureVersion":"SigV4","CipherSuite":"TLS_AES_128_GCM_SHA256","bytesTransferredIn":0,"AuthenticationMethod":"AuthHeader","x-amz-id-2":"nE++YS0PUXZtjzQ6t7FtNuC4eJISEB/FblrXrFpG/ZLO6S5uGkNnIgW4eNIjDJHebXHi7lMUBdQ=","bytesTransferredOut":348},"requestID":"JDK7CXBW136G3RQF","eventID":"2fd23819-a372-4566-b8e8-2c5c7910ab3d","readOnly":true,"resources":[{"accountId":"637423240666","type":"AWS::S3::Bucket","ARN":"arn:aws:s3:::meownitoringtmpbucket"}],"eventType":"AwsApiCall","managementEvent":true,"recipientAccountId":"637423240666","eventCategory":"Management","tlsDetails":{"tlsVersion":"TLSv1.3","cipherSuite":"TLS_AES_128_GCM_SHA256","clientProvidedHostHeader":"meownitoringtmpbucket.s3.ap-southeast-1.amazonaws.com"}},{"eventVersion":"1.09","userIdentity":{"type":"IAMUser","principalId":"AIDAZI2LCYXNLENAY2IQ3","arn":"arn:aws:iam::637423240666:user/dev","accountId":"637423240666","accessKeyId":"AKIAZI2LCYXNH4OISNEW","userName":"dev"},"eventTime":"2024-07-17T05:51:17Z","eventSource":"s3.amazonaws.com","eventName":"GetBucketVersioning","awsRegion":"ap-southeast-1","sourceIPAddress":"8.29.230.19","userAgent":"[APN/1.0 HashiCorp/1.0 Terraform/1.3.7 (+https://www.terraform.io) terraform-provider-aws/5.57.0 (+https://registry.terraform.io/providers/hashicorp/aws) aws-sdk-go-v2/1.30.1 os/linux lang/go#1.22.4 md/GOOS#linux md/GOARCH#amd64 api/s3#1.58.0]","requestParameters":{"bucketName":"meownitoringtmpbucket","Host":"meownitoringtmpbucket.s3.ap-southeast-1.amazonaws.com","versioning":""},"responseElements":null,"additionalEventData":{"SignatureVersion":"SigV4","CipherSuite":"TLS_AES_128_GCM_SHA256","bytesTransferredIn":0,"AuthenticationMethod":"AuthHeader","x-amz-id-2":"pPYzCHwoXPlJKJ3VrYsUC2hLO7T1gCjsyEw59lKdJk/oIIdzh0oW7pFpRRtDXSkvg1OZbajCjys=","bytesTransferredOut":113},"requestID":"JDKA2FEJ81HRHYQQ","eventID":"8cf62863-1cd6-45cc-96cf-f37f4bb99178","readOnly":true,"resources":[{"accountId":"637423240666","type":"AWS::S3::Bucket","ARN":"arn:aws:s3:::meownitoringtmpbucket"}],"eventType":"AwsApiCall","managementEvent":true,"recipientAccountId":"637423240666","eventCategory":"Management","tlsDetails":{"tlsVersion":"TLSv1.3","cipherSuite":"TLS_AES_128_GCM_SHA256","clientProvidedHostHeader":"meownitoringtmpbucket.s3.ap-southeast-1.amazonaws.com"}},{"eventVersion":"1.09","userIdentity":{"type":"IAMUser","principalId":"AIDAZI2LCYXNLENAY2IQ3","arn":"arn:aws:iam::637423240666:user/dev","accountId":"637423240666","accessKeyId":"AKIAZI2LCYXNH4OISNEW","userName":"dev"},"eventTime":"2024-07-17T05:51:16Z","eventSource":"s3.amazonaws.com","eventName":"GetBucketAcl","awsRegion":"ap-southeast-1","sourceIPAddress":"8.29.230.19","userAgent":"[APN/1.0 HashiCorp/1.0 Terraform/1.3.7 (+https://www.terraform.io) terraform-provider-aws/5.57.0 (+https://registry.terraform.io/providers/hashicorp/aws) aws-sdk-go-v2/1.30.1 os/linux lang/go#1.22.4 md/GOOS#linux md/GOARCH#amd64 api/s3#1.58.0]","requestParameters":{"bucketName":"meownitoringtmpbucket","Host":"meownitoringtmpbucket.s3.ap-southeast-1.amazonaws.com","acl":""},"responseElements":null,"additionalEventData":{"SignatureVersion":"SigV4","CipherSuite":"TLS_AES_128_GCM_SHA256","bytesTransferredIn":0,"AuthenticationMethod":"AuthHeader","x-amz-id-2":"YQBjVHNTtqGeAtA81bl5L8pZAMNkBcyStKI5U2JsLJ5+W6vq5ubMnaLPylTzHzWDffs+b9m5KmY=","bytesTransferredOut":584},"requestID":"N4PBNYRTPQ93Y7CS","eventID":"aae84370-a1a6-423d-8cfd-b4cf2a755dac","readOnly":true,"resources":[{"accountId":"637423240666","type":"AWS::S3::Bucket","ARN":"arn:aws:s3:::meownitoringtmpbucket"}],"eventType":"AwsApiCall","managementEvent":true,"recipientAccountId":"637423240666","eventCategory":"Management","tlsDetails":{"tlsVersion":"TLSv1.3","cipherSuite":"TLS_AES_128_GCM_SHA256","clientProvidedHostHeader":"meownitoringtmpbucket.s3.ap-southeast-1.amazonaws.com"}},{"eventVersion":"1.09","userIdentity":{"type":"IAMUser","principalId":"AIDAZI2LCYXNLENAY2IQ3","arn":"arn:aws:iam::637423240666:user/dev","accountId":"637423240666","accessKeyId":"AKIAZI2LCYXNH4OISNEW","userName":"dev"},"eventTime":"2024-07-17T05:51:17Z","eventSource":"s3.amazonaws.com","eventName":"GetBucketReplication","awsRegion":"ap-southeast-1","sourceIPAddress":"8.29.230.19","userAgent":"[APN/1.0 HashiCorp/1.0 Terraform/1.3.7 (+https://www.terraform.io) terraform-provider-aws/5.57.0 (+https://registry.terraform.io/providers/hashicorp/aws) aws-sdk-go-v2/1.30.1 os/linux lang/go#1.22.4 md/GOOS#linux md/GOARCH#amd64 api/s3#1.58.0]","errorCode":"ReplicationConfigurationNotFoundError","errorMessage":"The replication configuration was not found","requestParameters":{"replication":"","bucketName":"meownitoringtmpbucket","Host":"meownitoringtmpbucket.s3.ap-southeast-1.amazonaws.com"},"responseElements":null,"additionalEventData":{"SignatureVersion":"SigV4","CipherSuite":"TLS_AES_128_GCM_SHA256","bytesTransferredIn":0,"AuthenticationMethod":"AuthHeader","x-amz-id-2":"plv+lQ+dDInl7MOW3iWVdwJjDJbEGi8GDvj6phA6orkH2aS/uwJf8LYUuSJIrjpu2YHnL/tEIFM=","bytesTransferredOut":344},"requestID":"JDKFWB17Y7XB62ZB","eventID":"af10da9d-b6cb-4ffd-93cc-59158e661fc4","readOnly":true,"resources":[{"accountId":"637423240666","type":"AWS::S3::Bucket","ARN":"arn:aws:s3:::meownitoringtmpbucket"}],"eventType":"AwsApiCall","managementEvent":true,"recipientAccountId":"637423240666","eventCategory":"Management","tlsDetails":{"tlsVersion":"TLSv1.3","cipherSuite":"TLS_AES_128_GCM_SHA256","clientProvidedHostHeader":"meownitoringtmpbucket.s3.ap-southeast-1.amazonaws.com"}},{"eventVersion":"1.09","userIdentity":{"type":"IAMUser","principalId":"AIDAZI2LCYXNLENAY2IQ3","arn":"arn:aws:iam::637423240666:user/dev","accountId":"637423240666","accessKeyId":"AKIAZI2LCYXNH4OISNEW","userName":"dev"},"eventTime":"2024-07-17T05:51:17Z","eventSource":"s3.amazonaws.com","eventName":"GetAccelerateConfiguration","awsRegion":"ap-southeast-1","sourceIPAddress":"8.29.230.19","userAgent":"[APN/1.0 HashiCorp/1.0 Terraform/1.3.7 (+https://www.terraform.io) terraform-provider-aws/5.57.0 (+https://registry.terraform.io/providers/hashicorp/aws) aws-sdk-go-v2/1.30.1 os/linux lang/go#1.22.4 md/GOOS#linux md/GOARCH#amd64 api/s3#1.58.0]","requestParameters":{"accelerate":"","bucketName":"meownitoringtmpbucket","Host":"meownitoringtmpbucket.s3.ap-southeast-1.amazonaws.com"},"responseElements":null,"additionalEventData":{"SignatureVersion":"SigV4","CipherSuite":"TLS_AES_128_GCM_SHA256","bytesTransferredIn":0,"AuthenticationMethod":"AuthHeader","x-amz-id-2":"Wy+BtaxNwqb10xfF26jGYe5O8bfK2jzy37AJz+3gZMCFmeBY1m8KA+AAraV/xUYshGt96mv7BC8=","bytesTransferredOut":113},"requestID":"JDKFGHZJQDPVCSNX","eventID":"d7cb0b16-ed07-43c1-8eb8-72334f40ef0d","readOnly":true,"resources":[{"accountId":"637423240666","type":"AWS::S3::Bucket","ARN":"arn:aws:s3:::meownitoringtmpbucket"}],"eventType":"AwsApiCall","managementEvent":true,"recipientAccountId":"637423240666","eventCategory":"Management","tlsDetails":{"tlsVersion":"TLSv1.3","cipherSuite":"TLS_AES_128_GCM_SHA256","clientProvidedHostHeader":"meownitoringtmpbucket.s3.ap-southeast-1.amazonaws.com"}},{"eventVersion":"1.09","userIdentity":{"type":"IAMUser","principalId":"AIDAZI2LCYXNLENAY2IQ3","arn":"arn:aws:iam::637423240666:user/dev","accountId":"637423240666","accessKeyId":"AKIAZI2LCYXNH4OISNEW","userName":"dev"},"eventTime":"2024-07-17T05:51:17Z","eventSource":"s3.amazonaws.com","eventName":"GetBucketRequestPayment","awsRegion":"ap-southeast-1","sourceIPAddress":"8.29.230.19","userAgent":"[APN/1.0 HashiCorp/1.0 Terraform/1.3.7 (+https://www.terraform.io) terraform-provider-aws/5.57.0 (+https://registry.terraform.io/providers/hashicorp/aws) aws-sdk-go-v2/1.30.1 os/linux lang/go#1.22.4 md/GOOS#linux md/GOARCH#amd64 api/s3#1.58.0]","requestParameters":{"bucketName":"meownitoringtmpbucket","Host":"meownitoringtmpbucket.s3.ap-southeast-1.amazonaws.com","requestPayment":""},"responseElements":null,"additionalEventData":{"SignatureVersion":"SigV4","CipherSuite":"TLS_AES_128_GCM_SHA256","bytesTransferredIn":0,"AuthenticationMethod":"AuthHeader","x-amz-id-2":"ZrFKnRKc72WpT8jzx1D2gQ2pxmoaXipS//doV17e/q/ixu0TtFActU8FIDoMAdnvHok3vFN9hR0=","bytesTransferredOut":172},"requestID":"JDK9SZ9RG9DDC82Y","eventID":"79ca8b26-6b7e-4736-802e-7d0d141239c5","readOnly":true,"resources":[{"accountId":"637423240666","type":"AWS::S3::Bucket","ARN":"arn:aws:s3:::meownitoringtmpbucket"}],"eventType":"AwsApiCall","managementEvent":true,"recipientAccountId":"637423240666","eventCategory":"Management","tlsDetails":{"tlsVersion":"TLSv1.3","cipherSuite":"TLS_AES_128_GCM_SHA256","clientProvidedHostHeader":"meownitoringtmpbucket.s3.ap-southeast-1.amazonaws.com"}},{"eventVersion":"1.09","userIdentity":{"type":"IAMUser","principalId":"AIDAZI2LCYXNLENAY2IQ3","arn":"arn:aws:iam::637423240666:user/dev","accountId":"637423240666","accessKeyId":"AKIAZI2LCYXNH4OISNEW","userName":"dev"},"eventTime":"2024-07-17T05:51:17Z","eventSource":"s3.amazonaws.com","eventName":"GetBucketLogging","awsRegion":"ap-southeast-1","sourceIPAddress":"8.29.230.19","userAgent":"[APN/1.0 HashiCorp/1.0 Terraform/1.3.7 (+https://www.terraform.io) terraform-provider-aws/5.57.0 (+https://registry.terraform.io/providers/hashicorp/aws) aws-sdk-go-v2/1.30.1 os/linux lang/go#1.22.4 md/GOOS#linux md/GOARCH#amd64 api/s3#1.58.0]","requestParameters":{"logging":"","bucketName":"meownitoringtmpbucket","Host":"meownitoringtmpbucket.s3.ap-southeast-1.amazonaws.com"},"responseElements":null,"additionalEventData":{"SignatureVersion":"SigV4","CipherSuite":"TLS_AES_128_GCM_SHA256","bytesTransferredIn":0,"AuthenticationMethod":"AuthHeader","x-amz-id-2":"e0fmJ0mwvb4TSZaNmPb4W6ETt491ZZkMMkDedmd5QBIU/K6aZ0EjUOXhBtQwEmdG32A13JheU3M=","bytesTransferredOut":289},"requestID":"JDKAM2B5CP8SCE8M","eventID":"74db2d9e-4fac-444a-9277-8b5c47b00060","readOnly":true,"resources":[{"accountId":"637423240666","type":"AWS::S3::Bucket","ARN":"arn:aws:s3:::meownitoringtmpbucket"}],"eventType":"AwsApiCall","managementEvent":true,"recipientAccountId":"637423240666","eventCategory":"Management","tlsDetails":{"tlsVersion":"TLSv1.3","cipherSuite":"TLS_AES_128_GCM_SHA256","clientProvidedHostHeader":"meownitoringtmpbucket.s3.ap-southeast-1.amazonaws.com"}},{"eventVersion":"1.09","userIdentity":{"type":"IAMUser","principalId":"AIDAZI2LCYXNLENAY2IQ3","arn":"arn:aws:iam::637423240666:user/dev","accountId":"637423240666","accessKeyId":"AKIAZI2LCYXNH4OISNEW","userName":"dev"},"eventTime":"2024-07-17T05:51:18Z","eventSource":"s3.amazonaws.com","eventName":"GetBucketTagging","awsRegion":"ap-southeast-1","sourceIPAddress":"8.29.230.19","userAgent":"[APN/1.0 HashiCorp/1.0 Terraform/1.3.7 (+https://www.terraform.io) terraform-provider-aws/5.57.0 (+https://registry.terraform.io/providers/hashicorp/aws) aws-sdk-go-v2/1.30.1 os/linux lang/go#1.22.4 md/GOOS#linux md/GOARCH#amd64 api/s3#1.58.0]","errorCode":"NoSuchTagSet","errorMessage":"The TagSet does not exist","requestParameters":{"tagging":"","bucketName":"meownitoringtmpbucket","Host":"meownitoringtmpbucket.s3.ap-southeast-1.amazonaws.com"},"responseElements":null,"additionalEventData":{"SignatureVersion":"SigV4","CipherSuite":"TLS_AES_128_GCM_SHA256","bytesTransferredIn":0,"AuthenticationMethod":"AuthHeader","x-amz-id-2":"sRNvStCCYN/pj0dd3aLGc9LqAsQYLauI5BAQMoStqFr8Y1hoUEsY1MNItxRKSXyy0Tt10M6UnXM=","bytesTransferredOut":301},"requestID":"703DGNFFQ7P94FPW","eventID":"f4e8d7e1-1d12-4ec9-9743-7d519e62dfca","readOnly":true,"resources":[{"accountId":"637423240666","type":"AWS::S3::Bucket","ARN":"arn:aws:s3:::meownitoringtmpbucket"}],"eventType":"AwsApiCall","managementEvent":true,"recipientAccountId":"637423240666","eventCategory":"Management","tlsDetails":{"tlsVersion":"TLSv1.3","cipherSuite":"TLS_AES_128_GCM_SHA256","clientProvidedHostHeader":"meownitoringtmpbucket.s3.ap-southeast-1.amazonaws.com"}},{"eventVersion":"1.09","userIdentity":{"type":"IAMUser","principalId":"AIDAZI2LCYXNLENAY2IQ3","arn":"arn:aws:iam::637423240666:user/dev","accountId":"637423240666","accessKeyId":"AKIAZI2LCYXNH4OISNEW","userName":"dev"},"eventTime":"2024-07-17T05:51:18Z","eventSource":"s3.amazonaws.com","eventName":"GetBucketObjectLockConfiguration","awsRegion":"ap-southeast-1","sourceIPAddress":"8.29.230.19","userAgent":"[APN/1.0 HashiCorp/1.0 Terraform/1.3.7 (+https://www.terraform.io) terraform-provider-aws/5.57.0 (+https://registry.terraform.io/providers/hashicorp/aws) aws-sdk-go-v2/1.30.1 os/linux lang/go#1.22.4 md/GOOS#linux md/GOARCH#amd64 api/s3#1.58.0]","errorCode":"ObjectLockConfigurationNotFoundError","errorMessage":"Object Lock configuration does not exist for this bucket","requestParameters":{"bucketName":"meownitoringtmpbucket","object-lock":"","Host":"meownitoringtmpbucket.s3.ap-southeast-1.amazonaws.com"},"responseElements":null,"additionalEventData":{"SignatureVersion":"SigV4","CipherSuite":"TLS_AES_128_GCM_SHA256","bytesTransferredIn":0,"AuthenticationMethod":"AuthHeader","x-amz-id-2":"KORmMcR2Q7R4F0y7+MznwfhcGQOLVbD9zh3kLF1NnTn2RoU6Uobdr19zT3Pm5wljFKbydDYJfkc=","bytesTransferredOut":356},"requestID":"703A1Y4J2TYGHC22","eventID":"1726b4be-b07b-4b6c-977b-7d51003ab6b6","readOnly":true,"resources":[{"accountId":"637423240666","type":"AWS::S3::Bucket","ARN":"arn:aws:s3:::meownitoringtmpbucket"}],"eventType":"AwsApiCall","managementEvent":true,"recipientAccountId":"637423240666","eventCategory":"Management","tlsDetails":{"tlsVersion":"TLSv1.3","cipherSuite":"TLS_AES_128_GCM_SHA256","clientProvidedHostHeader":"meownitoringtmpbucket.s3.ap-southeast-1.amazonaws.com"}},{"eventVersion":"1.09","userIdentity":{"type":"IAMUser","principalId":"AIDAZI2LCYXNLENAY2IQ3","arn":"arn:aws:iam::637423240666:user/dev","accountId":"637423240666","accessKeyId":"AKIAZI2LCYXNH4OISNEW","userName":"dev"},"eventTime":"2024-07-17T05:51:18Z","eventSource":"s3.amazonaws.com","eventName":"GetBucketEncryption","awsRegion":"ap-southeast-1","sourceIPAddress":"8.29.230.19","userAgent":"[APN/1.0 HashiCorp/1.0 Terraform/1.3.7 (+https://www.terraform.io) terraform-provider-aws/5.57.0 (+https://registry.terraform.io/providers/hashicorp/aws) aws-sdk-go-v2/1.30.1 os/linux lang/go#1.22.4 md/GOOS#linux md/GOARCH#amd64 api/s3#1.58.0]","requestParameters":{"bucketName":"meownitoringtmpbucket","Host":"meownitoringtmpbucket.s3.ap-southeast-1.amazonaws.com","encryption":""},"responseElements":null,"additionalEventData":{"SignatureVersion":"SigV4","CipherSuite":"TLS_AES_128_GCM_SHA256","bytesTransferredIn":0,"AuthenticationMethod":"AuthHeader","x-amz-id-2":"muQVMCWCbpF70/TDeMIA9KXAGYMmIiiUvXMJ31ND4YFqgiedF7tLHg/z3B0HVHPW9ZTuMtjsvGc=","bytesTransferredOut":321},"requestID":"7034YCR25GHEH5EZ","eventID":"0dd5bb1d-2173-416d-b6e5-fb1b4dbadb81","readOnly":true,"resources":[{"accountId":"637423240666","type":"AWS::S3::Bucket","ARN":"arn:aws:s3:::meownitoringtmpbucket"}],"eventType":"AwsApiCall","managementEvent":true,"recipientAccountId":"637423240666","eventCategory":"Management","tlsDetails":{"tlsVersion":"TLSv1.3","cipherSuite":"TLS_AES_128_GCM_SHA256","clientProvidedHostHeader":"meownitoringtmpbucket.s3.ap-southeast-1.amazonaws.com"}},{"eventVersion":"1.09","userIdentity":{"type":"IAMUser","principalId":"AIDAZI2LCYXNLENAY2IQ3","arn":"arn:aws:iam::637423240666:user/dev","accountId":"637423240666","accessKeyId":"AKIAZI2LCYXNH4OISNEW","userName":"dev"},"eventTime":"2024-07-17T05:51:17Z","eventSource":"s3.amazonaws.com","eventName":"GetBucketLifecycle","awsRegion":"ap-southeast-1","sourceIPAddress":"8.29.230.19","userAgent":"[APN/1.0 HashiCorp/1.0 Terraform/1.3.7 (+https://www.terraform.io) terraform-provider-aws/5.57.0 (+https://registry.terraform.io/providers/hashicorp/aws) aws-sdk-go-v2/1.30.1 os/linux lang/go#1.22.4 md/GOOS#linux md/GOARCH#amd64 api/s3#1.58.0]","errorCode":"NoSuchLifecycleConfiguration","errorMessage":"The lifecycle configuration does not exist","requestParameters":{"lifecycle":"","bucketName":"meownitoringtmpbucket","Host":"meownitoringtmpbucket.s3.ap-southeast-1.amazonaws.com"},"responseElements":null,"additionalEventData":{"SignatureVersion":"SigV4","CipherSuite":"TLS_AES_128_GCM_SHA256","bytesTransferredIn":0,"AuthenticationMethod":"AuthHeader","x-amz-id-2":"ZNtoo74u5167tO8LCFIY7kKl+IUJN5M1MCXkvVtRVqkU1iaHzHhQfb2Kwmn5VMjTyVZpU1mnXts=","bytesTransferredOut":295},"requestID":"JDK9TRBR7AZVP7XK","eventID":"27b71bd2-ae92-4255-814d-9ddf25f19cf8","readOnly":true,"resources":[{"accountId":"637423240666","type":"AWS::S3::Bucket","ARN":"arn:aws:s3:::meownitoringtmpbucket"}],"eventType":"AwsApiCall","managementEvent":true,"recipientAccountId":"637423240666","eventCategory":"Management","tlsDetails":{"tlsVersion":"TLSv1.3","cipherSuite":"TLS_AES_128_GCM_SHA256","clientProvidedHostHeader":"meownitoringtmpbucket.s3.ap-southeast-1.amazonaws.com"}},{"eventVersion":"1.09","userIdentity":{"type":"IAMUser","principalId":"AIDAZI2LCYXNLENAY2IQ3","arn":"arn:aws:iam::637423240666:user/dev","accountId":"637423240666","accessKeyId":"AKIAZI2LCYXNH4OISNEW","userName":"dev"},"eventTime":"2024-07-17T05:51:17Z","eventSource":"apigateway.amazonaws.com","eventName":"GetApi","awsRegion":"ap-southeast-1","sourceIPAddress":"8.29.230.19","userAgent":"APN/1.0 HashiCorp/1.0 Terraform/1.3.7 (+https://www.terraform.io) terraform-provider-aws/5.57.0 (+https://registry.terraform.io/providers/hashicorp/aws) aws-sdk-go-v2/1.30.1 os/linux lang/go#1.22.4 md/GOOS#linux md/GOARCH#amd64 api/apigatewayv2#1.22.1","requestParameters":{"apiId":"kv0g2hke5e"},"responseElements":null,"requestID":"6b7ed3ad-1abe-43cd-86e4-fb95f8bd216c","eventID":"625234ef-0bf8-4609-bea8-678b65bf4379","readOnly":true,"eventType":"AwsApiCall","managementEvent":true,"recipientAccountId":"637423240666","eventCategory":"Management"},{"eventVersion":"1.08","userIdentity":{"type":"IAMUser","principalId":"AIDAZI2LCYXNLENAY2IQ3","arn":"arn:aws:iam::637423240666:user/dev","accountId":"637423240666","accessKeyId":"AKIAZI2LCYXNH4OISNEW","userName":"dev"},"eventTime":"2024-07-17T05:51:20Z","eventSource":"lambda.amazonaws.com","eventName":"GetPolicy20150331v2","awsRegion":"ap-southeast-1","sourceIPAddress":"8.29.230.19","userAgent":"APN/1.0 HashiCorp/1.0 Terraform/1.3.7 (+https://www.terraform.io) terraform-provider-aws/5.57.0 (+https://registry.terraform.io/providers/hashicorp/aws) aws-sdk-go-v2/1.30.1 os/linux lang/go#1.22.4 md/GOOS#linux md/GOARCH#amd64 api/lambda#1.56.1","requestParameters":{"functionName":"processor"},"responseElements":null,"requestID":"9a947373-ff2e-40e0-a9f6-4cdda1d79c11","eventID":"ec3708de-629e-4746-aaec-39c49092036c","readOnly":true,"eventType":"AwsApiCall","managementEvent":true,"recipientAccountId":"637423240666","eventCategory":"Management","tlsDetails":{"tlsVersion":"TLSv1.3","cipherSuite":"TLS_AES_128_GCM_SHA256","clientProvidedHostHeader":"lambda.ap-southeast-1.amazonaws.com"}},{"eventVersion":"1.09","userIdentity":{"type":"IAMUser","principalId":"AIDAZI2LCYXNLENAY2IQ3","arn":"arn:aws:iam::637423240666:user/dev","accountId":"637423240666","accessKeyId":"AKIAZI2LCYXNH4OISNEW","userName":"dev"},"eventTime":"2024-07-17T05:51:16Z","eventSource":"apigateway.amazonaws.com","eventName":"GetRoute","awsRegion":"ap-southeast-1","sourceIPAddress":"8.29.230.19","userAgent":"APN/1.0 HashiCorp/1.0 Terraform/1.3.7 (+https://www.terraform.io) terraform-provider-aws/5.57.0 (+https://registry.terraform.io/providers/hashicorp/aws) aws-sdk-go-v2/1.30.1 os/linux lang/go#1.22.4 md/GOOS#linux md/GOARCH#amd64 api/apigatewayv2#1.22.1","requestParameters":{"routeId":"3tz43hh","apiId":"kv0g2hke5e"},"responseElements":null,"requestID":"9bd443df-f6a4-4923-a941-20b26d24e9f5","eventID":"c560d42b-a01f-44b1-a14d-a2c1906b01fd","readOnly":true,"eventType":"AwsApiCall","managementEvent":true,"recipientAccountId":"637423240666","eventCategory":"Management"},{"eventVersion":"1.09","userIdentity":{"type":"IAMUser","principalId":"AIDAZI2LCYXNLENAY2IQ3","arn":"arn:aws:iam::637423240666:user/dev","accountId":"637423240666","accessKeyId":"AKIAZI2LCYXNH4OISNEW","userName":"dev"},"eventTime":"2024-07-17T05:51:18Z","eventSource":"s3.amazonaws.com","eventName":"GetBucketRequestPayment","awsRegion":"ap-southeast-1","sourceIPAddress":"8.29.230.19","userAgent":"[APN/1.0 HashiCorp/1.0 Terraform/1.3.7 (+https://www.terraform.io) terraform-provider-aws/5.57.0 (+https://registry.terraform.io/providers/hashicorp/aws) aws-sdk-go-v2/1.30.1 os/linux lang/go#1.22.4 md/GOOS#linux md/GOARCH#amd64 api/s3#1.58.0]","requestParameters":{"bucketName":"meownitoring2024trailbucket","Host":"meownitoring2024trailbucket.s3.ap-southeast-1.amazonaws.com","requestPayment":""},"responseElements":null,"additionalEventData":{"SignatureVersion":"SigV4","CipherSuite":"TLS_AES_128_GCM_SHA256","bytesTransferredIn":0,"AuthenticationMethod":"AuthHeader","x-amz-id-2":"/9Q7OEV5Lu98EsYI8t3Jcf0YNhASx57hcXyqrj7/yU0eELQZ1YKez+3CCC10BmjvVn10vaROjhyrM1Z1j/5IrQ==","bytesTransferredOut":172},"requestID":"7037WTNQAQDCS0CH","eventID":"1ca24bcf-a93b-47b6-b7e0-90fc9b17596e","readOnly":true,"resources":[{"accountId":"637423240666","type":"AWS::S3::Bucket","ARN":"arn:aws:s3:::meownitoring2024trailbucket"}],"eventType":"AwsApiCall","managementEvent":true,"recipientAccountId":"637423240666","eventCategory":"Management","tlsDetails":{"tlsVersion":"TLSv1.3","cipherSuite":"TLS_AES_128_GCM_SHA256","clientProvidedHostHeader":"meownitoring2024trailbucket.s3.ap-southeast-1.amazonaws.com"}},{"eventVersion":"1.09","userIdentity":{"type":"IAMUser","principalId":"AIDAZI2LCYXNLENAY2IQ3","arn":"arn:aws:iam::637423240666:user/dev","accountId":"637423240666","accessKeyId":"AKIAZI2LCYXNH4OISNEW","userName":"dev"},"eventTime":"2024-07-17T05:51:18Z","eventSource":"s3.amazonaws.com","eventName":"GetBucketLogging","awsRegion":"ap-southeast-1","sourceIPAddress":"8.29.230.19","userAgent":"[APN/1.0 HashiCorp/1.0 Terraform/1.3.7 (+https://www.terraform.io) terraform-provider-aws/5.57.0 (+https://registry.terraform.io/providers/hashicorp/aws) aws-sdk-go-v2/1.30.1 os/linux lang/go#1.22.4 md/GOOS#linux md/GOARCH#amd64 api/s3#1.58.0]","requestParameters":{"logging":"","bucketName":"meownitoring2024trailbucket","Host":"meownitoring2024trailbucket.s3.ap-southeast-1.amazonaws.com"},"responseElements":null,"additionalEventData":{"SignatureVersion":"SigV4","CipherSuite":"TLS_AES_128_GCM_SHA256","bytesTransferredIn":0,"AuthenticationMethod":"AuthHeader","x-amz-id-2":"SWjOElpR7ZvooQtyQV3Yz+Stny+ff+hRtYYkXZR3dRPAIaVc5ew1BJEOrImVVjuBh4Maqi9Ojdqpv9zPhzh8Yg==","bytesTransferredOut":289},"requestID":"7038FXG4R1ASMVP9","eventID":"ebd926c6-60d8-48e6-82c0-f10831358a42","readOnly":true,"resources":[{"accountId":"637423240666","type":"AWS::S3::Bucket","ARN":"arn:aws:s3:::meownitoring2024trailbucket"}],"eventType":"AwsApiCall","managementEvent":true,"recipientAccountId":"637423240666","eventCategory":"Management","tlsDetails":{"tlsVersion":"TLSv1.3","cipherSuite":"TLS_AES_128_GCM_SHA256","clientProvidedHostHeader":"meownitoring2024trailbucket.s3.ap-southeast-1.amazonaws.com"}},{"eventVersion":"1.09","userIdentity":{"type":"IAMUser","principalId":"AIDAZI2LCYXNLENAY2IQ3","arn":"arn:aws:iam::637423240666:user/dev","accountId":"637423240666","accessKeyId":"AKIAZI2LCYXNH4OISNEW","userName":"dev"},"eventTime":"2024-07-17T05:51:18Z","eventSource":"s3.amazonaws.com","eventName":"GetAccelerateConfiguration","awsRegion":"ap-southeast-1","sourceIPAddress":"8.29.230.19","userAgent":"[APN/1.0 HashiCorp/1.0 Terraform/1.3.7 (+https://www.terraform.io) terraform-provider-aws/5.57.0 (+https://registry.terraform.io/providers/hashicorp/aws) aws-sdk-go-v2/1.30.1 os/linux lang/go#1.22.4 md/GOOS#linux md/GOARCH#amd64 api/s3#1.58.0]","requestParameters":{"accelerate":"","bucketName":"meownitoring2024trailbucket","Host":"meownitoring2024trailbucket.s3.ap-southeast-1.amazonaws.com"},"responseElements":null,"additionalEventData":{"SignatureVersion":"SigV4","CipherSuite":"TLS_AES_128_GCM_SHA256","bytesTransferredIn":0,"AuthenticationMethod":"AuthHeader","x-amz-id-2":"A5s4KksN25dUsZlZ7IiaqQq1iPmmtMqo9U+/H0bCWEM9+H0vLAEJim+X6kayVAwk4Ia+9K8pzi3C018wn1m3Mg==","bytesTransferredOut":113},"requestID":"703EW3AFBD8YEXMZ","eventID":"46ce2ed8-dd53-4a6c-b401-1835e1515fe9","readOnly":true,"resources":[{"accountId":"637423240666","type":"AWS::S3::Bucket","ARN":"arn:aws:s3:::meownitoring2024trailbucket"}],"eventType":"AwsApiCall","managementEvent":true,"recipientAccountId":"637423240666","eventCategory":"Management","tlsDetails":{"tlsVersion":"TLSv1.3","cipherSuite":"TLS_AES_128_GCM_SHA256","clientProvidedHostHeader":"meownitoring2024trailbucket.s3.ap-southeast-1.amazonaws.com"}},{"eventVersion":"1.09","userIdentity":{"type":"IAMUser","principalId":"AIDAZI2LCYXNLENAY2IQ3","arn":"arn:aws:iam::637423240666:user/dev","accountId":"637423240666","accessKeyId":"AKIAZI2LCYXNH4OISNEW","userName":"dev"},"eventTime":"2024-07-17T05:51:18Z","eventSource":"s3.amazonaws.com","eventName":"GetBucketLifecycle","awsRegion":"ap-southeast-1","sourceIPAddress":"8.29.230.19","userAgent":"[APN/1.0 HashiCorp/1.0 Terraform/1.3.7 (+https://www.terraform.io) terraform-provider-aws/5.57.0 (+https://registry.terraform.io/providers/hashicorp/aws) aws-sdk-go-v2/1.30.1 os/linux lang/go#1.22.4 md/GOOS#linux md/GOARCH#amd64 api/s3#1.58.0]","errorCode":"NoSuchLifecycleConfiguration","errorMessage":"The lifecycle configuration does not exist","requestParameters":{"lifecycle":"","bucketName":"meownitoring2024trailbucket","Host":"meownitoring2024trailbucket.s3.ap-southeast-1.amazonaws.com"},"responseElements":null,"additionalEventData":{"SignatureVersion":"SigV4","CipherSuite":"TLS_AES_128_GCM_SHA256","bytesTransferredIn":0,"AuthenticationMethod":"AuthHeader","x-amz-id-2":"3hsXrh4h/8sq1/vycmghUJ0U7tnxYDONDcds9exOBs0vydPvIplJ7R6igZDmHUXy5l0iqRNQrDGYnZlx5KWttA==","bytesTransferredOut":313},"requestID":"70346WVJA11V0AS5","eventID":"dea15ac1-6271-425c-8652-754728b4cbcf","readOnly":true,"resources":[{"accountId":"637423240666","type":"AWS::S3::Bucket","ARN":"arn:aws:s3:::meownitoring2024trailbucket"}],"eventType":"AwsApiCall","managementEvent":true,"recipientAccountId":"637423240666","eventCategory":"Management","tlsDetails":{"tlsVersion":"TLSv1.3","cipherSuite":"TLS_AES_128_GCM_SHA256","clientProvidedHostHeader":"meownitoring2024trailbucket.s3.ap-southeast-1.amazonaws.com"}},{"eventVersion":"1.09","userIdentity":{"type":"IAMUser","principalId":"AIDAZI2LCYXNLENAY2IQ3","arn":"arn:aws:iam::637423240666:user/dev","accountId":"637423240666","accessKeyId":"AKIAZI2LCYXNH4OISNEW","userName":"dev"},"eventTime":"2024-07-17T05:51:18Z","eventSource":"s3.amazonaws.com","eventName":"GetBucketReplication","awsRegion":"ap-southeast-1","sourceIPAddress":"8.29.230.19","userAgent":"[APN/1.0 HashiCorp/1.0 Terraform/1.3.7 (+https://www.terraform.io) terraform-provider-aws/5.57.0 (+https://registry.terraform.io/providers/hashicorp/aws) aws-sdk-go-v2/1.30.1 os/linux lang/go#1.22.4 md/GOOS#linux md/GOARCH#amd64 api/s3#1.58.0]","errorCode":"ReplicationConfigurationNotFoundError","errorMessage":"The replication configuration was not found","requestParameters":{"replication":"","bucketName":"meownitoring2024trailbucket","Host":"meownitoring2024trailbucket.s3.ap-southeast-1.amazonaws.com"},"responseElements":null,"additionalEventData":{"SignatureVersion":"SigV4","CipherSuite":"TLS_AES_128_GCM_SHA256","bytesTransferredIn":0,"AuthenticationMethod":"AuthHeader","x-amz-id-2":"8sI49ThB6kIJjD9xJHuOsASCuGDJy0yU+1UmQhowJXccsj3Uhio/xdaXg0BwuK6MknMjfpOO+IQ+ab8agk0fgw==","bytesTransferredOut":362},"requestID":"703FF189DWR9SPC6","eventID":"5dc03d1d-5674-49f8-98b5-21d43b97ac4e","readOnly":true,"resources":[{"accountId":"637423240666","type":"AWS::S3::Bucket","ARN":"arn:aws:s3:::meownitoring2024trailbucket"}],"eventType":"AwsApiCall","managementEvent":true,"recipientAccountId":"637423240666","eventCategory":"Management","tlsDetails":{"tlsVersion":"TLSv1.3","cipherSuite":"TLS_AES_128_GCM_SHA256","clientProvidedHostHeader":"meownitoring2024trailbucket.s3.ap-southeast-1.amazonaws.com"}},{"eventVersion":"1.09","userIdentity":{"type":"IAMUser","principalId":"AIDAZI2LCYXNLENAY2IQ3","arn":"arn:aws:iam::637423240666:user/dev","accountId":"637423240666","accessKeyId":"AKIAZI2LCYXNH4OISNEW","userName":"dev"},"eventTime":"2024-07-17T05:51:18Z","eventSource":"s3.amazonaws.com","eventName":"GetBucketEncryption","awsRegion":"ap-southeast-1","sourceIPAddress":"8.29.230.19","userAgent":"[APN/1.0 HashiCorp/1.0 Terraform/1.3.7 (+https://www.terraform.io) terraform-provider-aws/5.57.0 (+https://registry.terraform.io/providers/hashicorp/aws) aws-sdk-go-v2/1.30.1 os/linux lang/go#1.22.4 md/GOOS#linux md/GOARCH#amd64 api/s3#1.58.0]","requestParameters":{"bucketName":"meownitoring2024trailbucket","Host":"meownitoring2024trailbucket.s3.ap-southeast-1.amazonaws.com","encryption":""},"responseElements":null,"additionalEventData":{"SignatureVersion":"SigV4","CipherSuite":"TLS_AES_128_GCM_SHA256","bytesTransferredIn":0,"AuthenticationMethod":"AuthHeader","x-amz-id-2":"PaBaD0Ah/+JFewwobkhFeqpipIqtV13p6XFuax16/RiPFT7+RYZEBz97/w7pEdSgyrt22+NIhBZE9JofWcy5mg==","bytesTransferredOut":321},"requestID":"703D8KXTJ1BJNGW1","eventID":"212bd4d0-5645-42ba-81a3-bbedb8332bd8","readOnly":true,"resources":[{"accountId":"637423240666","type":"AWS::S3::Bucket","ARN":"arn:aws:s3:::meownitoring2024trailbucket"}],"eventType":"AwsApiCall","managementEvent":true,"recipientAccountId":"637423240666","eventCategory":"Management","tlsDetails":{"tlsVersion":"TLSv1.3","cipherSuite":"TLS_AES_128_GCM_SHA256","clientProvidedHostHeader":"meownitoring2024trailbucket.s3.ap-southeast-1.amazonaws.com"}},{"eventVersion":"1.09","userIdentity":{"type":"IAMUser","principalId":"AIDAZI2LCYXNLENAY2IQ3","arn":"arn:aws:iam::637423240666:user/dev","accountId":"637423240666","accessKeyId":"AKIAZI2LCYXNH4OISNEW","userName":"dev"},"eventTime":"2024-07-17T05:51:18Z","eventSource":"s3.amazonaws.com","eventName":"GetBucketTagging","awsRegion":"ap-southeast-1","sourceIPAddress":"8.29.230.19","userAgent":"[APN/1.0 HashiCorp/1.0 Terraform/1.3.7 (+https://www.terraform.io) terraform-provider-aws/5.57.0 (+https://registry.terraform.io/providers/hashicorp/aws) aws-sdk-go-v2/1.30.1 os/linux lang/go#1.22.4 md/GOOS#linux md/GOARCH#amd64 api/s3#1.58.0]","errorCode":"NoSuchTagSet","errorMessage":"The TagSet does not exist","requestParameters":{"tagging":"","bucketName":"meownitoring2024trailbucket","Host":"meownitoring2024trailbucket.s3.ap-southeast-1.amazonaws.com"},"responseElements":null,"additionalEventData":{"SignatureVersion":"SigV4","CipherSuite":"TLS_AES_128_GCM_SHA256","bytesTransferredIn":0,"AuthenticationMethod":"AuthHeader","x-amz-id-2":"OVMzGgM+bNYZ6xqUkVTbfFzFrwt3pNQEa6gj7EEdbDWoHNdX8JROQkDP+KovxfvlAfDCS7p771aRJhJ2KlA8UA==","bytesTransferredOut":319},"requestID":"7034Y2PR1VWZVY45","eventID":"059ff16a-aea2-42c9-99c9-9cab6cb4bfd3","readOnly":true,"resources":[{"accountId":"637423240666","type":"AWS::S3::Bucket","ARN":"arn:aws:s3:::meownitoring2024trailbucket"}],"eventType":"AwsApiCall","managementEvent":true,"recipientAccountId":"637423240666","eventCategory":"Management","tlsDetails":{"tlsVersion":"TLSv1.3","cipherSuite":"TLS_AES_128_GCM_SHA256","clientProvidedHostHeader":"meownitoring2024trailbucket.s3.ap-southeast-1.amazonaws.com"}},{"eventVersion":"1.09","userIdentity":{"type":"IAMUser","principalId":"AIDAZI2LCYXNLENAY2IQ3","arn":"arn:aws:iam::637423240666:user/dev","accountId":"637423240666","accessKeyId":"AKIAZI2LCYXNH4OISNEW","userName":"dev"},"eventTime":"2024-07-17T05:51:20Z","eventSource":"s3.amazonaws.com","eventName":"GetBucketPolicy","awsRegion":"ap-southeast-1","sourceIPAddress":"8.29.230.19","userAgent":"[APN/1.0 HashiCorp/1.0 Terraform/1.3.7 (+https://www.terraform.io) terraform-provider-aws/5.57.0 (+https://registry.terraform.io/providers/hashicorp/aws) aws-sdk-go-v2/1.30.1 os/linux lang/go#1.22.4 md/GOOS#linux md/GOARCH#amd64 api/s3#1.58.0]","requestParameters":{"bucketName":"meownitoring2024trailbucket","Host":"meownitoring2024trailbucket.s3.ap-southeast-1.amazonaws.com","policy":""},"responseElements":null,"additionalEventData":{"SignatureVersion":"SigV4","CipherSuite":"TLS_AES_128_GCM_SHA256","bytesTransferredIn":0,"AuthenticationMethod":"AuthHeader","x-amz-id-2":"MNTPEfX2uMEEvHZ8j3MPGXp/ajkgcGVwpry9ZJmI1mBKLp3DAmvSvQp2+F4kCxijr/uf2ICFtbSESKFU6vl3oA==","bytesTransferredOut":695},"requestID":"0JEBVZ1CNH9PR6PD","eventID":"469ca8d4-1f23-47d7-829e-56b9a315723e","readOnly":true,"resources":[{"accountId":"637423240666","type":"AWS::S3::Bucket","ARN":"arn:aws:s3:::meownitoring2024trailbucket"}],"eventType":"AwsApiCall","managementEvent":true,"recipientAccountId":"637423240666","eventCategory":"Management","tlsDetails":{"tlsVersion":"TLSv1.3","cipherSuite":"TLS_AES_128_GCM_SHA256","clientProvidedHostHeader":"meownitoring2024trailbucket.s3.ap-southeast-1.amazonaws.com"}},{"eventVersion":"1.09","userIdentity":{"type":"IAMUser","principalId":"AIDAZI2LCYXNLENAY2IQ3","arn":"arn:aws:iam::637423240666:user/dev","accountId":"637423240666","accessKeyId":"AKIAZI2LCYXNH4OISNEW","userName":"dev"},"eventTime":"2024-07-17T05:51:18Z","eventSource":"s3.amazonaws.com","eventName":"GetBucketObjectLockConfiguration","awsRegion":"ap-southeast-1","sourceIPAddress":"8.29.230.19","userAgent":"[APN/1.0 HashiCorp/1.0 Terraform/1.3.7 (+https://www.terraform.io) terraform-provider-aws/5.57.0 (+https://registry.terraform.io/providers/hashicorp/aws) aws-sdk-go-v2/1.30.1 os/linux lang/go#1.22.4 md/GOOS#linux md/GOARCH#amd64 api/s3#1.58.0]","errorCode":"ObjectLockConfigurationNotFoundError","errorMessage":"Object Lock configuration does not exist for this bucket","requestParameters":{"bucketName":"meownitoring2024trailbucket","object-lock":"","Host":"meownitoring2024trailbucket.s3.ap-southeast-1.amazonaws.com"},"responseElements":null,"additionalEventData":{"SignatureVersion":"SigV4","CipherSuite":"TLS_AES_128_GCM_SHA256","bytesTransferredIn":0,"AuthenticationMethod":"AuthHeader","x-amz-id-2":"xX5Xq0SiUSFqwgn5XHOhppVyFheKJpwGMO1Cq4RyDRrnb8FL1WOJkojAIdRPAbNiBJFFFErFYoB1FOpc/IJH3Q==","bytesTransferredOut":374},"requestID":"703EBG3SYH4420EW","eventID":"f4206328-1ae3-4186-8590-64fe7848dcdc","readOnly":true,"resources":[{"accountId":"637423240666","type":"AWS::S3::Bucket","ARN":"arn:aws:s3:::meownitoring2024trailbucket"}],"eventType":"AwsApiCall","managementEvent":true,"recipientAccountId":"637423240666","eventCategory":"Management","tlsDetails":{"tlsVersion":"TLSv1.3","cipherSuite":"TLS_AES_128_GCM_SHA256","clientProvidedHostHeader":"meownitoring2024trailbucket.s3.ap-southeast-1.amazonaws.com"}},{"eventVersion":"1.09","userIdentity":{"type":"IAMUser","principalId":"AIDAZI2LCYXNLENAY2IQ3","arn":"arn:aws:iam::637423240666:user/dev","accountId":"637423240666","accessKeyId":"AKIAZI2LCYXNH4OISNEW","userName":"dev"},"eventTime":"2024-07-17T05:51:16Z","eventSource":"apigateway.amazonaws.com","eventName":"GetApi","awsRegion":"ap-southeast-1","sourceIPAddress":"8.29.230.19","userAgent":"APN/1.0 HashiCorp/1.0 Terraform/1.3.7 (+https://www.terraform.io) terraform-provider-aws/5.57.0 (+https://registry.terraform.io/providers/hashicorp/aws) aws-sdk-go-v2/1.30.1 os/linux lang/go#1.22.4 md/GOOS#linux md/GOARCH#amd64 api/apigatewayv2#1.22.1","requestParameters":{"apiId":"f7x7yzf9j2"},"responseElements":null,"requestID":"e78f8b74-163f-47e8-9553-e09b5b3afeea","eventID":"da6d7eb8-cddc-45e2-93c6-661bb73a1080","readOnly":true,"eventType":"AwsApiCall","managementEvent":true,"recipientAccountId":"637423240666","eventCategory":"Management"},{"eventVersion":"1.09","userIdentity":{"type":"IAMUser","principalId":"AIDAZI2LCYXNLENAY2IQ3","arn":"arn:aws:iam::637423240666:user/dev","accountId":"637423240666","accessKeyId":"AKIAZI2LCYXNH4OISNEW","userName":"dev"},"eventTime":"2024-07-17T05:51:17Z","eventSource":"apigateway.amazonaws.com","eventName":"GetApi","awsRegion":"ap-southeast-1","sourceIPAddress":"8.29.230.19","userAgent":"APN/1.0 HashiCorp/1.0 Terraform/1.3.7 (+https://www.terraform.io) terraform-provider-aws/5.57.0 (+https://registry.terraform.io/providers/hashicorp/aws) aws-sdk-go-v2/1.30.1 os/linux lang/go#1.22.4 md/GOOS#linux md/GOARCH#amd64 api/apigatewayv2#1.22.1","requestParameters":{"apiId":"f7x7yzf9j2"},"responseElements":null,"requestID":"e79bbeb1-b5b3-4655-8364-7b6e43c76e7c","eventID":"750ff77c-fc81-4358-ac27-53d32ce8a7a4","readOnly":true,"eventType":"AwsApiCall","managementEvent":true,"recipientAccountId":"637423240666","eventCategory":"Management"},{"eventVersion":"1.08","userIdentity":{"type":"IAMUser","principalId":"AIDAZI2LCYXNLENAY2IQ3","arn":"arn:aws:iam::637423240666:user/dev","accountId":"637423240666","accessKeyId":"AKIAZI2LCYXNH4OISNEW","userName":"dev"},"eventTime":"2024-07-17T05:51:20Z","eventSource":"lambda.amazonaws.com","eventName":"GetFunction20150331v2","awsRegion":"ap-southeast-1","sourceIPAddress":"8.29.230.19","userAgent":"APN/1.0 HashiCorp/1.0 Terraform/1.3.7 (+https://www.terraform.io) terraform-provider-aws/5.57.0 (+https://registry.terraform.io/providers/hashicorp/aws) aws-sdk-go-v2/1.30.1 os/linux lang/go#1.22.4 md/GOOS#linux md/GOARCH#amd64 api/lambda#1.56.1","requestParameters":{"functionName":"processor"},"responseElements":null,"requestID":"aea7e171-f278-4252-a0df-634ec1f57922","eventID":"8a3b66ff-881a-4e97-b005-d6fdb3d85058","readOnly":true,"eventType":"AwsApiCall","managementEvent":true,"recipientAccountId":"637423240666","eventCategory":"Management","tlsDetails":{"tlsVersion":"TLSv1.3","cipherSuite":"TLS_AES_128_GCM_SHA256","clientProvidedHostHeader":"lambda.ap-southeast-1.amazonaws.com"}},{"eventVersion":"1.08","userIdentity":{"type":"IAMUser","principalId":"AIDAZI2LCYXNLENAY2IQ3","arn":"arn:aws:iam::637423240666:user/dev","accountId":"637423240666","accessKeyId":"AKIAZI2LCYXNH4OISNEW","userName":"dev"},"eventTime":"2024-07-17T05:51:16Z","eventSource":"lambda.amazonaws.com","eventName":"GetPolicy20150331v2","awsRegion":"ap-southeast-1","sourceIPAddress":"8.29.230.19","userAgent":"APN/1.0 HashiCorp/1.0 Terraform/1.3.7 (+https://www.terraform.io) terraform-provider-aws/5.57.0 (+https://registry.terraform.io/providers/hashicorp/aws) aws-sdk-go-v2/1.30.1 os/linux lang/go#1.22.4 md/GOOS#linux md/GOARCH#amd64 api/lambda#1.56.1","requestParameters":{"functionName":"processor"},"responseElements":null,"requestID":"a2823099-0d3c-4466-a777-7bfeeafd80c0","eventID":"5b65f413-f7da-4ca1-a761-e699f4292779","readOnly":true,"eventType":"AwsApiCall","managementEvent":true,"recipientAccountId":"637423240666","eventCategory":"Management","tlsDetails":{"tlsVersion":"TLSv1.3","cipherSuite":"TLS_AES_128_GCM_SHA256","clientProvidedHostHeader":"lambda.ap-southeast-1.amazonaws.com"}},{"eventVersion":"1.09","userIdentity":{"type":"IAMUser","principalId":"AIDAZI2LCYXNLENAY2IQ3","arn":"arn:aws:iam::637423240666:user/dev","accountId":"637423240666","accessKeyId":"AKIAZI2LCYXNH4OISNEW","userName":"dev"},"eventTime":"2024-07-17T05:51:16Z","eventSource":"apigateway.amazonaws.com","eventName":"GetStage","awsRegion":"ap-southeast-1","sourceIPAddress":"8.29.230.19","userAgent":"APN/1.0 HashiCorp/1.0 Terraform/1.3.7 (+https://www.terraform.io) terraform-provider-aws/5.57.0 (+https://registry.terraform.io/providers/hashicorp/aws) aws-sdk-go-v2/1.30.1 os/linux lang/go#1.22.4 md/GOOS#linux md/GOARCH#amd64 api/apigatewayv2#1.22.1","requestParameters":{"stageName":"27e53566ef","apiId":"kv0g2hke5e"},"responseElements":null,"requestID":"de6cdde4-52fc-4d76-bd3f-7b3c92dd0c9b","eventID":"790bd27a-354c-48b5-b53e-5940f457bfcc","readOnly":true,"eventType":"AwsApiCall","managementEvent":true,"recipientAccountId":"637423240666","eventCategory":"Management"},{"eventVersion":"1.08","userIdentity":{"type":"IAMUser","principalId":"AIDAZI2LCYXNLENAY2IQ3","arn":"arn:aws:iam::637423240666:user/dev","accountId":"637423240666","accessKeyId":"AKIAZI2LCYXNH4OISNEW","userName":"dev"},"eventTime":"2024-07-17T05:51:20Z","eventSource":"lambda.amazonaws.com","eventName":"ListVersionsByFunction20150331","awsRegion":"ap-southeast-1","sourceIPAddress":"8.29.230.19","userAgent":"APN/1.0 HashiCorp/1.0 Terraform/1.3.7 (+https://www.terraform.io) terraform-provider-aws/5.57.0 (+https://registry.terraform.io/providers/hashicorp/aws) m/C aws-sdk-go-v2/1.30.1 os/linux lang/go#1.22.4 md/GOOS#linux md/GOARCH#amd64 api/lambda#1.56.1","requestParameters":{"functionName":"processor","maxItems":10000},"responseElements":null,"requestID":"b10c8d71-d819-4c31-a922-c4c9d393faaf","eventID":"ea06c17b-a9b9-4abc-8ef0-8cfb8c87a624","readOnly":true,"eventType":"AwsApiCall","managementEvent":true,"recipientAccountId":"637423240666","eventCategory":"Management","tlsDetails":{"tlsVersion":"TLSv1.3","cipherSuite":"TLS_AES_128_GCM_SHA256","clientProvidedHostHeader":"lambda.ap-southeast-1.amazonaws.com"}},{"eventVersion":"1.10","userIdentity":{"type":"IAMUser","principalId":"AIDAZI2LCYXNLENAY2IQ3","arn":"arn:aws:iam::637423240666:user/dev","accountId":"637423240666","accessKeyId":"AKIAZI2LCYXNH4OISNEW","userName":"dev"},"eventTime":"2024-07-17T05:51:20Z","eventSource":"cloudtrail.amazonaws.com","eventName":"DescribeTrails","awsRegion":"ap-southeast-1","sourceIPAddress":"8.29.230.19","userAgent":"APN/1.0 HashiCorp/1.0 Terraform/1.3.7 (+https://www.terraform.io) terraform-provider-aws/5.57.0 (+https://registry.terraform.io/providers/hashicorp/aws) aws-sdk-go-v2/1.30.1 os/linux lang/go#1.22.4 md/GOOS#linux md/GOARCH#amd64 api/cloudtrail#1.42.1","requestParameters":{"trailNameList":["arn:aws:cloudtrail:ap-southeast-1:637423240666:trail/accountlogs"]},"responseElements":null,"requestID":"8769d30f-1dc2-4110-a125-9b5649b38ca5","eventID":"0767e60c-35ed-4917-8251-969c186207ff","readOnly":true,"eventType":"AwsApiCall","managementEvent":true,"recipientAccountId":"637423240666","eventCategory":"Management","tlsDetails":{"tlsVersion":"TLSv1.3","cipherSuite":"TLS_AES_128_GCM_SHA256","clientProvidedHostHeader":"cloudtrail.ap-southeast-1.amazonaws.com"}},{"eventVersion":"1.10","userIdentity":{"type":"IAMUser","principalId":"AIDAZI2LCYXNLENAY2IQ3","arn":"arn:aws:iam::637423240666:user/dev","accountId":"637423240666","accessKeyId":"AKIAZI2LCYXNH4OISNEW","userName":"dev"},"eventTime":"2024-07-17T05:51:20Z","eventSource":"cloudtrail.amazonaws.com","eventName":"GetTrailStatus","awsRegion":"ap-southeast-1","sourceIPAddress":"8.29.230.19","userAgent":"APN/1.0 HashiCorp/1.0 Terraform/1.3.7 (+https://www.terraform.io) terraform-provider-aws/5.57.0 (+https://registry.terraform.io/providers/hashicorp/aws) aws-sdk-go-v2/1.30.1 os/linux lang/go#1.22.4 md/GOOS#linux md/GOARCH#amd64 api/cloudtrail#1.42.1","requestParameters":{"name":"arn:aws:cloudtrail:ap-southeast-1:637423240666:trail/accountlogs"},"responseElements":null,"requestID":"cc80c55e-c151-4c00-83bd-3ddf119a0625","eventID":"f34801a7-f30d-4201-b9c9-83c98f330854","readOnly":true,"eventType":"AwsApiCall","managementEvent":true,"recipientAccountId":"637423240666","eventCategory":"Management","tlsDetails":{"tlsVersion":"TLSv1.3","cipherSuite":"TLS_AES_128_GCM_SHA256","clientProvidedHostHeader":"cloudtrail.ap-southeast-1.amazonaws.com"}},{"eventVersion":"1.10","userIdentity":{"type":"IAMUser","principalId":"AIDAZI2LCYXNLENAY2IQ3","arn":"arn:aws:iam::637423240666:user/dev","accountId":"637423240666","accessKeyId":"AKIAZI2LCYXNH4OISNEW","userName":"dev"},"eventTime":"2024-07-17T05:51:20Z","eventSource":"cloudtrail.amazonaws.com","eventName":"ListTags","awsRegion":"ap-southeast-1","sourceIPAddress":"8.29.230.19","userAgent":"APN/1.0 HashiCorp/1.0 Terraform/1.3.7 (+https://www.terraform.io) terraform-provider-aws/5.57.0 (+https://registry.terraform.io/providers/hashicorp/aws) m/C aws-sdk-go-v2/1.30.1 os/linux lang/go#1.22.4 md/GOOS#linux md/GOARCH#amd64 api/cloudtrail#1.42.1","requestParameters":{"resourceIdList":["arn:aws:cloudtrail:ap-southeast-1:637423240666:trail/accountlogs"]},"responseElements":null,"requestID":"04345ff1-b3ee-4f33-a5c6-3fdd7a1f913b","eventID":"9377e2ca-fd70-4292-8566-c4731c85a53c","readOnly":true,"eventType":"AwsApiCall","managementEvent":true,"recipientAccountId":"637423240666","eventCategory":"Management","tlsDetails":{"tlsVersion":"TLSv1.3","cipherSuite":"TLS_AES_128_GCM_SHA256","clientProvidedHostHeader":"cloudtrail.ap-southeast-1.amazonaws.com"}},{"eventVersion":"1.08","userIdentity":{"type":"IAMUser","principalId":"AIDAZI2LCYXNLENAY2IQ3","arn":"arn:aws:iam::637423240666:user/dev","accountId":"637423240666","accessKeyId":"AKIAZI2LCYXNH4OISNEW","userName":"dev"},"eventTime":"2024-07-17T05:51:20Z","eventSource":"lambda.amazonaws.com","eventName":"GetFunction20150331v2","awsRegion":"ap-southeast-1","sourceIPAddress":"8.29.230.19","userAgent":"APN/1.0 HashiCorp/1.0 Terraform/1.3.7 (+https://www.terraform.io) terraform-provider-aws/5.57.0 (+https://registry.terraform.io/providers/hashicorp/aws) aws-sdk-go-v2/1.30.1 os/linux lang/go#1.22.4 md/GOOS#linux md/GOARCH#amd64 api/lambda#1.56.1","requestParameters":{"functionName":"debug-logs-compiler"},"responseElements":null,"requestID":"395ab939-34c1-4192-ab73-82ca507863cc","eventID":"09880615-eb7b-4c53-99be-abad856d0844","readOnly":true,"eventType":"AwsApiCall","managementEvent":true,"recipientAccountId":"637423240666","eventCategory":"Management","tlsDetails":{"tlsVersion":"TLSv1.3","cipherSuite":"TLS_AES_128_GCM_SHA256","clientProvidedHostHeader":"lambda.ap-southeast-1.amazonaws.com"}},{"eventVersion":"1.08","userIdentity":{"type":"IAMUser","principalId":"AIDAZI2LCYXNLENAY2IQ3","arn":"arn:aws:iam::637423240666:user/dev","accountId":"637423240666","accessKeyId":"AKIAZI2LCYXNH4OISNEW","userName":"dev"},"eventTime":"2024-07-17T05:51:20Z","eventSource":"lambda.amazonaws.com","eventName":"GetFunctionCodeSigningConfig","awsRegion":"ap-southeast-1","sourceIPAddress":"8.29.230.19","userAgent":"APN/1.0 HashiCorp/1.0 Terraform/1.3.7 (+https://www.terraform.io) terraform-provider-aws/5.57.0 (+https://registry.terraform.io/providers/hashicorp/aws) aws-sdk-go-v2/1.30.1 os/linux lang/go#1.22.4 md/GOOS#linux md/GOARCH#amd64 api/lambda#1.56.1","requestParameters":{"functionName":"debug-logs-compiler"},"responseElements":null,"requestID":"f8dd712c-8273-40dc-a792-faaa17f50adc","eventID":"cde4ba52-3891-4a42-b9c0-aa9518a689a0","readOnly":true,"eventType":"AwsApiCall","managementEvent":true,"recipientAccountId":"637423240666","eventCategory":"Management","tlsDetails":{"tlsVersion":"TLSv1.3","cipherSuite":"TLS_AES_128_GCM_SHA256","clientProvidedHostHeader":"lambda.ap-southeast-1.amazonaws.com"}},{"eventVersion":"1.09","userIdentity":{"type":"IAMUser","principalId":"AIDAZI2LCYXNLENAY2IQ3","arn":"arn:aws:iam::637423240666:user/dev","accountId":"637423240666","accessKeyId":"AKIAZI2LCYXNH4OISNEW","userName":"dev"},"eventTime":"2024-07-17T05:51:21Z","eventSource":"logs.amazonaws.com","eventName":"DescribeLogGroups","awsRegion":"ap-southeast-1","sourceIPAddress":"8.29.230.19","userAgent":"APN/1.0 HashiCorp/1.0 Terraform/1.3.7 (+https://www.terraform.io) terraform-provider-aws/5.57.0 (+https://registry.terraform.io/providers/hashicorp/aws) m/C aws-sdk-go-v2/1.30.1 os/linux lang/go#1.22.4 md/GOOS#linux md/GOARCH#amd64 api/cloudwatchlogs#1.37.1","requestParameters":{"logGroupNamePrefix":"/aws/lambda/debug-logs-compiler"},"responseElements":null,"requestID":"32b4d647-058e-4601-9ed9-d5cbec8320b8","eventID":"258e3a21-4085-4aca-867d-1c90782abcfa","readOnly":true,"resources":[{"accountId":"637423240666","type":"AWS::Logs::LogGroup","ARN":"arn:aws:logs:ap-southeast-1:637423240666:log-group:/aws/lambda/debug-logs-compiler"}],"eventType":"AwsApiCall","apiVersion":"20140328","managementEvent":true,"recipientAccountId":"637423240666","eventCategory":"Management","tlsDetails":{"tlsVersion":"TLSv1.3","cipherSuite":"TLS_AES_128_GCM_SHA256","clientProvidedHostHeader":"logs.ap-southeast-1.amazonaws.com"}},{"eventVersion":"1.09","userIdentity":{"type":"IAMUser","principalId":"AIDAZI2LCYXNLENAY2IQ3","arn":"arn:aws:iam::637423240666:user/dev","accountId":"637423240666","accessKeyId":"AKIAZI2LCYXNH4OISNEW","userName":"dev"},"eventTime":"2024-07-17T05:51:21Z","eventSource":"logs.amazonaws.com","eventName":"ListTagsForResource","awsRegion":"ap-southeast-1","sourceIPAddress":"8.29.230.19","userAgent":"APN/1.0 HashiCorp/1.0 Terraform/1.3.7 (+https://www.terraform.io) terraform-provider-aws/5.57.0 (+https://registry.terraform.io/providers/hashicorp/aws) aws-sdk-go-v2/1.30.1 os/linux lang/go#1.22.4 md/GOOS#linux md/GOARCH#amd64 api/cloudwatchlogs#1.37.1","requestParameters":{"resourceArn":"arn:aws:logs:ap-southeast-1:637423240666:log-group:/aws/lambda/debug-logs-compiler"},"responseElements":null,"requestID":"efd76d99-acaa-43a3-b3f6-ea63599ec52f","eventID":"7beeaa9c-c4b0-435b-8658-77bca2475306","readOnly":true,"eventType":"AwsApiCall","apiVersion":"20140328","managementEvent":true,"recipientAccountId":"637423240666","eventCategory":"Management","tlsDetails":{"tlsVersion":"TLSv1.3","cipherSuite":"TLS_AES_128_GCM_SHA256","clientProvidedHostHeader":"logs.ap-southeast-1.amazonaws.com"}},{"eventVersion":"1.09","userIdentity":{"type":"IAMUser","principalId":"AIDAZI2LCYXNLENAY2IQ3","arn":"arn:aws:iam::637423240666:user/dev","accountId":"637423240666","accessKeyId":"AKIAZI2LCYXNH4OISNEW","userName":"dev"},"eventTime":"2024-07-17T05:51:21Z","eventSource":"logs.amazonaws.com","eventName":"GetDataProtectionPolicy","awsRegion":"ap-southeast-1","sourceIPAddress":"8.29.230.19","userAgent":"APN/1.0 HashiCorp/1.0 Terraform/1.3.7 (+https://www.terraform.io) terraform-provider-aws/5.57.0 (+https://registry.terraform.io/providers/hashicorp/aws) aws-sdk-go-v2/1.30.1 os/linux lang/go#1.22.4 md/GOOS#linux md/GOARCH#amd64 api/cloudwatchlogs#1.37.1","requestParameters":{"logGroupIdentifier":"/aws/lambda/debug-logs-compiler"},"responseElements":null,"requestID":"adab3fed-1462-4a07-ba90-43556962c442","eventID":"4f9bd686-6a12-4518-8a5e-dc0a5ee48d8e","readOnly":true,"resources":[{"accountId":"637423240666","type":"AWS::Logs::LogGroup","ARN":"arn:aws:logs:ap-southeast-1:637423240666:log-group:/aws/lambda/debug-logs-compiler:log-stream:"}],"eventType":"AwsApiCall","apiVersion":"20140328","managementEvent":true,"recipientAccountId":"637423240666","eventCategory":"Management","tlsDetails":{"tlsVersion":"TLSv1.3","cipherSuite":"TLS_AES_128_GCM_SHA256","clientProvidedHostHeader":"logs.ap-southeast-1.amazonaws.com"}},{"eventVersion":"1.09","userIdentity":{"type":"IAMUser","principalId":"AIDAZI2LCYXNLENAY2IQ3","arn":"arn:aws:iam::637423240666:user/dev","accountId":"637423240666","accessKeyId":"AKIAZI2LCYXNH4OISNEW","userName":"dev"},"eventTime":"2024-07-17T05:51:16Z","eventSource":"apigateway.amazonaws.com","eventName":"GetStage","awsRegion":"ap-southeast-1","sourceIPAddress":"8.29.230.19","userAgent":"APN/1.0 HashiCorp/1.0 Terraform/1.3.7 (+https://www.terraform.io) terraform-provider-aws/5.57.0 (+https://registry.terraform.io/providers/hashicorp/aws) aws-sdk-go-v2/1.30.1 os/linux lang/go#1.22.4 md/GOOS#linux md/GOARCH#amd64 api/apigatewayv2#1.22.1","requestParameters":{"stageName":"27e53566ef","apiId":"f7x7yzf9j2"},"responseElements":null,"requestID":"ee3d35ee-a301-463a-aa72-19de497d9680","eventID":"4f7c8a87-e6ad-4642-987e-54481748d389","readOnly":true,"eventType":"AwsApiCall","managementEvent":true,"recipientAccountId":"637423240666","eventCategory":"Management"},{"eventVersion":"1.08","userIdentity":{"type":"IAMUser","principalId":"AIDAZI2LCYXNLENAY2IQ3","arn":"arn:aws:iam::637423240666:user/dev","accountId":"637423240666","accessKeyId":"AKIAZI2LCYXNH4OISNEW","userName":"dev"},"eventTime":"2024-07-17T05:51:35Z","eventSource":"sts.amazonaws.com","eventName":"GetCallerIdentity","awsRegion":"ap-southeast-1","sourceIPAddress":"8.29.230.19","userAgent":"APN/1.0 HashiCorp/1.0 Terraform/1.3.7 (+https://www.terraform.io) terraform-provider-aws/5.57.0 (+https://registry.terraform.io/providers/hashicorp/aws) aws-sdk-go-v2/1.30.1 os/linux lang/go#1.22.4 md/GOOS#linux md/GOARCH#amd64 api/sts#1.30.1","requestParameters":null,"responseElements":null,"requestID":"d9d8e2ca-4d75-41f7-8911-eb971ef999d9","eventID":"1c1595d2-9e53-4603-9000-18d7b37c8d10","readOnly":true,"eventType":"AwsApiCall","managementEvent":true,"recipientAccountId":"637423240666","eventCategory":"Management","tlsDetails":{"tlsVersion":"TLSv1.3","cipherSuite":"TLS_AES_128_GCM_SHA256","clientProvidedHostHeader":"sts.ap-southeast-1.amazonaws.com"}},{"eventVersion":"1.09","userIdentity":{"type":"IAMUser","principalId":"AIDAZI2LCYXNLENAY2IQ3","arn":"arn:aws:iam::637423240666:user/dev","accountId":"637423240666","accessKeyId":"AKIAZI2LCYXNH4OISNEW","userName":"dev"},"eventTime":"2024-07-17T05:51:16Z","eventSource":"apigateway.amazonaws.com","eventName":"GetIntegration","awsRegion":"ap-southeast-1","sourceIPAddress":"8.29.230.19","userAgent":"APN/1.0 HashiCorp/1.0 Terraform/1.3.7 (+https://www.terraform.io) terraform-provider-aws/5.57.0 (+https://registry.terraform.io/providers/hashicorp/aws) aws-sdk-go-v2/1.30.1 os/linux lang/go#1.22.4 md/GOOS#linux md/GOARCH#amd64 api/apigatewayv2#1.22.1","requestParameters":{"integrationId":"y2pnomf","apiId":"f7x7yzf9j2"},"responseElements":null,"requestID":"348c1c2b-f024-4c6e-b531-8f0d35e08c6b","eventID":"ff44e849-132a-46f9-9b33-80a4e0691ece","readOnly":true,"eventType":"AwsApiCall","managementEvent":true,"recipientAccountId":"637423240666","eventCategory":"Management"},{"eventVersion":"1.09","userIdentity":{"type":"IAMUser","principalId":"AIDAZI2LCYXNLENAY2IQ3","arn":"arn:aws:iam::637423240666:user/dev","accountId":"637423240666","accessKeyId":"AKIAZI2LCYXNH4OISNEW","userName":"dev"},"eventTime":"2024-07-17T05:51:37Z","eventSource":"apigateway.amazonaws.com","eventName":"DeleteApi","awsRegion":"ap-southeast-1","sourceIPAddress":"8.29.230.19","userAgent":"APN/1.0 HashiCorp/1.0 Terraform/1.3.7 (+https://www.terraform.io) terraform-provider-aws/5.57.0 (+https://registry.terraform.io/providers/hashicorp/aws) aws-sdk-go-v2/1.30.1 os/linux lang/go#1.22.4 md/GOOS#linux md/GOARCH#amd64 api/apigatewayv2#1.22.1","requestParameters":{"apiId":"f7x7yzf9j2"},"responseElements":null,"requestID":"183e78da-3ce9-4bb9-8501-9b7554fe22e3","eventID":"0e492c1a-bd41-47a3-92a8-8eab687212bc","readOnly":false,"eventType":"AwsApiCall","managementEvent":true,"recipientAccountId":"637423240666","eventCategory":"Management"},{"eventVersion":"1.08","userIdentity":{"type":"IAMUser","principalId":"AIDAZI2LCYXNLENAY2IQ3","arn":"arn:aws:iam::637423240666:user/dev","accountId":"637423240666","accessKeyId":"AKIAZI2LCYXNH4OISNEW","userName":"dev"},"eventTime":"2024-07-17T05:51:20Z","eventSource":"lambda.amazonaws.com","eventName":"GetFunctionCodeSigningConfig","awsRegion":"ap-southeast-1","sourceIPAddress":"8.29.230.19","userAgent":"APN/1.0 HashiCorp/1.0 Terraform/1.3.7 (+https://www.terraform.io) terraform-provider-aws/5.57.0 (+https://registry.terraform.io/providers/hashicorp/aws) aws-sdk-go-v2/1.30.1 os/linux lang/go#1.22.4 md/GOOS#linux md/GOARCH#amd64 api/lambda#1.56.1","requestParameters":{"functionName":"processor"},"responseElements":null,"requestID":"49a507d3-2518-4017-a2b1-c03ca5d8cba0","eventID":"99b088f2-26e3-480c-8468-f4a011527c84","readOnly":true,"eventType":"AwsApiCall","managementEvent":true,"recipientAccountId":"637423240666","eventCategory":"Management","tlsDetails":{"tlsVersion":"TLSv1.3","cipherSuite":"TLS_AES_128_GCM_SHA256","clientProvidedHostHeader":"lambda.ap-southeast-1.amazonaws.com"}},{"eventVersion":"1.09","userIdentity":{"type":"IAMUser","principalId":"AIDAZI2LCYXNLENAY2IQ3","arn":"arn:aws:iam::637423240666:user/dev","accountId":"637423240666","accessKeyId":"AKIAZI2LCYXNH4OISNEW","userName":"dev"},"eventTime":"2024-07-17T05:51:16Z","eventSource":"apigateway.amazonaws.com","eventName":"GetRoute","awsRegion":"ap-southeast-1","sourceIPAddress":"8.29.230.19","userAgent":"APN/1.0 HashiCorp/1.0 Terraform/1.3.7 (+https://www.terraform.io) terraform-provider-aws/5.57.0 (+https://registry.terraform.io/providers/hashicorp/aws) aws-sdk-go-v2/1.30.1 os/linux lang/go#1.22.4 md/GOOS#linux md/GOARCH#amd64 api/apigatewayv2#1.22.1","requestParameters":{"routeId":"jgj8n9t","apiId":"kv0g2hke5e"},"responseElements":null,"requestID":"515916bd-49a3-448d-a9c7-3ee66d85ae54","eventID":"9d806528-2137-47ce-865b-8e7207acdc12","readOnly":true,"eventType":"AwsApiCall","managementEvent":true,"recipientAccountId":"637423240666","eventCategory":"Management"},{"eventVersion":"1.09","userIdentity":{"type":"IAMUser","principalId":"AIDAZI2LCYXNLENAY2IQ3","arn":"arn:aws:iam::637423240666:user/dev","accountId":"637423240666","accessKeyId":"AKIAZI2LCYXNH4OISNEW","userName":"dev"},"eventTime":"2024-07-17T05:51:17Z","eventSource":"apigateway.amazonaws.com","eventName":"GetStage","awsRegion":"ap-southeast-1","sourceIPAddress":"8.29.230.19","userAgent":"APN/1.0 HashiCorp/1.0 Terraform/1.3.7 (+https://www.terraform.io) terraform-provider-aws/5.57.0 (+https://registry.terraform.io/providers/hashicorp/aws) aws-sdk-go-v2/1.30.1 os/linux lang/go#1.22.4 md/GOOS#linux md/GOARCH#amd64 api/apigatewayv2#1.22.1","requestParameters":{"stageName":"0c39562660b39d7","apiId":"pxzfkfmjo7"},"responseElements":null,"requestID":"061d8654-296f-4f18-aa4e-6930a5971682","eventID":"842cd3d1-0738-4a78-90f1-8ca1a23c5b24","readOnly":true,"eventType":"AwsApiCall","managementEvent":true,"recipientAccountId":"637423240666","eventCategory":"Management"},{"eventVersion":"1.09","userIdentity":{"type":"IAMUser","principalId":"AIDAZI2LCYXNLENAY2IQ3","arn":"arn:aws:iam::637423240666:user/dev","accountId":"637423240666","accessKeyId":"AKIAZI2LCYXNH4OISNEW","userName":"dev"},"eventTime":"2024-07-17T05:51:16Z","eventSource":"apigateway.amazonaws.com","eventName":"GetApi","awsRegion":"ap-southeast-1","sourceIPAddress":"8.29.230.19","userAgent":"APN/1.0 HashiCorp/1.0 Terraform/1.3.7 (+https://www.terraform.io) terraform-provider-aws/5.57.0 (+https://registry.terraform.io/providers/hashicorp/aws) aws-sdk-go-v2/1.30.1 os/linux lang/go#1.22.4 md/GOOS#linux md/GOARCH#amd64 api/apigatewayv2#1.22.1","requestParameters":{"apiId":"f7x7yzf9j2"},"responseElements":null,"requestID":"ff0f2d76-d904-4aa2-951c-c8fd95ab6069","eventID":"20addb6f-1015-4139-b43b-93a6d3e98bec","readOnly":true,"eventType":"AwsApiCall","managementEvent":true,"recipientAccountId":"637423240666","eventCategory":"Management"},{"eventVersion":"1.09","userIdentity":{"type":"IAMUser","principalId":"AIDAZI2LCYXNLENAY2IQ3","arn":"arn:aws:iam::637423240666:user/dev","accountId":"637423240666","accessKeyId":"AKIAZI2LCYXNH4OISNEW","userName":"dev"},"eventTime":"2024-07-17T05:51:16Z","eventSource":"apigateway.amazonaws.com","eventName":"GetStage","awsRegion":"ap-southeast-1","sourceIPAddress":"8.29.230.19","userAgent":"APN/1.0 HashiCorp/1.0 Terraform/1.3.7 (+https://www.terraform.io) terraform-provider-aws/5.57.0 (+https://registry.terraform.io/providers/hashicorp/aws) aws-sdk-go-v2/1.30.1 os/linux lang/go#1.22.4 md/GOOS#linux md/GOARCH#amd64 api/apigatewayv2#1.22.1","requestParameters":{"stageName":"371c9248920d","apiId":"kv0g2hke5e"},"responseElements":null,"requestID":"3ee1bfc2-6f7b-44a2-9284-3249538da9ef","eventID":"8623cc49-f179-47d9-b2da-c45c9241695d","readOnly":true,"eventType":"AwsApiCall","managementEvent":true,"recipientAccountId":"637423240666","eventCategory":"Management"},{"eventVersion":"1.09","userIdentity":{"type":"IAMUser","principalId":"AIDAZI2LCYXNLENAY2IQ3","arn":"arn:aws:iam::637423240666:user/dev","accountId":"637423240666","accessKeyId":"AKIAZI2LCYXNH4OISNEW","userName":"dev"},"eventTime":"2024-07-17T05:51:16Z","eventSource":"apigateway.amazonaws.com","eventName":"GetStage","awsRegion":"ap-southeast-1","sourceIPAddress":"8.29.230.19","userAgent":"APN/1.0 HashiCorp/1.0 Terraform/1.3.7 (+https://www.terraform.io) terraform-provider-aws/5.57.0 (+https://registry.terraform.io/providers/hashicorp/aws) aws-sdk-go-v2/1.30.1 os/linux lang/go#1.22.4 md/GOOS#linux md/GOARCH#amd64 api/apigatewayv2#1.22.1","requestParameters":{"stageName":"371c9248920d","apiId":"f7x7yzf9j2"},"responseElements":null,"requestID":"9c661416-8dfc-44c9-814a-b6dbacfb101b","eventID":"d7eb4316-edb0-459d-998e-68723aa8bd7f","readOnly":true,"eventType":"AwsApiCall","managementEvent":true,"recipientAccountId":"637423240666","eventCategory":"Management"},{"eventVersion":"1.09","userIdentity":{"type":"IAMUser","principalId":"AIDAZI2LCYXNLENAY2IQ3","arn":"arn:aws:iam::637423240666:user/dev","accountId":"637423240666","accessKeyId":"AKIAZI2LCYXNH4OISNEW","userName":"dev"},"eventTime":"2024-07-17T05:51:16Z","eventSource":"apigateway.amazonaws.com","eventName":"GetApi","awsRegion":"ap-southeast-1","sourceIPAddress":"8.29.230.19","userAgent":"APN/1.0 HashiCorp/1.0 Terraform/1.3.7 (+https://www.terraform.io) terraform-provider-aws/5.57.0 (+https://registry.terraform.io/providers/hashicorp/aws) aws-sdk-go-v2/1.30.1 os/linux lang/go#1.22.4 md/GOOS#linux md/GOARCH#amd64 api/apigatewayv2#1.22.1","requestParameters":{"apiId":"kv0g2hke5e"},"responseElements":null,"requestID":"b80abffb-e2b5-4109-b49d-3a57495cd906","eventID":"8611938e-95c5-48e9-899a-edd93ee2d8a5","readOnly":true,"eventType":"AwsApiCall","managementEvent":true,"recipientAccountId":"637423240666","eventCategory":"Management"},{"eventVersion":"1.08","userIdentity":{"type":"IAMUser","principalId":"AIDAZI2LCYXNLENAY2IQ3","arn":"arn:aws:iam::637423240666:user/dev","accountId":"637423240666","accessKeyId":"AKIAZI2LCYXNH4OISNEW","userName":"dev"},"eventTime":"2024-07-17T05:51:35Z","eventSource":"lambda.amazonaws.com","eventName":"GetPolicy20150331v2","awsRegion":"ap-southeast-1","sourceIPAddress":"8.29.230.19","userAgent":"APN/1.0 HashiCorp/1.0 Terraform/1.3.7 (+https://www.terraform.io) terraform-provider-aws/5.57.0 (+https://registry.terraform.io/providers/hashicorp/aws) aws-sdk-go-v2/1.30.1 os/linux lang/go#1.22.4 md/GOOS#linux md/GOARCH#amd64 api/lambda#1.56.1","requestParameters":{"functionName":"processor"},"responseElements":null,"requestID":"b7181343-c794-4c99-9647-02a9e56be6a5","eventID":"50919b63-5ac3-4ce1-8bb1-83466954b125","readOnly":true,"eventType":"AwsApiCall","managementEvent":true,"recipientAccountId":"637423240666","eventCategory":"Management","tlsDetails":{"tlsVersion":"TLSv1.3","cipherSuite":"TLS_AES_128_GCM_SHA256","clientProvidedHostHeader":"lambda.ap-southeast-1.amazonaws.com"}},{"eventVersion":"1.09","userIdentity":{"type":"IAMUser","principalId":"AIDAZI2LCYXNLENAY2IQ3","arn":"arn:aws:iam::637423240666:user/dev","accountId":"637423240666","accessKeyId":"AKIAZI2LCYXNH4OISNEW","userName":"dev"},"eventTime":"2024-07-17T05:51:16Z","eventSource":"apigateway.amazonaws.com","eventName":"GetApi","awsRegion":"ap-southeast-1","sourceIPAddress":"8.29.230.19","userAgent":"APN/1.0 HashiCorp/1.0 Terraform/1.3.7 (+https://www.terraform.io) terraform-provider-aws/5.57.0 (+https://registry.terraform.io/providers/hashicorp/aws) aws-sdk-go-v2/1.30.1 os/linux lang/go#1.22.4 md/GOOS#linux md/GOARCH#amd64 api/apigatewayv2#1.22.1","requestParameters":{"apiId":"pxzfkfmjo7"},"responseElements":null,"requestID":"d1a29453-0cf3-4074-b165-c8f37dd4ae28","eventID":"cfcbfae2-3e23-4736-b9af-ea48bbfbe19e","readOnly":true,"eventType":"AwsApiCall","managementEvent":true,"recipientAccountId":"637423240666","eventCategory":"Management"},{"eventVersion":"1.09","userIdentity":{"type":"IAMUser","principalId":"AIDAZI2LCYXNLENAY2IQ3","arn":"arn:aws:iam::637423240666:user/dev","accountId":"637423240666","accessKeyId":"AKIAZI2LCYXNH4OISNEW","userName":"dev"},"eventTime":"2024-07-17T05:51:16Z","eventSource":"apigateway.amazonaws.com","eventName":"GetIntegration","awsRegion":"ap-southeast-1","sourceIPAddress":"8.29.230.19","userAgent":"APN/1.0 HashiCorp/1.0 Terraform/1.3.7 (+https://www.terraform.io) terraform-provider-aws/5.57.0 (+https://registry.terraform.io/providers/hashicorp/aws) aws-sdk-go-v2/1.30.1 os/linux lang/go#1.22.4 md/GOOS#linux md/GOARCH#amd64 api/apigatewayv2#1.22.1","requestParameters":{"integrationId":"jlfvx0m","apiId":"kv0g2hke5e"},"responseElements":null,"requestID":"9595ca96-0d48-4c1e-bf8a-e05834dfcbde","eventID":"a8d08f44-7dc6-493e-8da1-a9e16c21bdb3","readOnly":true,"eventType":"AwsApiCall","managementEvent":true,"recipientAccountId":"637423240666","eventCategory":"Management"},{"eventVersion":"1.09","userIdentity":{"type":"IAMUser","principalId":"AIDAZI2LCYXNLENAY2IQ3","arn":"arn:aws:iam::637423240666:user/dev","accountId":"637423240666","accessKeyId":"AKIAZI2LCYXNH4OISNEW","userName":"dev"},"eventTime":"2024-07-17T05:51:36Z","eventSource":"apigateway.amazonaws.com","eventName":"DeleteStage","awsRegion":"ap-southeast-1","sourceIPAddress":"8.29.230.19","userAgent":"APN/1.0 HashiCorp/1.0 Terraform/1.3.7 (+https://www.terraform.io) terraform-provider-aws/5.57.0 (+https://registry.terraform.io/providers/hashicorp/aws) aws-sdk-go-v2/1.30.1 os/linux lang/go#1.22.4 md/GOOS#linux md/GOARCH#amd64 api/apigatewayv2#1.22.1","requestParameters":{"stageName":"27e53566ef","apiId":"f7x7yzf9j2"},"responseElements":null,"requestID":"292aa894-fab5-4737-9d2f-ac02dad898c8","eventID":"803f7741-afaa-4d7a-8b97-b55f9b4da511","readOnly":false,"eventType":"AwsApiCall","managementEvent":true,"recipientAccountId":"637423240666","eventCategory":"Management"},{"eventVersion":"1.09","userIdentity":{"type":"IAMUser","principalId":"AIDAZI2LCYXNLENAY2IQ3","arn":"arn:aws:iam::637423240666:user/dev","accountId":"637423240666","accessKeyId":"AKIAZI2LCYXNH4OISNEW","userName":"dev"},"eventTime":"2024-07-17T05:51:36Z","eventSource":"apigateway.amazonaws.com","eventName":"DeleteStage","awsRegion":"ap-southeast-1","sourceIPAddress":"8.29.230.19","userAgent":"APN/1.0 HashiCorp/1.0 Terraform/1.3.7 (+https://www.terraform.io) terraform-provider-aws/5.57.0 (+https://registry.terraform.io/providers/hashicorp/aws) aws-sdk-go-v2/1.30.1 os/linux lang/go#1.22.4 md/GOOS#linux md/GOARCH#amd64 api/apigatewayv2#1.22.1","requestParameters":{"stageName":"371c9248920d","apiId":"kv0g2hke5e"},"responseElements":null,"requestID":"a02d27dd-2f18-4eaf-841e-c812275a5714","eventID":"f63217f4-3eb9-48b8-a898-16ac14505c1c","readOnly":false,"eventType":"AwsApiCall","managementEvent":true,"recipientAccountId":"637423240666","eventCategory":"Management"},{"eventVersion":"1.09","userIdentity":{"type":"IAMUser","principalId":"AIDAZI2LCYXNLENAY2IQ3","arn":"arn:aws:iam::637423240666:user/dev","accountId":"637423240666","accessKeyId":"AKIAZI2LCYXNH4OISNEW","userName":"dev"},"eventTime":"2024-07-17T05:51:43Z","eventSource":"apigateway.amazonaws.com","eventName":"DeleteRoute","awsRegion":"ap-southeast-1","sourceIPAddress":"8.29.230.19","userAgent":"APN/1.0 HashiCorp/1.0 Terraform/1.3.7 (+https://www.terraform.io) terraform-provider-aws/5.57.0 (+https://registry.terraform.io/providers/hashicorp/aws) aws-sdk-go-v2/1.30.1 os/linux lang/go#1.22.4 md/GOOS#linux md/GOARCH#amd64 api/apigatewayv2#1.22.1","requestParameters":{"routeId":"r957wtt","apiId":"kv0g2hke5e"},"responseElements":null,"requestID":"61735163-8f01-418f-a444-c45f9701ebcb","eventID":"d2806695-ceeb-40b1-ad7d-6395f8ba8816","readOnly":false,"eventType":"AwsApiCall","managementEvent":true,"recipientAccountId":"637423240666","eventCategory":"Management"},{"eventVersion":"1.09","userIdentity":{"type":"IAMUser","principalId":"AIDAZI2LCYXNLENAY2IQ3","arn":"arn:aws:iam::637423240666:user/dev","accountId":"637423240666","accessKeyId":"AKIAZI2LCYXNH4OISNEW","userName":"dev"},"eventTime":"2024-07-17T05:51:17Z","eventSource":"apigateway.amazonaws.com","eventName":"GetApi","awsRegion":"ap-southeast-1","sourceIPAddress":"8.29.230.19","userAgent":"APN/1.0 HashiCorp/1.0 Terraform/1.3.7 (+https://www.terraform.io) terraform-provider-aws/5.57.0 (+https://registry.terraform.io/providers/hashicorp/aws) aws-sdk-go-v2/1.30.1 os/linux lang/go#1.22.4 md/GOOS#linux md/GOARCH#amd64 api/apigatewayv2#1.22.1","requestParameters":{"apiId":"pxzfkfmjo7"},"responseElements":null,"requestID":"fc69089a-c287-433c-b835-b164f162b076","eventID":"213c08b7-7a44-4cf1-8314-d8de88d880c2","readOnly":true,"eventType":"AwsApiCall","managementEvent":true,"recipientAccountId":"637423240666","eventCategory":"Management"},{"eventVersion":"1.08","userIdentity":{"type":"IAMUser","principalId":"AIDAZI2LCYXNLENAY2IQ3","arn":"arn:aws:iam::637423240666:user/dev","accountId":"637423240666","accessKeyId":"AKIAZI2LCYXNH4OISNEW","userName":"dev"},"eventTime":"2024-07-17T05:51:35Z","eventSource":"lambda.amazonaws.com","eventName":"RemovePermission20150331v2","awsRegion":"ap-southeast-1","sourceIPAddress":"8.29.230.19","userAgent":"APN/1.0 HashiCorp/1.0 Terraform/1.3.7 (+https://www.terraform.io) terraform-provider-aws/5.57.0 (+https://registry.terraform.io/providers/hashicorp/aws) aws-sdk-go-v2/1.30.1 os/linux lang/go#1.22.4 md/GOOS#linux md/GOARCH#amd64 api/lambda#1.56.1","requestParameters":{"functionName":"processor","statementId":"AllowAPIInvoke"},"responseElements":null,"requestID":"937832f8-d006-4769-a2f9-188f3dcfa5d8","eventID":"a75c38d3-1511-4e72-9d36-fa0fccafdb37","readOnly":false,"eventType":"AwsApiCall","managementEvent":true,"recipientAccountId":"637423240666","eventCategory":"Management","tlsDetails":{"tlsVersion":"TLSv1.3","cipherSuite":"TLS_AES_128_GCM_SHA256","clientProvidedHostHeader":"lambda.ap-southeast-1.amazonaws.com"}},{"eventVersion":"1.09","userIdentity":{"type":"IAMUser","principalId":"AIDAZI2LCYXNLENAY2IQ3","arn":"arn:aws:iam::637423240666:user/dev","accountId":"637423240666","accessKeyId":"AKIAZI2LCYXNH4OISNEW","userName":"dev"},"eventTime":"2024-07-17T05:51:20Z","eventSource":"apigateway.amazonaws.com","eventName":"GetIntegration","awsRegion":"ap-southeast-1","sourceIPAddress":"8.29.230.19","userAgent":"APN/1.0 HashiCorp/1.0 Terraform/1.3.7 (+https://www.terraform.io) terraform-provider-aws/5.57.0 (+https://registry.terraform.io/providers/hashicorp/aws) aws-sdk-go-v2/1.30.1 os/linux lang/go#1.22.4 md/GOOS#linux md/GOARCH#amd64 api/apigatewayv2#1.22.1","requestParameters":{"integrationId":"9wo8sps","apiId":"pxzfkfmjo7"},"responseElements":null,"requestID":"e6c5c975-8b60-43f2-b499-9641082980f6","eventID":"debfeb4a-7607-41f5-b86d-8de66401bbb6","readOnly":true,"eventType":"AwsApiCall","managementEvent":true,"recipientAccountId":"637423240666","eventCategory":"Management"},{"eventVersion":"1.09","userIdentity":{"type":"IAMUser","principalId":"AIDAZI2LCYXNLENAY2IQ3","arn":"arn:aws:iam::637423240666:user/dev","accountId":"637423240666","accessKeyId":"AKIAZI2LCYXNH4OISNEW","userName":"dev"},"eventTime":"2024-07-17T05:51:35Z","eventSource":"apigateway.amazonaws.com","eventName":"DeleteRoute","awsRegion":"ap-southeast-1","sourceIPAddress":"8.29.230.19","userAgent":"APN/1.0 HashiCorp/1.0 Terraform/1.3.7 (+https://www.terraform.io) terraform-provider-aws/5.57.0 (+https://registry.terraform.io/providers/hashicorp/aws) aws-sdk-go-v2/1.30.1 os/linux lang/go#1.22.4 md/GOOS#linux md/GOARCH#amd64 api/apigatewayv2#1.22.1","requestParameters":{"routeId":"jgj8n9t","apiId":"kv0g2hke5e"},"responseElements":null,"requestID":"cd29f0ea-3bd8-4626-b245-2b70b79d3a5b","eventID":"bd7eaed9-ded1-40ef-b37f-00a141731639","readOnly":false,"eventType":"AwsApiCall","managementEvent":true,"recipientAccountId":"637423240666","eventCategory":"Management"},{"eventVersion":"1.09","userIdentity":{"type":"IAMUser","principalId":"AIDAZI2LCYXNLENAY2IQ3","arn":"arn:aws:iam::637423240666:user/dev","accountId":"637423240666","accessKeyId":"AKIAZI2LCYXNH4OISNEW","userName":"dev"},"eventTime":"2024-07-17T05:51:36Z","eventSource":"apigateway.amazonaws.com","eventName":"DeleteIntegration","awsRegion":"ap-southeast-1","sourceIPAddress":"8.29.230.19","userAgent":"APN/1.0 HashiCorp/1.0 Terraform/1.3.7 (+https://www.terraform.io) terraform-provider-aws/5.57.0 (+https://registry.terraform.io/providers/hashicorp/aws) aws-sdk-go-v2/1.30.1 os/linux lang/go#1.22.4 md/GOOS#linux md/GOARCH#amd64 api/apigatewayv2#1.22.1","requestParameters":{"integrationId":"y2pnomf","apiId":"f7x7yzf9j2"},"responseElements":null,"requestID":"ca57a546-a1b6-46b2-8f4c-107d1a89e1f5","eventID":"631d1c25-3616-4d1a-9b18-a8ad64d170a8","readOnly":false,"eventType":"AwsApiCall","managementEvent":true,"recipientAccountId":"637423240666","eventCategory":"Management"},{"eventVersion":"1.09","userIdentity":{"type":"IAMUser","principalId":"AIDAZI2LCYXNLENAY2IQ3","arn":"arn:aws:iam::637423240666:user/dev","accountId":"637423240666","accessKeyId":"AKIAZI2LCYXNH4OISNEW","userName":"dev"},"eventTime":"2024-07-17T05:51:35Z","eventSource":"apigateway.amazonaws.com","eventName":"DeleteStage","awsRegion":"ap-southeast-1","sourceIPAddress":"8.29.230.19","userAgent":"APN/1.0 HashiCorp/1.0 Terraform/1.3.7 (+https://www.terraform.io) terraform-provider-aws/5.57.0 (+https://registry.terraform.io/providers/hashicorp/aws) aws-sdk-go-v2/1.30.1 os/linux lang/go#1.22.4 md/GOOS#linux md/GOARCH#amd64 api/apigatewayv2#1.22.1","requestParameters":{"stageName":"371c9248920d","apiId":"f7x7yzf9j2"},"responseElements":null,"requestID":"39661b53-a942-41f6-ab60-eefbe3218dbe","eventID":"d8f49735-665e-4738-914b-0a25503f97cf","readOnly":false,"eventType":"AwsApiCall","managementEvent":true,"recipientAccountId":"637423240666","eventCategory":"Management"},{"eventVersion":"1.08","userIdentity":{"type":"IAMUser","principalId":"AIDAZI2LCYXNLENAY2IQ3","arn":"arn:aws:iam::637423240666:user/dev","accountId":"637423240666","accessKeyId":"AKIAZI2LCYXNH4OISNEW","userName":"dev"},"eventTime":"2024-07-17T05:51:20Z","eventSource":"lambda.amazonaws.com","eventName":"ListVersionsByFunction20150331","awsRegion":"ap-southeast-1","sourceIPAddress":"8.29.230.19","userAgent":"APN/1.0 HashiCorp/1.0 Terraform/1.3.7 (+https://www.terraform.io) terraform-provider-aws/5.57.0 (+https://registry.terraform.io/providers/hashicorp/aws) m/C aws-sdk-go-v2/1.30.1 os/linux lang/go#1.22.4 md/GOOS#linux md/GOARCH#amd64 api/lambda#1.56.1","requestParameters":{"functionName":"debug-logs-compiler","maxItems":10000},"responseElements":null,"requestID":"f2950e50-6a2d-431e-bca8-f7a615498630","eventID":"42e3ba73-7301-47b8-beb7-1c6abdc68cf2","readOnly":true,"eventType":"AwsApiCall","managementEvent":true,"recipientAccountId":"637423240666","eventCategory":"Management","tlsDetails":{"tlsVersion":"TLSv1.3","cipherSuite":"TLS_AES_128_GCM_SHA256","clientProvidedHostHeader":"lambda.ap-southeast-1.amazonaws.com"}},{"eventVersion":"1.09","userIdentity":{"type":"IAMUser","principalId":"AIDAZI2LCYXNLENAY2IQ3","arn":"arn:aws:iam::637423240666:user/dev","accountId":"637423240666","accessKeyId":"AKIAZI2LCYXNH4OISNEW","userName":"dev"},"eventTime":"2024-07-17T05:51:35Z","eventSource":"apigateway.amazonaws.com","eventName":"DeleteRoute","awsRegion":"ap-southeast-1","sourceIPAddress":"8.29.230.19","userAgent":"APN/1.0 HashiCorp/1.0 Terraform/1.3.7 (+https://www.terraform.io) terraform-provider-aws/5.57.0 (+https://registry.terraform.io/providers/hashicorp/aws) aws-sdk-go-v2/1.30.1 os/linux lang/go#1.22.4 md/GOOS#linux md/GOARCH#amd64 api/apigatewayv2#1.22.1","requestParameters":{"routeId":"459xgqc","apiId":"f7x7yzf9j2"},"responseElements":null,"requestID":"d007dc38-8a49-4a64-b746-f9af30327637","eventID":"7da1457f-2d07-44c9-b496-1fe7a720e823","readOnly":false,"eventType":"AwsApiCall","managementEvent":true,"recipientAccountId":"637423240666","eventCategory":"Management"},{"eventVersion":"1.09","userIdentity":{"type":"IAMUser","principalId":"AIDAZI2LCYXNLENAY2IQ3","arn":"arn:aws:iam::637423240666:user/dev","accountId":"637423240666","accessKeyId":"AKIAZI2LCYXNH4OISNEW","userName":"dev"},"eventTime":"2024-07-17T05:51:37Z","eventSource":"apigateway.amazonaws.com","eventName":"DeleteStage","awsRegion":"ap-southeast-1","sourceIPAddress":"8.29.230.19","userAgent":"APN/1.0 HashiCorp/1.0 Terraform/1.3.7 (+https://www.terraform.io) terraform-provider-aws/5.57.0 (+https://registry.terraform.io/providers/hashicorp/aws) aws-sdk-go-v2/1.30.1 os/linux lang/go#1.22.4 md/GOOS#linux md/GOARCH#amd64 api/apigatewayv2#1.22.1","requestParameters":{"stageName":"27e53566ef","apiId":"kv0g2hke5e"},"responseElements":null,"requestID":"f555506e-a08f-4756-b1f7-c2ae7f47f02f","eventID":"2130fb9f-1a14-4649-bdf1-1827233f3b9e","readOnly":false,"eventType":"AwsApiCall","managementEvent":true,"recipientAccountId":"637423240666","eventCategory":"Management"}]}